ASSENTOS_SALA;ASSENTOS_CADEIRANTES;ASSENTOS_MOBILIDADE_REDUZIDA;ASSENTOS_OBESIDADE;ACESSO_ASSENTOS_COM_RAMPA;ACESSO_SALA_COM_RAMPA;BANHEIROS_ACESSIVEIS;NOME_COMPLEXO;MUNICIPIO_COMPLEXO;UF_COMPLEXO;NOME_EXIBIDOR
100;3;0;97;NÃO;NÃO;SIM;CINE ARAÚJO PORTO VELHO;PORTO VELHO;RO;EMPRESA CINEMATOGRÁFICA ARAÇATUBA LTDA
91;3;1;87;SIM;NÃO;SIM;CINÉPOLIS ESTAÇÃO CUIABÁ;CUIABÁ;MT;CINEPOLIS OPERADORA DE CINEMAS DO BRASIL LTDA
81;3;3;75;SIM;NÃO;SIM;CINÉPOLIS ESTAÇÃO CUIABÁ;CUIABÁ;MT;CINEPOLIS OPERADORA DE CINEMAS DO BRASIL LTDA
78;3;3;72;SIM;SIM;SIM;CINEPOLIS SALVADOR NORTE;SALVADOR;BA;CINEPOLIS OPERADORA DE CINEMAS DO BRASIL LTDA
67;3;0;64;SIM;NÃO;SIM;CINEPOLIS IGUATEMI SÃO JOSÉ DO RIO PRETO;SÃO JOSÉ DO RIO PRETO;SP;CINEPOLIS OPERADORA DE CINEMAS DO BRASIL LTDA
433;7;0;56;SIM;NÃO;SIM;CINESYSTEM LONDRINA;LONDRINA;PR;REDECINE BRA CINEMATOGRÁFICA S.A.
166;2;2;54;SIM;NÃO;SIM;CINE SHOW CADIMA;NOVA FRIBURGO;RJ;TATU FILMES LTDA
397;9;0;52;SIM;NÃO;SIM;CINESYSTEM VILA VELHA;VILA VELHA;ES;REDECINE BRA CINEMATOGRÁFICA S.A.
136;4;0;52;SIM;NÃO;SIM;CINESYSTEM VILA VELHA;VILA VELHA;ES;REDECINE BRA CINEMATOGRÁFICA S.A.
289;6;12;48;SIM;NÃO;SIM;CINESYSTEM IMPERIAL SHOPPING;IMPERATRIZ;MA;REDECINE BRA CINEMATOGRÁFICA S.A.
245;8;0;48;SIM;NÃO;SIM;CINESYSTEM RIO GRANDE;RIO GRANDE;RS;REDECINE BRA CINEMATOGRÁFICA S.A.
202;6;0;48;SIM;NÃO;SIM;CINESYSTEM VILA VELHA;VILA VELHA;ES;REDECINE BRA CINEMATOGRÁFICA S.A.
135;4;0;48;SIM;NÃO;SIM;CINESYSTEM VILA VELHA;VILA VELHA;ES;REDECINE BRA CINEMATOGRÁFICA S.A.
173;3;3;46;SIM;NÃO;SIM;CINE SHOW CADIMA;NOVA FRIBURGO;RJ;TATU FILMES LTDA
203;3;9;45;SIM;NÃO;SIM;CINE SHOW CADIMA;NOVA FRIBURGO;RJ;TATU FILMES LTDA
270;2;44;44;SIM;SIM;NÃO;CINE SHOW PETRÓPOLIS;PETRÓPOLIS;RJ;TATU FILMES LTDA
288;6;21;42;SIM;SIM;NÃO;CINE SHOW BEIRAMAR;FLORIANÓPOLIS;SC;TATU FILMES LTDA
244;6;0;42;SIM;NÃO;SIM;CINESYSTEM ARAPIRACA;ARAPIRACA;AL;REDECINE BRA CINEMATOGRÁFICA S.A.
229;6;0;42;SIM;NÃO;SIM;CINESYSTEM ARAPIRACA;ARAPIRACA;AL;REDECINE BRA CINEMATOGRÁFICA S.A.
228;6;0;42;SIM;NÃO;SIM;CINESYSTEM ARAPIRACA;ARAPIRACA;AL;REDECINE BRA CINEMATOGRÁFICA S.A.
227;4;0;40;SIM;NÃO;SIM;CINESYSTEM ARAPIRACA;ARAPIRACA;AL;REDECINE BRA CINEMATOGRÁFICA S.A.
211;2;38;38;SIM;SIM;NÃO;CINE SHOW PETRÓPOLIS;PETRÓPOLIS;RJ;TATU FILMES LTDA
132;2;35;34;SIM;SIM;NÃO;CINE SHOW PETRÓPOLIS;PETRÓPOLIS;RJ;TATU FILMES LTDA
115;2;35;34;SIM;SIM;NÃO;CINE SHOW PETRÓPOLIS;PETRÓPOLIS;RJ;TATU FILMES LTDA
233;5;5;34;SIM;NÃO;SIM;CINESYSTEM IMPERIAL SHOPPING;IMPERATRIZ;MA;REDECINE BRA CINEMATOGRÁFICA S.A.
162;6;0;32;SIM;NÃO;SIM;CINESYSTEM ARAPIRACA;ARAPIRACA;AL;REDECINE BRA CINEMATOGRÁFICA S.A.
66;3;32;31;SIM;NÃO;SIM;CINEPOLIS SHOPPING PATTEO OLINDA;OLINDA;PE;CINEPOLIS OPERADORA DE CINEMAS DO BRASIL LTDA
64;3;31;30;SIM;NÃO;SIM;CINEPOLIS SHOPPING PATTEO OLINDA;OLINDA;PE;CINEPOLIS OPERADORA DE CINEMAS DO BRASIL LTDA
167;4;15;30;SIM;SIM;NÃO;CINE SHOW BEIRAMAR;FLORIANÓPOLIS;SC;TATU FILMES LTDA
62;4;4;30;SIM;SIM;NÃO;CINE SHOW BEIRAMAR;FLORIANÓPOLIS;SC;TATU FILMES LTDA
242;2;15;26;NÃO;NÃO;SIM;CINE'N FUN;BAURU;SP;LANCHES ALAMEDA QUALITY CENTER LTDA
292;9;15;25;SIM;NÃO;SIM;CENTERPLEX MACEIÓ;MACEIÓ;AL;EMPRESA CENTERPLEX DE CINEMAS LTDA
170;4;6;24;SIM;NÃO;SIM;CINESYSTEM IMPERIAL SHOPPING;IMPERATRIZ;MA;REDECINE BRA CINEMATOGRÁFICA S.A.
170;3;6;24;SIM;NÃO;SIM;CINESYSTEM IMPERIAL SHOPPING;IMPERATRIZ;MA;REDECINE BRA CINEMATOGRÁFICA S.A.
162;3;6;24;SIM;NÃO;SIM;CINESYSTEM IMPERIAL SHOPPING;IMPERATRIZ;MA;REDECINE BRA CINEMATOGRÁFICA S.A.
393;20;10;22;SIM;NÃO;SIM;CINE TEATRO VILA RICA;OURO PRETO;MG;UNIVERSIDADE FEDERAL DE OURO PRETO
208;6;5;21;NÃO;SIM;SIM;CENTERPLEX VIA SUL SHOPPING;FORTALEZA;CE;EMPRESA DE CINEMAS FORTALEZA LTDA
208;4;5;21;SIM;SIM;SIM;CENTERPLEX VIA SUL SHOPPING;FORTALEZA;CE;EMPRESA DE CINEMAS FORTALEZA LTDA
199;4;8;20;SIM;NÃO;SIM;CINE SHOW AGULHAS NEGRAS;RESENDE;RJ;JUBARTE FILMES LTDA-ME
194;4;8;20;SIM;NÃO;SIM;CINE SHOW AGULHAS NEGRAS;RESENDE;RJ;JUBARTE FILMES LTDA-ME
243;4;4;20;SIM;NÃO;SIM;CINE SHOW VOLTA REDONDA;VOLTA REDONDA;RJ;TATU FILMES LTDA
194;3;3;20;SIM;NÃO;SIM;CINE SHOW VOLTA REDONDA;VOLTA REDONDA;RJ;TATU FILMES LTDA
142;3;3;20;SIM;NÃO;SIM;CINE SHOW VOLTA REDONDA;VOLTA REDONDA;RJ;TATU FILMES LTDA
106;2;2;20;SIM;NÃO;NÃO;CINE SHOW VOLTA REDONDA;VOLTA REDONDA;RJ;TATU FILMES LTDA
82;2;2;20;SIM;NÃO;SIM;CINE SHOW VOLTA REDONDA;VOLTA REDONDA;RJ;TATU FILMES LTDA
178;2;1;20;NÃO;SIM;NÃO;CINE SHOW CRUZEIRO;CRUZEIRO;SP;TATU FILMES LTDA
123;2;1;20;SIM;SIM;NÃO;CINE SHOW CRUZEIRO;CRUZEIRO;SP;TATU FILMES LTDA
118;2;1;20;SIM;SIM;NÃO;CINE SHOW CRUZEIRO;CRUZEIRO;SP;TATU FILMES LTDA
315;6;6;18;NÃO;NÃO;SIM;CINEART CONTAGEM;CONTAGEM;MG;DELTA FILMES LTDA
282;6;6;17;SIM;NÃO;SIM;CINEART CONTAGEM;CONTAGEM;MG;DELTA FILMES LTDA
180;12;8;16;SIM;NÃO;SIM;SERRA CINE;NOVA SERRANA;MG;SERRA CINE LTDA.
427;6;1;16;SIM;NÃO;NÃO;CINEPLUS JARDIM AMÉRICA;CURITIBA;PR;CINEPLUS PRODUÇÕES ARTISTICAS E CINEMA LTDA
245;7;15;15;SIM;NÃO;SIM;CENTERPLEX MACEIÓ;MACEIÓ;AL;EMPRESA CENTERPLEX DE CINEMAS LTDA
312;8;8;15;NÃO;SIM;SIM;CENTERPLEX VIA SUL SHOPPING;FORTALEZA;CE;EMPRESA DE CINEMAS FORTALEZA LTDA
115;2;1;15;SIM;SIM;NÃO;MOVIELAND CINEMAS;MACAPÁ;AP;J J DE M SILVA
117;2;0;15;SIM;NÃO;SIM;CINEMAS MARACANAU;MARACANAÚ;CE;EMPRESA DE CINEMAS FORTALEZA LTDA
420;8;8;14;SIM;NÃO;SIM;REDECINE TOTAL PELOTAS;PELOTAS;RS;REDECINE TOTAL CINEMATOGRÁFICA LTDA
232;4;4;14;SIM;NÃO;SIM;CINEART CONTAGEM;CONTAGEM;MG;DELTA FILMES LTDA
217;4;4;13;SIM;NÃO;SIM;CINEART CONTAGEM;CONTAGEM;MG;DELTA FILMES LTDA
214;4;4;13;SIM;NÃO;SIM;CINEART CONTAGEM;CONTAGEM;MG;DELTA FILMES LTDA
338;8;0;13;SIM;NÃO;SIM;CINESYSTEM ANANINDEUA;ANANINDEUA;PA;REDECINE BRA CINEMATOGRÁFICA S.A.
294;6;0;13;SIM;NÃO;SIM;CINEART CINE CIDADE;BELO HORIZONTE;MG;DELTA FILMES LTDA
257;6;0;13;SIM;SIM;NÃO;MULTIPLEX PRAÇA NOVA ARAÇATUBA;ARAÇATUBA;SP;MSA EMPRESA CINEMATOGRÁFICA LTDA
214;8;8;12;SIM;NÃO;SIM;CINEMAS BARRETOS;BARRETOS;SP;EMPRESA DE CINEMAS FORTALEZA LTDA
208;11;7;12;SIM;NÃO;SIM;CENTERPLEX SUZANO;SUZANO;SP;EMPRESA CENTERPLEX DE CINEMAS LTDA
212;8;6;12;SIM;NÃO;SIM;CENTERPLEX SUZANO;SUZANO;SP;EMPRESA CENTERPLEX DE CINEMAS LTDA
203;9;5;12;SIM;NÃO;SIM;CENTERPLEX MACEIÓ;MACEIÓ;AL;EMPRESA CENTERPLEX DE CINEMAS LTDA
201;4;4;12;NÃO;NÃO;SIM;CINEART CONTAGEM;CONTAGEM;MG;DELTA FILMES LTDA
113;2;7;11;NÃO;NÃO;SIM;CINEMAX XINGUARA 2;XINGUARA;PA;CINEMAX XINGUARA LTDA
211;9;6;11;SIM;NÃO;SIM;CENTERPLEX SUZANO;SUZANO;SP;EMPRESA CENTERPLEX DE CINEMAS LTDA
329;6;4;11;SIM;SIM;NÃO;CINEPLUS CITY CENTER;CAMPO LARGO;PR;VITOMAQ PRODUÇÕES ARTISTICAS E CINEMA LTDA - ME
100;10;10;10;SIM;NÃO;SIM;CINEMA ULYSSES GEREMIA;CAXIAS DO SUL;RS;MUNICIPIO DE CAXIAS DO SUL
238;6;10;10;SIM;SIM;NÃO;MULTIPLEX PARK BOTUCATU;BOTUCATU;SP;MSA EMPRESA CINEMATOGRÁFICA LTDA
220;5;10;10;NÃO;SIM;SIM;CENTERPLEX VIA SUL SHOPPING;FORTALEZA;CE;EMPRESA DE CINEMAS FORTALEZA LTDA
100;5;10;10;SIM;SIM;NÃO;BIBLIOTECA COMUNITÁRIA TAMBORIL;PIRAPORA;MG;ASSOCIACAO CLUBE LITERARIO TAMBORIL
212;4;10;10;SIM;SIM;NÃO;CINE K MARATAIZES;MARATAÍZES;ES;CINEMATOGRÁFICA MARATAÍZES LTDA
152;4;10;10;SIM;NÃO;SIM;CINESYSTEM LONDRINA;LONDRINA;PR;REDECINE BRA CINEMATOGRÁFICA S.A.
223;4;8;10;SIM;SIM;NÃO;CINE SHOW TUBARAO;TUBARÃO;SC;TATU FILMES LTDA
260;6;6;10;SIM;NÃO;SIM;CINE TEATRO SHOPPING SÃO PEDRO;SÃO PEDRO;SP;CINE TEATRO SHOPPING SÃO PEDRO LTDA-ME
156;4;6;10;SIM;NÃO;SIM;CINE RITZ PIUMA;PIÚMA;ES;CINEMATOGRÁFICA PIÚMA LTDA
435;9;5;10;SIM;NÃO;SIM;2114 CINEMARK LAR CENTER;SÃO PAULO;SP;CINEMARK BRASIL S.A
200;5;5;10;SIM;NÃO;SIM;CINE TEATRO ESMERALDA;AGUAÍ;SP;PNP SUL LTDA
764;4;4;10;SIM;SIM;NÃO;CINEMEC IGUAÇU JACAREZINHO;JACAREZINHO;PR;BENEDITO CELSO PINHEIRO DE QUADROS LTDA
199;4;4;10;SIM;SIM;NÃO;CINEFLIX - MOGI GUAÇU;MOGI GUAÇU;SP;MOVIESYSTEM CINEMATOGRAFICA LTDA
164;4;4;10;SIM;NÃO;SIM;CINEART CONTAGEM;CONTAGEM;MG;DELTA FILMES LTDA
1050;12;0;10;SIM;SIM;SIM;CINETEATRO SÃO LUIZ;FORTALEZA;CE;INSTITUTO DRAGAO DO MAR
345;6;0;10;SIM;SIM;NÃO;CINEFLIX - BRASÍLIA;BRASÍLIA;DF;MOVIESYSTEM CINEMATOGRAFICA LTDA
323;6;0;10;SIM;SIM;NÃO;CINEFLIX - BRASÍLIA;BRASÍLIA;DF;MOVIESYSTEM CINEMATOGRAFICA LTDA
161;2;0;10;SIM;NÃO;SIM;CINEMAS MARACANAU;MARACANAÚ;CE;EMPRESA DE CINEMAS FORTALEZA LTDA
149;2;0;10;SIM;NÃO;SIM;CINEMAS MARACANAU;MARACANAÚ;CE;EMPRESA DE CINEMAS FORTALEZA LTDA
441;9;9;9;SIM;NÃO;SIM;COMPLEXO CINEMATOGRÁFICO MARABA;SÃO PAULO;SP;MULTIPLEX DO BRASIL ENTRETENIMENTO LTDA
174;6;7;9;SIM;NÃO;SIM;CENTERPLEX SUZANO;SUZANO;SP;EMPRESA CENTERPLEX DE CINEMAS LTDA
210;5;6;9;SIM;NÃO;SIM;CINEART CINE CIDADE;BELO HORIZONTE;MG;DELTA FILMES LTDA
152;3;3;9;SIM;NÃO;SIM;CINEART CONTAGEM;CONTAGEM;MG;DELTA FILMES LTDA
300;6;0;9;SIM;SIM;NÃO;CINEFLIX - RIO VERDE;RIO VERDE;GO;MOVIESYSTEM CINEMATOGRAFICA LTDA
298;6;0;9;SIM;SIM;NÃO;CINEFLIX - RIO VERDE;RIO VERDE;GO;MOVIESYSTEM CINEMATOGRAFICA LTDA
127;6;0;9;SIM;SIM;SIM;CINE JARDINS;VITÓRIA;ES;CINEMATOGRÁFICA JARDINS LTDA ME
122;2;0;9;SIM;SIM;SIM;CINE JARDINS;VITÓRIA;ES;CINEMATOGRÁFICA JARDINS LTDA ME
284;7;9;8;SIM;SIM;NÃO;MULTIPLEX PARK BOTUCATU;BOTUCATU;SP;MSA EMPRESA CINEMATOGRÁFICA LTDA
392;8;8;8;SIM;SIM;NÃO;CINEFLIX - SALVADOR;SALVADOR;BA;MOVIESYSTEM CINEMATOGRAFICA LTDA
300;8;8;8;SIM;NÃO;SIM;CINE TEATRO PEPERI LTDA;SÃO MIGUEL DO OESTE;SC;CINE TEATRO PEPERI LTDA
283;6;8;8;NÃO;NÃO;SIM;CINESYSTEM SHOPPING CIDADE;CURITIBA;PR;REDECINE BRA CINEMATOGRÁFICA S.A.
302;4;8;8;NÃO;NÃO;SIM;CINESYSTEM SHOPPING VENTURA;CURITIBA;PR;REDECINE BRA CINEMATOGRÁFICA S.A.
239;4;8;8;SIM;NÃO;SIM;CINE SHOW TRÊS RIOS;TRÊS RIOS;RJ;TATU FILMES LTDA
227;4;8;8;SIM;NÃO;SIM;CINEMAS BARRETOS;BARRETOS;SP;EMPRESA DE CINEMAS FORTALEZA LTDA
214;4;8;8;SIM;NÃO;SIM;CINEMAS BARRETOS;BARRETOS;SP;EMPRESA DE CINEMAS FORTALEZA LTDA
212;4;8;8;SIM;NÃO;SIM;CINE TEATRO VILA RICA;PRIMAVERA DO LESTE;MT;MAURICIO JOSE NICOLINO & CIA LTDA
155;4;8;8;SIM;SIM;NÃO;CINE K MARATAIZES;MARATAÍZES;ES;CINEMATOGRÁFICA MARATAÍZES LTDA
346;7;7;8;SIM;SIM;NÃO;CINEFLIX NATAL;NATAL;RN;MOVIESYSTEM CINEMATOGRAFICA LTDA
638;6;6;8;SIM;SIM;NÃO;CINE TEATRO DO PARQUE;RECIFE;PE;FUNDAÇÃO DE CULTURA CIDADE DO RECIFE
242;6;6;8;SIM;SIM;NÃO;MULTIPLEX PARK BOTUCATU;BOTUCATU;SP;MSA EMPRESA CINEMATOGRÁFICA LTDA
224;6;6;8;SIM;NÃO;SIM;REDECINE TOTAL PELOTAS;PELOTAS;RS;REDECINE TOTAL CINEMATOGRÁFICA LTDA
383;8;4;8;SIM;NÃO;SIM;2120 CINEMARK MOGI DAS CRUZES;MOGI DAS CRUZES;SP;CINEMARK BRASIL S.A
372;8;4;8;SIM;NÃO;SIM;2117 CINEMARK VILA VELHA;VILA VELHA;ES;CINEMARK BRASIL S.A
353;8;4;8;SIM;NÃO;SIM;2120 CINEMARK MOGI DAS CRUZES;MOGI DAS CRUZES;SP;CINEMARK BRASIL S.A
305;6;4;8;SIM;NÃO;SIM;2117 CINEMARK VILA VELHA;VILA VELHA;ES;CINEMARK BRASIL S.A
173;6;4;8;SIM;NÃO;SIM;CENTERPLEX MACEIÓ;MACEIÓ;AL;EMPRESA CENTERPLEX DE CINEMAS LTDA
150;4;4;8;SIM;SIM;SIM;JOSUÉ´S CINE HOTEL FAZENDA SOBRADINHO;CÓRREGO FUNDO;MG;JOSUÉ´S CINE HOTEL FAZENDA SOBRADINHO LTDA-ME
360;4;1;8;NÃO;NÃO;SIM;CINEPLUS XAXIM;CURITIBA;PR;VITOMAQ PRODUÇÕES ARTISTICAS E CINEMA LTDA - ME
202;4;1;8;NÃO;NÃO;SIM;CINEPLUS CASTRO;CASTRO;PR;ESTILO PRODUÇÕES ARTISTICAS LTDA
101;3;1;8;NÃO;NÃO;SIM;CINEPLUS CASTRO;CASTRO;PR;ESTILO PRODUÇÕES ARTISTICAS LTDA
361;8;0;8;SIM;NÃO;SIM;CINESYSTEM ARAPIRACA;ARAPIRACA;AL;REDECINE BRA CINEMATOGRÁFICA S.A.
242;5;0;8;SIM;SIM;NÃO;CINEFLIX - BRASÍLIA;BRASÍLIA;DF;MOVIESYSTEM CINEMATOGRAFICA LTDA
429;7;10;7;SIM;NÃO;SIM;REDECINE HORTOLANDIA;HORTOLÂNDIA;SP;REDECINE BRA CINEMATOGRÁFICA S.A.
337;7;7;7;SIM;SIM;NÃO;CINEFLIX NATAL;NATAL;RN;MOVIESYSTEM CINEMATOGRAFICA LTDA
157;3;2;7;SIM;SIM;NÃO;CINEPLUS CITY CENTER;CAMPO LARGO;PR;VITOMAQ PRODUÇÕES ARTISTICAS E CINEMA LTDA - ME
120;2;2;7;NÃO;NÃO;SIM;CINEPLUS FAZENDA;FAZENDA RIO GRANDE;PR;CINELUZ CINEMA LTDA
107;2;0;7;SIM;NÃO;SIM;SALADEARTE CINEMA DA UFBA;SALVADOR;BA;CINEMA E ARTE PRODUÇÕES LTDA
289;6;15;6;SIM;NÃO;SIM;REDECINE HORTOLANDIA;HORTOLÂNDIA;SP;REDECINE BRA CINEMATOGRÁFICA S.A.
327;6;9;6;SIM;NÃO;SIM;REDECINE HORTOLANDIA;HORTOLÂNDIA;SP;REDECINE BRA CINEMATOGRÁFICA S.A.
225;6;9;6;SIM;NÃO;SIM;REDECINE HORTOLANDIA;HORTOLÂNDIA;SP;REDECINE BRA CINEMATOGRÁFICA S.A.
413;8;8;6;SIM;NÃO;SIM;GNC PRAIA DE BELAS;PORTO ALEGRE;RS;PRAIA DE BELAS EMPREENDIMENTOS CINEMATOGRÁFICOS LTDA
389;8;8;6;SIM;NÃO;NÃO;CINEMAS CARUARU;CARUARU;PE;EMPRESA DE CINEMAS FORTALEZA LTDA
129;2;8;6;SIM;SIM;NÃO;GRUPOCINE SUMARÉ;SUMARÉ;SP;EMPRESA CINEMATOGRAFICA BOMBOCINE LTDA
225;87;7;6;NÃO;NÃO;SIM;CENTERPLEX MACEIÓ;MACEIÓ;AL;EMPRESA CENTERPLEX DE CINEMAS LTDA
550;11;6;6;SIM;NÃO;SIM;EMPRESA CINEMATOGRÁFICA LARGO DO AROUCHE;SÃO PAULO;SP;EMPRESA CINEMATOGRAFICA FORMOSA LTDA
300;10;6;6;SIM;SIM;NÃO;COMPLEXO PARQUE DE APIPUCOS;RECIFE;PE;VIVA COPAN ENTRETENIMENTO E ADMINISTRACAO LTDA.
600;6;6;6;SIM;NÃO;SIM;CINE DOM JOSÉ;SÃO PAULO;SP;F. J. CINES LTDA
272;6;6;6;SIM;SIM;NÃO;CINEFLIX - CIDADE;MARINGÁ;PR;MOVIESYSTEM CINEMATOGRAFICA LTDA
265;6;6;6;SIM;SIM;NÃO;CINEFLIX CUIABÁ;CUIABÁ;MT;MOVIESYSTEM CINEMATOGRAFICA LTDA
258;6;6;6;SIM;NÃO;SIM;GNC PRAIA DE BELAS;PORTO ALEGRE;RS;PRAIA DE BELAS EMPREENDIMENTOS CINEMATOGRÁFICOS LTDA
160;6;6;6;SIM;SIM;NÃO;CINE LASER PONTA GROSSA;PONTA GROSSA;PR;CINE LASER CINEMAS PONTA GROSSA LTDA
157;6;6;6;SIM;SIM;NÃO;CINE LASER PONTA GROSSA;PONTA GROSSA;PR;CINE LASER CINEMAS PONTA GROSSA LTDA
120;6;6;6;SIM;SIM;NÃO;CINE LASER VILHENA JARDINS;VILHENA;RO;CINE LASER CINEMAS LTDA
119;6;6;6;SIM;SIM;NÃO;CINE LASER VILHENA JARDINS;VILHENA;RO;CINE LASER CINEMAS LTDA
100;6;6;6;SIM;SIM;NÃO;CINE LASER PONTA GROSSA;PONTA GROSSA;PR;CINE LASER CINEMAS PONTA GROSSA LTDA
92;6;6;6;SIM;SIM;NÃO;CINE LASER PONTA GROSSA;PONTA GROSSA;PR;CINE LASER CINEMAS PONTA GROSSA LTDA
223;4;6;6;NÃO;NÃO;SIM;CINESYSTEM SHOPPING VENTURA;CURITIBA;PR;REDECINE BRA CINEMATOGRÁFICA S.A.
194;2;6;6;SIM;SIM;NÃO;CULT CINEMAS SANTIAGO;SANTIAGO;RS;CULT CINEMAS SANTIAGO
216;5;5;6;SIM;SIM;NÃO;CINEFLIX NATAL;NATAL;RN;MOVIESYSTEM CINEMATOGRAFICA LTDA
497;10;4;6;SIM;NÃO;SIM;UCI ORIENT SHOPPING CENTER BARRA;SALVADOR;BA;UCI-ORIENT LTDA
207;4;4;6;SIM;SIM;NÃO;CINEFLIX - MOGI GUAÇU;MOGI GUAÇU;SP;MOVIESYSTEM CINEMATOGRAFICA LTDA
171;4;4;6;SIM;NÃO;SIM;REDECINE TOTAL PELOTAS;PELOTAS;RS;REDECINE TOTAL CINEMATOGRÁFICA LTDA
298;6;3;6;SIM;NÃO;NÃO;2110 CINEMARK TIETÊ PLAZA;SÃO PAULO;SP;CINEMARK BRASIL S.A
292;6;3;6;SIM;NÃO;SIM;2130 CINEMARK CAMAÇARI;CAMAÇARI;BA;CINEMARK BRASIL S.A
283;6;3;6;SIM;NÃO;SIM;2110 CINEMARK TIETÊ PLAZA;SÃO PAULO;SP;CINEMARK BRASIL S.A
273;6;3;6;SIM;NÃO;SIM;2117 CINEMARK VILA VELHA;VILA VELHA;ES;CINEMARK BRASIL S.A
218;5;3;6;SIM;NÃO;SIM;2119 CINEMARK CIDADE SÃO PAULO;SÃO PAULO;SP;CINEMARK BRASIL S.A
339;3;3;6;SIM;SIM;NÃO;CINE TETRO LEON;CONGONHAS;MG;FUNDACAO MUNICIPAL DE CULTURA, LAZER E TURISMO - FUMCULT
189;3;3;6;SIM;NÃO;SIM;CINE AVENIDA;LEME;SP;NOEL LAZARO TAUFIC - CINEMA - ME
248;2;3;6;SIM;NÃO;SIM;2126 CINEMARK SÃO JOSÉ DOS PINHAIS;SÃO JOSÉ DOS PINHAIS;PR;CINEMARK BRASIL S.A
247;2;3;6;SIM;NÃO;SIM;2126 CINEMARK SÃO JOSÉ DOS PINHAIS;SÃO JOSÉ DOS PINHAIS;PR;CINEMARK BRASIL S.A
195;2;3;6;SIM;NÃO;SIM;2126 CINEMARK SÃO JOSÉ DOS PINHAIS;SÃO JOSÉ DOS PINHAIS;PR;CINEMARK BRASIL S.A
231;5;2;6;SIM;NÃO;SIM;2129 CINEMARK FOZ DO IGUAÇU;FOZ DO IGUAÇU;PR;CINEMARK BRASIL S.A
216;5;2;6;SIM;NÃO;SIM;2122 CINEMARK VARGINHA;VARGINHA;MG;CINEMARK BRASIL S.A
320;6;1;6;NÃO;NÃO;SIM;REDECINE - RIO BANGU;RIO DE JANEIRO;RJ;REDECINE - RIO CINEMATOGRAFICA S.A.
239;6;1;6;SIM;NÃO;SIM;REDECINE - RIO IRAJÁ;RIO DE JANEIRO;RJ;REDECINE - RIO CINEMATOGRAFICA S.A.
134;4;1;6;SIM;NÃO;NÃO;CINEPLUS JARDIM AMÉRICA;CURITIBA;PR;CINEPLUS PRODUÇÕES ARTISTICAS E CINEMA LTDA
204;1;1;6;SIM;NÃO;SIM;CINE PLAZA;ITUMBIARA;GO;CENTER PLAZA LTDA
387;8;0;6;NÃO;NÃO;SIM;ARAUJO MULTIPLEX PARQUE DAS BANDEIRAS SHOPPING;CAMPINAS;SP;MSA EMPRESA CINEMATOGRÁFICA LTDA
384;8;0;6;NÃO;NÃO;SIM;ARAUJO MULTIPLEX PARQUE DAS BANDEIRAS SHOPPING;CAMPINAS;SP;MSA EMPRESA CINEMATOGRÁFICA LTDA
357;7;0;6;SIM;NÃO;SIM;MARINGA CATUAI;MARINGÁ;PR;MSA EMPRESA CINEMATOGRÁFICA LTDA
375;6;0;6;SIM;NÃO;SIM;MARINGA CATUAI;MARINGÁ;PR;MSA EMPRESA CINEMATOGRÁFICA LTDA
217;6;0;6;SIM;NÃO;SIM;CINESYSTEM LONDRINA;LONDRINA;PR;REDECINE BRA CINEMATOGRÁFICA S.A.
211;5;0;6;NÃO;NÃO;SIM;ARAUJO MULTIPLEX PARQUE DAS BANDEIRAS SHOPPING;CAMPINAS;SP;MSA EMPRESA CINEMATOGRÁFICA LTDA
208;5;0;6;NÃO;NÃO;SIM;ARAUJO MULTIPLEX PARQUE DAS BANDEIRAS SHOPPING;CAMPINAS;SP;MSA EMPRESA CINEMATOGRÁFICA LTDA
167;4;0;6;SIM;SIM;NÃO;MULTIPLEX PRAÇA NOVA ARAÇATUBA;ARAÇATUBA;SP;MSA EMPRESA CINEMATOGRÁFICA LTDA
255;2;0;6;SIM;NÃO;SIM;CINE A ITAJUBA;ITAJUBÁ;MG;CINE A LTDA
150;20;20;5;SIM;SIM;NÃO;CINE PLAZA;SÃO PAULO;SP;EMPRESA CINEMATOGRAFICA FORMOSA LTDA
619;6;10;5;SIM;SIM;SIM;CINE BRASÍLIA;BRASÍLIA;DF;SECRETARIA DE ESTADO DE CULTURA DO DISTRITO FEDERAL
416;5;9;5;SIM;NÃO;SIM;KINOPLEX NOVA IGUAÇU;NOVA IGUAÇU;RJ;EMPRESA CINEMAS SÃO LUIZ S/A
243;5;9;5;SIM;NÃO;SIM;KINOPLEX NOVA IGUAÇU;NOVA IGUAÇU;RJ;EMPRESA CINEMAS SÃO LUIZ S/A
150;7;7;5;SIM;SIM;NÃO;PATROCINE MONTE;MONTE CARMELO;MG;PATROCINEMA LTDA
249;5;6;5;SIM;SIM;NÃO;CINEFLIX - MOGI GUAÇU;MOGI GUAÇU;SP;MOVIESYSTEM CINEMATOGRAFICA LTDA
432;10;5;5;SIM;NÃO;SIM;705 CINEMARK CENTRAL PLAZA;SÃO PAULO;SP;CINEMARK BRASIL S.A
468;9;5;5;SIM;NÃO;SIM;CINEPOLIS SHOPPING MOXUARA;CARIACICA;ES;CINEPOLIS OPERADORA DE CINEMAS DO BRASIL LTDA
465;9;5;5;SIM;NÃO;SIM;CINÉPOLIS MANGABEIRA;JOÃO PESSOA;PB;CINEPOLIS OPERADORA DE CINEMAS DO BRASIL LTDA
438;9;5;5;SIM;NÃO;SIM;UCI RIBEIRO RECIFE DELUX PE;RECIFE;PE;UCI RIBEIRO LTDA
406;9;5;5;SIM;NÃO;SIM;UCI BRASIL SHOPPING PARANGABA CE;FORTALEZA;CE;UNITED CINEMAS INTERNATIONAL BRASIL LTDA.
398;9;5;5;SIM;NÃO;SIM;KINOPLEX IGUAÇU TOP;NOVA IGUAÇU;RJ;EMPRESA CINEMAS SÃO LUIZ S/A
486;8;5;5;SIM;NÃO;SIM;2107 CINEMARK RIOMAR RECIFE;RECIFE;PE;CINEMARK BRASIL S.A
402;8;5;5;SIM;NÃO;SIM;2100 CINEMARK PARK SHOPPING SÃO CAETANO;SÃO CAETANO DO SUL;SP;CINEMARK BRASIL S.A
437;7;5;5;SIM;NÃO;SIM;700 CINEMARK BARIGUI;CURITIBA;PR;CINEMARK BRASIL S.A
410;7;5;5;SIM;NÃO;SIM;759 CINEMARK GUARULHOS;GUARULHOS;SP;CINEMARK BRASIL S.A
450;5;5;5;SIM;NÃO;SIM;720 CINEMARK PIER 21;BRASÍLIA;DF;CINEMARK BRASIL S.A
281;5;5;5;SIM;SIM;NÃO;CINEFLIX - SALVADOR;SALVADOR;BA;MOVIESYSTEM CINEMATOGRAFICA LTDA
250;5;5;5;NÃO;NÃO;SIM;CINEART PARQUE BARBACENA SHOPPING;BARBACENA;MG;DELTA FILMES LTDA
243;5;5;5;NÃO;NÃO;SIM;CINEART PARQUE BARBACENA SHOPPING;BARBACENA;MG;DELTA FILMES LTDA
201;5;5;5;SIM;SIM;NÃO;CINEFLIX - CURITIBA;CURITIBA;PR;MOVIESYSTEM CINEMATOGRAFICA LTDA
194;5;5;5;SIM;NÃO;NÃO;CINEMAS CARUARU;CARUARU;PE;EMPRESA DE CINEMAS FORTALEZA LTDA
151;5;5;5;SIM;SIM;NÃO;CINEFLIX - SALVADOR;SALVADOR;BA;MOVIESYSTEM CINEMATOGRAFICA LTDA
150;5;5;5;SIM;SIM;NÃO;PATROCINE MONTE;MONTE CARMELO;MG;PATROCINEMA LTDA
198;4;5;5;NÃO;NÃO;SIM;CINESYSTEM SHOPPING CIDADE;CURITIBA;PR;REDECINE BRA CINEMATOGRÁFICA S.A.
228;3;5;5;NÃO;SIM;NÃO;CINEX ARAGUAÍNA;ARAGUAÍNA;TO;NEO ENTRETENIMENTOS EMPRESARIAIS LTDA
100;1;5;5;SIM;SIM;NÃO;CINE CAXAMBU;CAXAMBU;MG;CINE CAXAMBU LTDA
454;9;4;5;SIM;NÃO;SIM;KINOPLEX OSASCO;OSASCO;SP;EMPRESA CINEMAS SÃO LUIZ S/A
292;8;4;5;SIM;NÃO;NÃO;CINEMAS CARUARU;CARUARU;PE;EMPRESA DE CINEMAS FORTALEZA LTDA
178;5;4;5;SIM;NÃO;SIM;ARCOPLEXCINEMAS GRAVATAI;GRAVATAÍ;RS;EMPRESA DE CINEMAS ARCOPLEX S.A
132;5;4;5;SIM;NÃO;SIM;ARCOPLEXCINEMAS GRAVATAI;GRAVATAÍ;RS;EMPRESA DE CINEMAS ARCOPLEX S.A
131;5;4;5;SIM;NÃO;SIM;ARCOPLEXCINEMAS GRAVATAI;GRAVATAÍ;RS;EMPRESA DE CINEMAS ARCOPLEX S.A
100;5;4;5;SIM;NÃO;SIM;ARCOPLEXCINEMAS GRAVATAI;GRAVATAÍ;RS;EMPRESA DE CINEMAS ARCOPLEX S.A
228;4;4;5;SIM;NÃO;SIM;GNC MUELLER;JOINVILLE;SC;PRAIA DE BELAS EMPREENDIMENTOS CINEMATOGRÁFICOS LTDA
216;5;2;5;SIM;NÃO;SIM;2122 CINEMARK VARGINHA;VARGINHA;MG;CINEMARK BRASIL S.A
230;4;2;5;SIM;NÃO;SIM;KINOPLEX MADUREIRA;RIO DE JANEIRO;RJ;EMPRESA CINEMAS SÃO LUIZ S/A
229;2;2;5;SIM;NÃO;SIM;KINOPLEX MADUREIRA;RIO DE JANEIRO;RJ;EMPRESA CINEMAS SÃO LUIZ S/A
515;10;1;5;SIM;NÃO;SIM;KINOPLEX MACEIÓ;MACEIÓ;AL;EMPRESA CINEMAS SÃO LUIZ S/A
224;5;1;5;SIM;NÃO;SIM;CINEART CINE BOULEVARD SHOPPING;BELO HORIZONTE;MG;DELTA FILMES LTDA
220;5;1;5;SIM;NÃO;SIM;CINEART CINE VIA SHOPPING BARREIRO;BELO HORIZONTE;MG;DELTA FILMES LTDA
355;7;0;5;SIM;NÃO;SIM;MARINGA CATUAI;MARINGÁ;PR;MSA EMPRESA CINEMATOGRÁFICA LTDA
310;6;0;5;SIM;NÃO;SIM;GNC CAXIAS DO SUL;CAXIAS DO SUL;RS;PRAIA DE BELAS EMPREENDIMENTOS CINEMATOGRÁFICOS LTDA
242;5;0;5;SIM;NÃO;SIM;ESPAÇO ITAÚ DE CINEMA AUGUSTA;SÃO PAULO;SP;CINEMA ARTEPLEX LTDA.
342;4;0;5;NÃO;NÃO;SIM;2135 CINEMARK PORTO ALEGRE BOURBON NOVO SHOPPING WALLIG;PORTO ALEGRE;RS;CINEMARK BRASIL S.A
245;4;0;5;NÃO;NÃO;SIM;2135 CINEMARK PORTO ALEGRE BOURBON NOVO SHOPPING WALLIG;PORTO ALEGRE;RS;CINEMARK BRASIL S.A
231;4;0;5;NÃO;NÃO;SIM;2135 CINEMARK PORTO ALEGRE BOURBON NOVO SHOPPING WALLIG;PORTO ALEGRE;RS;CINEMARK BRASIL S.A
218;4;0;5;NÃO;NÃO;SIM;2135 CINEMARK PORTO ALEGRE BOURBON NOVO SHOPPING WALLIG;PORTO ALEGRE;RS;CINEMARK BRASIL S.A
217;4;0;5;NÃO;NÃO;SIM;2135 CINEMARK PORTO ALEGRE BOURBON NOVO SHOPPING WALLIG;PORTO ALEGRE;RS;CINEMARK BRASIL S.A
160;4;0;5;SIM;NÃO;SIM;GRUPOCINE VÁRZEA PAULISTA;VÁRZEA PAULISTA;SP;EMPRESA CINEMATOGRAFICA BOMBOCINE LTDA
159;4;0;5;NÃO;NÃO;SIM;2135 CINEMARK PORTO ALEGRE BOURBON NOVO SHOPPING WALLIG;PORTO ALEGRE;RS;CINEMARK BRASIL S.A
438;3;0;5;SIM;NÃO;SIM;CEU PARQUE VEREDAS - JOÃO ANTÔNIO SILVA;SÃO PAULO;SP;EMPRESA DE CINEMA E AUDIOVISUAL DE SÃO PAULO S.A.
158;3;0;5;NÃO;NÃO;NÃO;CINEART CINE VIA SHOPPING BARREIRO;BELO HORIZONTE;MG;DELTA FILMES LTDA
136;3;0;5;SIM;SIM;NÃO;CINEFLIX - RIO VERDE;RIO VERDE;GO;MOVIESYSTEM CINEMATOGRAFICA LTDA
440;2;0;5;SIM;SIM;SIM;CEU SÃO RAFAEL;SÃO PAULO;SP;EMPRESA DE CINEMA E AUDIOVISUAL DE SÃO PAULO S.A.
433;2;0;5;SIM;NÃO;SIM;CEU ARICANDUVA - PROFESSORA IRENE GALVÃO DE SOUZA;SÃO PAULO;SP;EMPRESA DE CINEMA E AUDIOVISUAL DE SÃO PAULO S.A.
406;2;0;5;SIM;NÃO;SIM;CEU PAZ;SÃO PAULO;SP;EMPRESA DE CINEMA E AUDIOVISUAL DE SÃO PAULO S.A.
145;2;0;5;NÃO;NÃO;SIM;CINE GLORIA SHOPPING;SÃO JOÃO DEL REI;MG;LOMBARDI E RESENDE CINEMAS LTDA ME
540;10;10;4;SIM;SIM;NÃO;CINE PIRACAIA;ASSIS;SP;MUNICÍPIO DE ASSIS
200;3;10;4;SIM;NÃO;SIM;CINE SHOW TRÊS RIOS;TRÊS RIOS;RJ;TATU FILMES LTDA
170;3;10;4;SIM;NÃO;SIM;CINE SHOW TRÊS RIOS;TRÊS RIOS;RJ;TATU FILMES LTDA
102;3;10;4;SIM;SIM;NÃO;MULTIPLEX PARK BOTUCATU;BOTUCATU;SP;MSA EMPRESA CINEMATOGRÁFICA LTDA
101;3;10;4;SIM;SIM;NÃO;MULTIPLEX PARK BOTUCATU;BOTUCATU;SP;MSA EMPRESA CINEMATOGRÁFICA LTDA
377;8;8;4;SIM;NÃO;SIM;UCI BRASIL - NEW YORK;RIO DE JANEIRO;RJ;UNITED CINEMAS INTERNATIONAL BRASIL LTDA.
223;4;8;4;SIM;SIM;NÃO;CINE SHOW TUBARAO;TUBARÃO;SC;TATU FILMES LTDA
156;4;8;4;SIM;SIM;NÃO;CINE SHOW TUBARAO;TUBARÃO;SC;TATU FILMES LTDA
155;4;8;4;SIM;SIM;NÃO;CINE SHOW TUBARAO;TUBARÃO;SC;TATU FILMES LTDA
348;9;7;4;SIM;NÃO;SIM;UCI BRASIL - NEW YORK;RIO DE JANEIRO;RJ;UNITED CINEMAS INTERNATIONAL BRASIL LTDA.
328;4;7;4;SIM;NÃO;SIM;KINOPLEX NOVA IGUAÇU;NOVA IGUAÇU;RJ;EMPRESA CINEMAS SÃO LUIZ S/A
306;4;7;4;SIM;NÃO;SIM;KINOPLEX NOVA IGUAÇU;NOVA IGUAÇU;RJ;EMPRESA CINEMAS SÃO LUIZ S/A
499;10;6;4;SIM;NÃO;SIM;UCI ORIENT SHOPPING CENTER BARRA;SALVADOR;BA;UCI-ORIENT LTDA
210;4;6;4;SIM;NÃO;SIM;SHARKCINE PIRAQUARA;PIRAQUARA;PR;SHARKCINE LTDA
127;4;6;4;SIM;NÃO;SIM;CINE MARQUISE ULTRAVISÃO;POÇOS DE CALDAS;MG;ULTRAVISÃO CINEMAS E ENTRETENIMENTO LTDA.
59;2;6;4;SIM;SIM;NÃO;GRUPOCINE SUMARÉ;SUMARÉ;SP;EMPRESA CINEMATOGRAFICA BOMBOCINE LTDA
412;9;5;4;SIM;NÃO;SIM;UCI RIBEIRO - SHOPPING CENTER IGUATEMI FORTALEZA;FORTALEZA;CE;UCI RIBEIRO LTDA
172;6;5;4;NÃO;NÃO;SIM;CINE XV GUARAPUAVA;GUARAPUAVA;PR;CINE QUINZE CINEMAS LTDA
214;5;5;4;SIM;SIM;NÃO;CINEFLIX CUIABÁ;CUIABÁ;MT;MOVIESYSTEM CINEMATOGRAFICA LTDA
418;4;5;4;SIM;NÃO;SIM;UCI RIBEIRO - NORTE SHOPPING;RIO DE JANEIRO;RJ;UCI RIBEIRO LTDA
399;13;4;4;SIM;NÃO;SIM;705 CINEMARK CENTRAL PLAZA;SÃO PAULO;SP;CINEMARK BRASIL S.A
332;11;4;4;SIM;NÃO;SIM;715 CINEMARK ELDORADO;SÃO PAULO;SP;CINEMARK BRASIL S.A
220;10;4;4;SIM;NÃO;SIM;CINE SÃO JOSÉ;AFOGADOS DA INGAZEIRA;PE;FUNDAÇÃO CULTURAL SENHOR BOM JESUS DOS REMEDIOS
454;9;4;4;SIM;NÃO;SIM;CINEPOLIS IGUATEMI SÃO JOSÉ DO RIO PRETO;SÃO JOSÉ DO RIO PRETO;SP;CINEPOLIS OPERADORA DE CINEMAS DO BRASIL LTDA
449;9;4;4;SIM;NÃO;SIM;CINÉPOLIS RIOMAR;FORTALEZA;CE;CINEPOLIS OPERADORA DE CINEMAS DO BRASIL LTDA
426;9;4;4;SIM;NÃO;SIM;CINÉPOLIS RIOMAR KENNEDY;FORTALEZA;CE;CINEPOLIS OPERADORA DE CINEMAS DO BRASIL LTDA
449;8;4;4;SIM;NÃO;NÃO;CINEPOLIS PARQUE BELÉM;BELÉM;PA;CINEPOLIS OPERADORA DE CINEMAS DO BRASIL LTDA
443;8;4;4;SIM;NÃO;SIM;CINÉPOLIS PARQUE MAIA;GUARULHOS;SP;CINEPOLIS OPERADORA DE CINEMAS DO BRASIL LTDA
425;8;4;4;SIM;NÃO;SIM;CINÉPOLIS JOCKEY PLAZA SHOPPING;CURITIBA;PR;CINEPOLIS OPERADORA DE CINEMAS DO BRASIL LTDA
418;8;4;4;NÃO;NÃO;SIM;CINE GACEMSS;VOLTA REDONDA;RJ;GREMIO ARTISTICO E CULTURAL EDMUNDO DE MACEDO SOARES E SILVA
408;8;4;4;SIM;NÃO;SIM;CINEPOLIS JARDIM ORIENTE;SÃO JOSÉ DOS CAMPOS;SP;CINEPOLIS OPERADORA DE CINEMAS DO BRASIL LTDA
403;8;4;4;NÃO;NÃO;SIM;CINÉPOLIS BAURU;BAURU;SP;CINEPOLIS OPERADORA DE CINEMAS DO BRASIL LTDA
401;8;4;4;SIM;NÃO;SIM;UCI BRASIL - ANALIA FRANCO;SÃO PAULO;SP;UNITED CINEMAS INTERNATIONAL BRASIL LTDA.
400;8;4;4;SIM;NÃO;SIM;CINÉPOLIS NORTH SHOPPING JÓQUEI;FORTALEZA;CE;CINEPOLIS OPERADORA DE CINEMAS DO BRASIL LTDA
400;8;4;4;SIM;NÃO;SIM;CINÉPOLIS JUNDIAI SHOPPING;JUNDIAÍ;SP;CINEPOLIS OPERADORA DE CINEMAS DO BRASIL LTDA
399;8;4;4;SIM;NÃO;SIM;CINÉPOLIS PARQUE MAIA;GUARULHOS;SP;CINEPOLIS OPERADORA DE CINEMAS DO BRASIL LTDA
397;8;4;4;SIM;SIM;NÃO;UCI MANAUARA;MANAUS;AM;UNITED CINEMAS INTERNATIONAL BRASIL LTDA.
385;8;4;4;SIM;NÃO;SIM;CINEPOLIS SHOPPING MOXUARA;CARIACICA;ES;CINEPOLIS OPERADORA DE CINEMAS DO BRASIL LTDA
384;8;4;4;SIM;NÃO;SIM;CINÉPOLIS IGUATEMI ESPLANADA;VOTORANTIM;SP;CINEPOLIS OPERADORA DE CINEMAS DO BRASIL LTDA
382;8;4;4;SIM;NÃO;SIM;UCI BRASIL - ANALIA FRANCO;SÃO PAULO;SP;UNITED CINEMAS INTERNATIONAL BRASIL LTDA.
380;8;4;4;SIM;NÃO;SIM;CINÉPOLIS PONTE NEGRA - MANAUS;MANAUS;AM;CINEPOLIS OPERADORA DE CINEMAS DO BRASIL LTDA
380;8;4;4;SIM;SIM;NÃO;UCI ORIENT DELUX SHOPPING DA BAHIA;SALVADOR;BA;UCI-ORIENT LTDA
378;8;4;4;NÃO;NÃO;SIM;UCI RIBEIRO - SHOPPING CENTER RECIFE;RECIFE;PE;UCI RIBEIRO LTDA
377;8;4;4;NÃO;NÃO;SIM;CINÉPOLIS CARAPICUIBA;CARAPICUÍBA;SP;CINEPOLIS OPERADORA DE CINEMAS DO BRASIL LTDA
376;8;4;4;SIM;NÃO;SIM;716 CINEMARK ARICANDUVA;SÃO PAULO;SP;CINEMARK BRASIL S.A
375;8;4;4;NÃO;NÃO;SIM;UCI RIBEIRO - SHOPPING CENTER RECIFE;RECIFE;PE;UCI RIBEIRO LTDA
370;8;4;4;SIM;NÃO;SIM;2100 CINEMARK PARK SHOPPING SÃO CAETANO;SÃO CAETANO DO SUL;SP;CINEMARK BRASIL S.A
313;8;4;4;SIM;NÃO;SIM;UCI PARK SHOPPING CANOAS;CANOAS;RS;UNITED CINEMAS INTERNATIONAL BRASIL LTDA.
243;8;4;4;SIM;NÃO;SIM;684 CINEMARK SANTA CRUZ.;SÃO PAULO;SP;CINEMARK BRASIL S.A
209;8;4;4;SIM;NÃO;SIM;706 CINEMARK ARACAJU;ARACAJU;SE;CINEMARK BRASIL S.A
464;7;4;4;SIM;NÃO;SIM;CINÉPOLIS SÃO BERNARDO;SÃO BERNARDO DO CAMPO;SP;CINEPOLIS OPERADORA DE CINEMAS DO BRASIL LTDA
389;7;4;4;SIM;NÃO;SIM;CINEPOLIS PARQUE BARUERI VIP;BARUERI;SP;CINEPOLIS OPERADORA DE CINEMAS DO BRASIL LTDA
378;7;4;4;SIM;NÃO;SIM;CINÉPOLIS ESTAÇÃO CUIABÁ;CUIABÁ;MT;CINEPOLIS OPERADORA DE CINEMAS DO BRASIL LTDA
376;7;4;4;SIM;NÃO;SIM;CINÉPOLIS AMAPÁ GARDEN SHOPING;MACAPÁ;AP;CINEPOLIS OPERADORA DE CINEMAS DO BRASIL LTDA
376;7;4;4;SIM;NÃO;SIM;704 CINEMARK BARRA SUL;PORTO ALEGRE;RS;CINEMARK BRASIL S.A
373;7;4;4;SIM;NÃO;SIM;690 CINEMARK BOULEVARD TATUAPÉ;SÃO PAULO;SP;CINEMARK BRASIL S.A
372;7;4;4;SIM;NÃO;SIM;CINÉPOLIS SHOPPING CERRADO;GOIÂNIA;GO;CINEPOLIS OPERADORA DE CINEMAS DO BRASIL LTDA
362;7;4;4;SIM;NÃO;SIM;757 CINEMARK UNIÃO OSASCO;OSASCO;SP;CINEMARK BRASIL S.A
359;7;4;4;SIM;NÃO;SIM;CINEPOLIS SHOPPING PATTEO OLINDA;OLINDA;PE;CINEPOLIS OPERADORA DE CINEMAS DO BRASIL LTDA
356;7;4;4;SIM;NÃO;SIM;697 CINEMARK SAVASSI.;BELO HORIZONTE;MG;CINEMARK BRASIL S.A
356;7;4;4;SIM;NÃO;SIM;757 CINEMARK UNIÃO OSASCO;OSASCO;SP;CINEMARK BRASIL S.A
356;7;4;4;SIM;NÃO;SIM;CINEPOLIS CONTINENTE PARK;SÃO JOSÉ;SC;CINEPOLIS OPERADORA DE CINEMAS DO BRASIL LTDA
355;7;4;4;SIM;NÃO;SIM;CINÉPOLIS AMAPÁ GARDEN SHOPING;MACAPÁ;AP;CINEPOLIS OPERADORA DE CINEMAS DO BRASIL LTDA
355;7;4;4;SIM;NÃO;SIM;785 CINEMARK SALVADOR;SALVADOR;BA;CINEMARK BRASIL S.A
348;7;4;4;SIM;NÃO;SIM;695 CINEMARK BOURBON IPIRANGA;PORTO ALEGRE;RS;CINEMARK BRASIL S.A
346;7;4;4;SIM;NÃO;SIM;695 CINEMARK BOURBON IPIRANGA;PORTO ALEGRE;RS;CINEMARK BRASIL S.A
345;7;4;4;SIM;NÃO;SIM;755 CINEMARK RIOMAR;ARACAJU;SE;CINEMARK BRASIL S.A
340;7;4;4;SIM;NÃO;SIM;759 CINEMARK GUARULHOS;GUARULHOS;SP;CINEMARK BRASIL S.A
335;7;4;4;SIM;NÃO;SIM;694 CINEMARK CAMPO GRANDE;CAMPO GRANDE;MS;CINEMARK BRASIL S.A
327;7;4;4;SIM;NÃO;SIM;726 CINEMARK RIBEIRÃO PRETO;RIBEIRÃO PRETO;SP;CINEMARK BRASIL S.A
323;7;4;4;SIM;NÃO;SIM;726 CINEMARK RIBEIRÃO PRETO;RIBEIRÃO PRETO;SP;CINEMARK BRASIL S.A
323;7;4;4;NÃO;NÃO;NÃO;726 CINEMARK RIBEIRÃO PRETO;RIBEIRÃO PRETO;SP;CINEMARK BRASIL S.A
321;7;4;4;SIM;SIM;NÃO;2139 - CINEMARK URUPEMA;MOGI DAS CRUZES;SP;CINEMARK BRASIL S.A
320;7;4;4;SIM;SIM;NÃO;UCI METROPOLE;SÃO BERNARDO DO CAMPO;SP;UNITED CINEMAS INTERNATIONAL BRASIL LTDA.
318;7;4;4;SIM;NÃO;SIM;MULTIPLEX TABOÃO;TABOÃO DA SERRA;SP;MSA EMPRESA CINEMATOGRÁFICA LTDA
317;7;4;4;SIM;NÃO;SIM;687 CINEMARK SHOPPING D;SÃO PAULO;SP;CINEMARK BRASIL S.A
315;7;4;4;SIM;NÃO;SIM;694 CINEMARK CAMPO GRANDE;CAMPO GRANDE;MS;CINEMARK BRASIL S.A
292;7;4;4;SIM;NÃO;SIM;703 CINEMARK FLORIANOPOLIS .;FLORIANÓPOLIS;SC;CINEMARK BRASIL S.A
291;7;4;4;SIM;NÃO;SIM;KINOPLEX IGUAÇU TOP;NOVA IGUAÇU;RJ;EMPRESA CINEMAS SÃO LUIZ S/A
249;7;4;4;SIM;NÃO;SIM;710 CINEMARK SP MARKET;SÃO PAULO;SP;CINEMARK BRASIL S.A
209;7;4;4;SIM;NÃO;SIM;710 CINEMARK SP MARKET;SÃO PAULO;SP;CINEMARK BRASIL S.A
409;6;4;4;SIM;NÃO;SIM;725 CINEMARK CAMPINAS;CAMPINAS;SP;CINEMARK BRASIL S.A
400;6;4;4;NÃO;NÃO;SIM;ROXY 5 GONZAGA;SANTOS;SP;CINEMA E BOMBONIERE ROXY LTDA ME
395;6;4;4;SIM;NÃO;SIM;759 CINEMARK GUARULHOS;GUARULHOS;SP;CINEMARK BRASIL S.A
393;6;4;4;SIM;NÃO;SIM;698 CINEMARK MUELLER;CURITIBA;PR;CINEMARK BRASIL S.A
380;6;4;4;SIM;NÃO;SIM;759 CINEMARK GUARULHOS;GUARULHOS;SP;CINEMARK BRASIL S.A
369;6;4;4;SIM;NÃO;SIM;2103 CINEMARK MOOCA PLAZA SHOPPING;SÃO PAULO;SP;CINEMARK BRASIL S.A
368;6;4;4;NÃO;NÃO;SIM;2133 CINEMARK FLAMBOYANT;GOIÂNIA;GO;CINEMARK BRASIL S.A
355;6;4;4;SIM;NÃO;SIM;785 CINEMARK SALVADOR;SALVADOR;BA;CINEMARK BRASIL S.A
339;6;4;4;SIM;NÃO;SIM;709 CINEMARK PRAIAMAR;SANTOS;SP;CINEMARK BRASIL S.A
325;6;4;4;SIM;NÃO;SIM;709 CINEMARK PRAIAMAR;SANTOS;SP;CINEMARK BRASIL S.A
319;6;4;4;SIM;NÃO;SIM;2133 CINEMARK FLAMBOYANT;GOIÂNIA;GO;CINEMARK BRASIL S.A
317;6;4;4;SIM;NÃO;SIM;691 CINEMARK NITEROI;NITERÓI;RJ;CINEMARK BRASIL S.A
313;6;4;4;SIM;NÃO;SIM;2101 CINEMARK SHOPPING UBERLÂNDIA;UBERLÂNDIA;MG;CINEMARK BRASIL S.A
313;6;4;4;SIM;NÃO;SIM;702 CINEMARK VITORIA;VITÓRIA;ES;CINEMARK BRASIL S.A
309;6;4;4;SIM;NÃO;SIM;759 CINEMARK GUARULHOS;GUARULHOS;SP;CINEMARK BRASIL S.A
303;6;4;4;SIM;NÃO;SIM;697 CINEMARK SAVASSI.;BELO HORIZONTE;MG;CINEMARK BRASIL S.A
289;6;4;4;SIM;NÃO;SIM;785 CINEMARK SALVADOR;SALVADOR;BA;CINEMARK BRASIL S.A
254;6;4;4;SIM;NÃO;SIM;CINE XV GUARAPUAVA;GUARAPUAVA;PR;CINE QUINZE CINEMAS LTDA
223;6;4;4;SIM;NÃO;SIM;681 CINEMARK NATAL;NATAL;RN;CINEMARK BRASIL S.A
218;6;4;4;SIM;NÃO;SIM;681 CINEMARK NATAL;NATAL;RN;CINEMARK BRASIL S.A
199;6;4;4;SIM;NÃO;SIM;CINE XV GUARAPUAVA;GUARAPUAVA;PR;CINE QUINZE CINEMAS LTDA
171;6;4;4;SIM;NÃO;SIM;CINE XV GUARAPUAVA;GUARAPUAVA;PR;CINE QUINZE CINEMAS LTDA
425;5;4;4;SIM;NÃO;SIM;ARCOPLEXCINEMAS - LIMEIRA;LIMEIRA;SP;EMPRESA DE CINEMAS ARCOPLEX S.A
345;5;4;4;SIM;NÃO;SIM;699 CINEMARK CENTER NORTE;SÃO PAULO;SP;CINEMARK BRASIL S.A
334;5;4;4;SIM;NÃO;SIM;699 CINEMARK CENTER NORTE;SÃO PAULO;SP;CINEMARK BRASIL S.A
333;5;4;4;SIM;NÃO;SIM;768 CINEMARK BH SHOPPING;BELO HORIZONTE;MG;CINEMARK BRASIL S.A
317;5;4;4;SIM;NÃO;SIM;691 CINEMARK NITEROI;NITERÓI;RJ;CINEMARK BRASIL S.A
250;5;4;4;SIM;SIM;NÃO;CINEFLIX - POÇOS DE CALDAS;POÇOS DE CALDAS;MG;MOVIESYSTEM CINEMATOGRAFICA LTDA
234;5;4;4;SIM;NÃO;SIM;ARCOPLEXCINEMAS GRAVATAI;GRAVATAÍ;RS;EMPRESA DE CINEMAS ARCOPLEX S.A
208;5;4;4;SIM;NÃO;SIM;710 CINEMARK SP MARKET;SÃO PAULO;SP;CINEMARK BRASIL S.A
435;4;4;4;SIM;NÃO;SIM;720 CINEMARK PIER 21;BRASÍLIA;DF;CINEMARK BRASIL S.A
335;4;4;4;SIM;NÃO;SIM;700 CINEMARK BARIGUI;CURITIBA;PR;CINEMARK BRASIL S.A
321;4;4;4;SIM;NÃO;SIM;725 CINEMARK CAMPINAS;CAMPINAS;SP;CINEMARK BRASIL S.A
273;4;4;4;SIM;SIM;NÃO;CINE LASER CUIABA;CUIABÁ;MT;CINE LASER CUIABA LTDA
269;4;4;4;SIM;NÃO;SIM;ARCOPLEXCINEMAS CACHOERINHA;CACHOEIRINHA;RS;EMPRESA DE CINEMAS ARCOPLEX S.A
242;4;4;4;NÃO;NÃO;SIM;ROXY 5 GONZAGA;SANTOS;SP;CINEMA E BOMBONIERE ROXY LTDA ME
238;4;4;4;SIM;SIM;NÃO;CINE SHOW RIO DAS OSTRAS;RIO DAS OSTRAS;RJ;TATU FILMES LTDA
229;4;4;4;NÃO;NÃO;SIM;CINESYSTEM SHOPPING VENTURA;CURITIBA;PR;REDECINE BRA CINEMATOGRÁFICA S.A.
225;4;4;4;NÃO;NÃO;SIM;CINESYSTEM SHOPPING VENTURA;CURITIBA;PR;REDECINE BRA CINEMATOGRÁFICA S.A.
219;4;4;4;NÃO;NÃO;SIM;CINEART MONTE CARMO;BETIM;MG;DELTA FILMES LTDA
219;4;4;4;NÃO;NÃO;NÃO;CINEART MONTE CARMO;BETIM;MG;DELTA FILMES LTDA
215;4;4;4;SIM;NÃO;SIM;CINEART MINAS SHOPPING;BELO HORIZONTE;MG;DELTA FILMES LTDA
206;4;4;4;NÃO;NÃO;SIM;ROXY 5 GONZAGA;SANTOS;SP;CINEMA E BOMBONIERE ROXY LTDA ME
205;4;4;4;NÃO;NÃO;NÃO;NUCLEO CINEMAS - JARDIM IGUATEMI;SÃO PAULO;SP;NUCLEO CINEMAS LTDA
204;4;4;4;SIM;SIM;NÃO;CINEFLIX - SALVADOR;SALVADOR;BA;MOVIESYSTEM CINEMATOGRAFICA LTDA
201;4;4;4;NÃO;NÃO;SIM;CINEART PARQUE BARBACENA SHOPPING;BARBACENA;MG;DELTA FILMES LTDA
201;4;4;4;SIM;NÃO;SIM;CINEART MINAS SHOPPING;BELO HORIZONTE;MG;DELTA FILMES LTDA
200;4;4;4;SIM;SIM;NÃO;CINEFLIX - POÇOS DE CALDAS;POÇOS DE CALDAS;MG;MOVIESYSTEM CINEMATOGRAFICA LTDA
195;4;4;4;SIM;SIM;NÃO;CINEFLIX - MOGI GUAÇU;MOGI GUAÇU;SP;MOVIESYSTEM CINEMATOGRAFICA LTDA
194;4;4;4;SIM;NÃO;SIM;CINEMAS CARUARU;CARUARU;PE;EMPRESA DE CINEMAS FORTALEZA LTDA
190;4;4;4;SIM;NÃO;SIM;CINEART MINAS SHOPPING;BELO HORIZONTE;MG;DELTA FILMES LTDA
181;4;4;4;NÃO;NÃO;SIM;CINESYSTEM SHOPPING CIDADE;CURITIBA;PR;REDECINE BRA CINEMATOGRÁFICA S.A.
175;4;4;4;NÃO;NÃO;SIM;ROXY 5 GONZAGA;SANTOS;SP;CINEMA E BOMBONIERE ROXY LTDA ME
174;4;4;4;SIM;NÃO;SIM;CENTERPLEX SUZANO;SUZANO;SP;EMPRESA CENTERPLEX DE CINEMAS LTDA
168;4;4;4;SIM;NÃO;SIM;COMPLEXO CINEMATOGRÁFICO MARABA;SÃO PAULO;SP;MULTIPLEX DO BRASIL ENTRETENIMENTO LTDA
161;4;4;4;SIM;SIM;NÃO;CINEFLIX - CURITIBA;CURITIBA;PR;MOVIESYSTEM CINEMATOGRAFICA LTDA
160;4;4;4;SIM;SIM;NÃO;CINE LASER LAGARTO;LAGARTO;SE;CINE LASER LAGARTO LTDA
160;4;4;4;SIM;SIM;NÃO;CIRCUITO CINEMAS - PPR;PRESIDENTE PRUDENTE;SP;CIRCUITO ENTRETENIMENTO E CINEMAS LTDA
156;4;4;4;SIM;SIM;NÃO;CINE LASER VILHENA JARDINS;VILHENA;RO;CINE LASER CINEMAS LTDA
155;4;4;4;SIM;NÃO;SIM;COMPLEXO CINEMATOGRÁFICO MARABA;SÃO PAULO;SP;MULTIPLEX DO BRASIL ENTRETENIMENTO LTDA
120;4;4;4;SIM;NÃO;SIM;CINELAND;CAICÓ;RN;CINELAND EXIBICAO CINEMATOGRAFICA LTDA
120;4;4;4;SIM;SIM;NÃO;CINE LASER LAGARTO;LAGARTO;SE;CINE LASER LAGARTO LTDA
100;4;4;4;SIM;SIM;NÃO;CINE LASER LAGARTO;LAGARTO;SE;CINE LASER LAGARTO LTDA
95;4;4;4;SIM;NÃO;SIM;CINEMAXS PARANÁ FAMÍLIA;CAMPO MOURÃO;PR;H.C. DA GRAÇA & CIA LTDA ME
207;2;4;4;SIM;NÃO;SIM;CENTERPLEX BOULEVARD VITORIA DA CONQUISTA;VITÓRIA DA CONQUISTA;BA;CINE ELI BAHIA CINEMAS LTDA - EM RECUPERACAO JUDICIAL
172;2;4;4;NÃO;NÃO;NÃO;CIRCUITO CINEMAS - PNP;PENÁPOLIS;SP;CIRCUITO ENTRETENIMENTO E CINEMAS LTDA
154;2;4;4;SIM;NÃO;SIM;CENTERPLEX BOULEVARD VITORIA DA CONQUISTA;VITÓRIA DA CONQUISTA;BA;CINE ELI BAHIA CINEMAS LTDA - EM RECUPERACAO JUDICIAL
479;9;3;4;SIM;NÃO;SIM;CINÉPOLIS MANAÍRA SHOPPING;JOÃO PESSOA;PB;CINEPOLIS OPERADORA DE CINEMAS DO BRASIL LTDA
378;8;3;4;SIM;NÃO;SIM;CINEPOLIS JK VIP;SÃO PAULO;SP;CINEPOLIS OPERADORA DE CINEMAS DO BRASIL LTDA
359;7;3;4;NÃO;NÃO;SIM;UCI RIBEIRO - SHOPPING DA ILHA;SÃO LUÍS;MA;UCI RIBEIRO LTDA
338;7;3;4;SIM;NÃO;SIM;UCI RIBEIRO - SHOPPING CENTER TACARUNA;RECIFE;PE;UCI RIBEIRO LTDA
310;7;3;4;SIM;NÃO;SIM;KINOPLEX OSASCO;OSASCO;SP;EMPRESA CINEMAS SÃO LUIZ S/A
307;6;3;4;SIM;NÃO;SIM;KINOPLEX NOVA AMÉRICA;RIO DE JANEIRO;RJ;EMPRESA CINEMAS SÃO LUIZ S/A
245;5;3;4;NÃO;NÃO;SIM;MULTIPLEX VOLTA REDONDA;VOLTA REDONDA;RJ;MSA EMPRESA CINEMATOGRÁFICA LTDA
180;4;3;4;SIM;NÃO;SIM;ROXY 2 ANILINAS;CUBATÃO;SP;CINEMA E BOMBONIERE ROXY LTDA ME
100;3;3;4;SIM;SIM;NÃO;CINEFLIX - BRASÍLIA;BRASÍLIA;DF;MOVIESYSTEM CINEMATOGRAFICA LTDA
374;10;2;4;SIM;NÃO;SIM;CENTERPLEX ARACAJU;ARACAJU;SE;CINE ELI SERGIPE CINEMAS LTDA
289;6;2;4;SIM;NÃO;SIM;UCI RIBEIRO - SHOPPING CENTER TACARUNA;RECIFE;PE;UCI RIBEIRO LTDA
210;6;2;4;SIM;NÃO;SIM;CINE ESTAÇÃO;FRANCO DA ROCHA;SP;CINE ESTAÇÃO OPERADORA DE CINEMA LTDA
212;5;2;4;SIM;NÃO;SIM;2129 CINEMARK FOZ DO IGUAÇU;FOZ DO IGUAÇU;PR;CINEMARK BRASIL S.A
196;5;2;4;SIM;NÃO;SIM;2129 CINEMARK FOZ DO IGUAÇU;FOZ DO IGUAÇU;PR;CINEMARK BRASIL S.A
116;5;2;4;SIM;NÃO;SIM;2102 CINEMARK WEST PLAZA;SÃO PAULO;SP;CINEMARK BRASIL S.A
315;4;2;4;SIM;NÃO;SIM;ARCOPLEXCINEMAS-ARARANGUA;ARARANGUÁ;SC;EMPRESA DE CINEMAS ARCOPLEX S.A
220;4;2;4;SIM;NÃO;SIM;CINE ESTAÇÃO;FRANCO DA ROCHA;SP;CINE ESTAÇÃO OPERADORA DE CINEMA LTDA
210;4;2;4;SIM;NÃO;SIM;CINE ESTAÇÃO;FRANCO DA ROCHA;SP;CINE ESTAÇÃO OPERADORA DE CINEMA LTDA
203;4;2;4;SIM;NÃO;SIM;KINOPLEX MADUREIRA;RIO DE JANEIRO;RJ;EMPRESA CINEMAS SÃO LUIZ S/A
201;4;2;4;SIM;NÃO;SIM;ARCOPLEXCINEMAS-ARARANGUA;ARARANGUÁ;SC;EMPRESA DE CINEMAS ARCOPLEX S.A
196;4;2;4;SIM;NÃO;SIM;2127 CINEMARK JUA GARDEN SHOPPING;JUAZEIRO;BA;CINEMARK BRASIL S.A
195;4;2;4;SIM;NÃO;SIM;2128 CINEMARK BRAGANÇA GARDEN SHOPPING;BRAGANÇA PAULISTA;SP;CINEMARK BRASIL S.A
191;4;2;4;SIM;NÃO;SIM;CINEART MINAS SHOPPING;BELO HORIZONTE;MG;DELTA FILMES LTDA
191;4;2;4;SIM;NÃO;SIM;KINOPLEX MADUREIRA;RIO DE JANEIRO;RJ;EMPRESA CINEMAS SÃO LUIZ S/A
184;4;2;4;SIM;NÃO;SIM;2122 CINEMARK VARGINHA;VARGINHA;MG;CINEMARK BRASIL S.A
180;4;2;4;SIM;NÃO;SIM;CINEART CINE CIDADE;BELO HORIZONTE;MG;DELTA FILMES LTDA
180;4;2;4;SIM;NÃO;SIM;2127 CINEMARK JUA GARDEN SHOPPING;JUAZEIRO;BA;CINEMARK BRASIL S.A
179;4;2;4;SIM;NÃO;SIM;2128 CINEMARK BRAGANÇA GARDEN SHOPPING;BRAGANÇA PAULISTA;SP;CINEMARK BRASIL S.A
175;4;2;4;SIM;NÃO;SIM;2120 CINEMARK MOGI DAS CRUZES;MOGI DAS CRUZES;SP;CINEMARK BRASIL S.A
169;4;2;4;SIM;NÃO;SIM;2130 CINEMARK CAMAÇARI;CAMAÇARI;BA;CINEMARK BRASIL S.A
154;4;2;4;SIM;NÃO;SIM;2130 CINEMARK CAMAÇARI;CAMAÇARI;BA;CINEMARK BRASIL S.A
238;2;2;4;SIM;NÃO;SIM;CINEMAX CINEMAS FRANCISCO BELTRÃO;FRANCISCO BELTRÃO;PR;CINEMAX CINEMAS FRANCISCO BELTRAO LTDA
200;2;2;4;SIM;NÃO;SIM;JOSUE´S CINE FORMIGA;FORMIGA;MG;JOSUE´S CINE & FOTO LTDA
179;2;2;4;SIM;NÃO;SIM;CINEMAR;ITANHAÉM;SP;CINE MENDES EXIBIDORA LTDA
166;2;2;4;SIM;NÃO;NÃO;CENTRO CULTURAL ARTE PAJUÇARA;MACEIÓ;AL;ASSOCIAÇÃO CULTURAL ARTE PAJUÇARA - ACAP
138;2;2;4;SIM;NÃO;SIM;TOPAZIO POLO SHOPPING;INDAIATUBA;SP;LUI CINEMATOGRÁFICA LTDA.
130;2;2;4;SIM;NÃO;SIM;JOSUE´S CINE ARCOS;ARCOS;MG;JOSUÉ´S CINE ARCOS LTDA.
130;2;2;4;NÃO;SIM;NÃO;CINE ALIANCA;SÃO JOÃO NEPOMUCENO;MG;CINE ALIANCA LTDA
404;8;1;4;SIM;NÃO;SIM;KINOPLEX VIA PARQUE;RIO DE JANEIRO;RJ;EMPRESA CINEMAS SÃO LUIZ S/A
373;8;1;4;SIM;NÃO;SIM;KINOPLEX VIA PARQUE;RIO DE JANEIRO;RJ;EMPRESA CINEMAS SÃO LUIZ S/A
308;6;1;4;SIM;NÃO;SIM;REDECINE - RIO AMERICAS;RIO DE JANEIRO;RJ;REDECINE - RIO CINEMATOGRAFICA S.A.
290;6;1;4;SIM;NÃO;SIM;CINE RITZ PERIM;CACHOEIRO DE ITAPEMIRIM;ES;CINEMATOGRAFICA CACHOEIRO LTDA
279;4;1;4;NÃO;NÃO;SIM;REDECINE - RIO ILHA DO GOVERNADOR;RIO DE JANEIRO;RJ;REDECINE - RIO CINEMATOGRAFICA S.A.
276;4;1;4;NÃO;NÃO;SIM;REDECINE - RIO ILHA DO GOVERNADOR;RIO DE JANEIRO;RJ;REDECINE - RIO CINEMATOGRAFICA S.A.
265;4;1;4;SIM;NÃO;SIM;REDECINE - RIO PQ SHOP SULACAP;RIO DE JANEIRO;RJ;REDECINE - RIO CINEMATOGRAFICA S.A.
218;4;1;4;NÃO;NÃO;SIM;REDECINE - RIO IRAJÁ;RIO DE JANEIRO;RJ;REDECINE - RIO CINEMATOGRAFICA S.A.
213;4;1;4;NÃO;NÃO;SIM;REDECINE - RIO BANGU;RIO DE JANEIRO;RJ;REDECINE - RIO CINEMATOGRAFICA S.A.
206;4;1;4;NÃO;NÃO;SIM;REDECINE - RIO ILHA DO GOVERNADOR;RIO DE JANEIRO;RJ;REDECINE - RIO CINEMATOGRAFICA S.A.
206;4;1;4;NÃO;NÃO;NÃO;REDECINE - RIO ILHA DO GOVERNADOR;RIO DE JANEIRO;RJ;REDECINE - RIO CINEMATOGRAFICA S.A.
200;4;1;4;NÃO;NÃO;SIM;CINEART SERRA SUL;POUSO ALEGRE;MG;DELTA FILMES LTDA
200;4;1;4;SIM;NÃO;SIM;REDECINE - RIO RECREIO DOS BANDEIRANTES;RIO DE JANEIRO;RJ;REDECINE - RIO CINEMATOGRAFICA S.A.
197;4;1;4;SIM;NÃO;SIM;2120 CINEMARK MOGI DAS CRUZES;MOGI DAS CRUZES;SP;CINEMARK BRASIL S.A
196;4;1;4;SIM;NÃO;SIM;REDECINE - RIO IRAJÁ;RIO DE JANEIRO;RJ;REDECINE - RIO CINEMATOGRAFICA S.A.
191;4;1;4;NÃO;NÃO;SIM;MULTIPLEX PARK LAGOS;CABO FRIO;RJ;MSA EMPRESA CINEMATOGRÁFICA LTDA
190;4;1;4;NÃO;NÃO;SIM;REDECINE - RIO BANGU;RIO DE JANEIRO;RJ;REDECINE - RIO CINEMATOGRAFICA S.A.
188;4;1;4;NÃO;NÃO;SIM;REDECINE - RIO IRAJÁ;RIO DE JANEIRO;RJ;REDECINE - RIO CINEMATOGRAFICA S.A.
185;4;1;4;SIM;NÃO;SIM;CINEART CINE ITAUPOWER SHOPPING;CONTAGEM;MG;DELTA FILMES LTDA
184;4;1;4;SIM;NÃO;SIM;2110 CINEMARK TIETÊ PLAZA;SÃO PAULO;SP;CINEMARK BRASIL S.A
184;4;1;4;SIM;NÃO;SIM;2119 CINEMARK CIDADE SÃO PAULO;SÃO PAULO;SP;CINEMARK BRASIL S.A
180;4;1;4;NÃO;NÃO;SIM;REDECINE - RIO BANGU;RIO DE JANEIRO;RJ;REDECINE - RIO CINEMATOGRAFICA S.A.
172;4;1;4;SIM;NÃO;SIM;CINEART DEL REY;BELO HORIZONTE;MG;DELTA FILMES LTDA
170;4;1;4;NÃO;NÃO;SIM;REDECINE - RIO BANGU;RIO DE JANEIRO;RJ;REDECINE - RIO CINEMATOGRAFICA S.A.
168;4;1;4;SIM;NÃO;SIM;2110 CINEMARK TIETÊ PLAZA;SÃO PAULO;SP;CINEMARK BRASIL S.A
166;4;1;4;SIM;NÃO;SIM;2110 CINEMARK TIETÊ PLAZA;SÃO PAULO;SP;CINEMARK BRASIL S.A
127;4;1;4;SIM;NÃO;SIM;2110 CINEMARK TIETÊ PLAZA;SÃO PAULO;SP;CINEMARK BRASIL S.A
121;4;1;4;SIM;NÃO;SIM;2119 CINEMARK CIDADE SÃO PAULO;SÃO PAULO;SP;CINEMARK BRASIL S.A
120;4;1;4;SIM;NÃO;SIM;2119 CINEMARK CIDADE SÃO PAULO;SÃO PAULO;SP;CINEMARK BRASIL S.A
198;3;1;4;SIM;NÃO;SIM;TOPAZIO POLO SHOPPING;INDAIATUBA;SP;LUI CINEMATOGRÁFICA LTDA.
193;3;1;4;SIM;NÃO;SIM;TOPAZIO POLO SHOPPING;INDAIATUBA;SP;LUI CINEMATOGRÁFICA LTDA.
143;3;1;4;SIM;NÃO;SIM;GRUPOCINE RIO CLARO;RIO CLARO;SP;EMPRESA CINEMATOGRAFICA BOMBOCINE LTDA
132;3;1;4;SIM;NÃO;SIM;GRUPOCINE RIO CLARO;RIO CLARO;SP;EMPRESA CINEMATOGRAFICA BOMBOCINE LTDA
56;3;1;4;SIM;NÃO;SIM;TOPAZIO POLO SHOPPING;INDAIATUBA;SP;LUI CINEMATOGRÁFICA LTDA.
355;2;1;4;SIM;NÃO;SIM;KINOPLEX PRAIA DA COSTA;VILA VELHA;ES;EMPRESA CINEMAS SÃO LUIZ S/A
354;2;1;4;SIM;NÃO;SIM;KINOPLEX PRAIA DA COSTA;VILA VELHA;ES;EMPRESA CINEMAS SÃO LUIZ S/A
289;2;1;4;NÃO;NÃO;SIM;REDECINE - RIO RECREIO DOS BANDEIRANTES;RIO DE JANEIRO;RJ;REDECINE - RIO CINEMATOGRAFICA S.A.
213;2;1;4;SIM;NÃO;SIM;REDECINE - RIO RECREIO DOS BANDEIRANTES;RIO DE JANEIRO;RJ;REDECINE - RIO CINEMATOGRAFICA S.A.
109;2;1;4;SIM;NÃO;SIM;GRUPOCINE RIO CLARO;RIO CLARO;SP;EMPRESA CINEMATOGRAFICA BOMBOCINE LTDA
160;1;1;4;SIM;NÃO;SIM;CINE PLAZA;ITUMBIARA;GO;CENTER PLAZA LTDA
150;1;1;4;SIM;NÃO;SIM;CINE PLAZA;ITUMBIARA;GO;CENTER PLAZA LTDA
416;8;0;4;NÃO;NÃO;SIM;MULTIPLEX PANTANAL;CUIABÁ;MT;MSA EMPRESA CINEMATOGRÁFICA LTDA
390;8;0;4;SIM;NÃO;SIM;KINOPLEX GOIÂNIA;GOIÂNIA;GO;EMPRESA CINEMAS SÃO LUIZ S/A
383;8;0;4;SIM;NÃO;SIM;ARAUJO MULTIPLEX SHOPPING PIRACICABA;PIRACICABA;SP;MSA EMPRESA CINEMATOGRÁFICA LTDA
338;8;0;4;NÃO;NÃO;SIM;MULTIPLEX CATUAI LONDRINA;LONDRINA;PR;EMPRESA CINEMATOGRÁFICA ARAUJO LTDA
336;8;0;4;NÃO;NÃO;SIM;MULTIPLEX CATUAI LONDRINA;LONDRINA;PR;EMPRESA CINEMATOGRÁFICA ARAUJO LTDA
386;7;0;4;SIM;NÃO;SIM;SOROCABA CIDADE;SOROCABA;SP;MSA EMPRESA CINEMATOGRÁFICA LTDA
361;7;0;4;SIM;NÃO;SIM;UCI PARK JACAREPAGUÁ;RIO DE JANEIRO;RJ;UNITED CINEMAS INTERNATIONAL BRASIL LTDA.
360;7;0;4;SIM;NÃO;SIM;MULTIPLEX CAMPO LIMPO;SÃO PAULO;SP;MSA EMPRESA CINEMATOGRÁFICA LTDA
332;7;0;4;SIM;NÃO;SIM;MOVIECOM MAXI;JUNDIAÍ;SP;MAXI CINEMATOGRÁFICA LTDA
326;7;0;4;SIM;SIM;NÃO;CINEFLIX - VALPARAISO DE GOIAS;VALPARAÍSO DE GOIÁS;GO;MOVIESYSTEM CINEMATOGRAFICA LTDA
312;7;0;4;SIM;NÃO;SIM;MULTIPLEX CAMPO LIMPO;SÃO PAULO;SP;MSA EMPRESA CINEMATOGRÁFICA LTDA
305;7;0;4;SIM;SIM;NÃO;CINEFLIX - VALPARAISO DE GOIAS;VALPARAÍSO DE GOIÁS;GO;MOVIESYSTEM CINEMATOGRAFICA LTDA
394;6;0;4;SIM;NÃO;SIM;MULTIPLEX DUQUE DE CAXIAS;DUQUE DE CAXIAS;RJ;MSA EMPRESA CINEMATOGRÁFICA LTDA
362;6;0;4;NÃO;NÃO;SIM;CINE ARAÚJO PORTO VELHO;PORTO VELHO;RO;EMPRESA CINEMATOGRÁFICA ARAÇATUBA LTDA
356;6;0;4;NÃO;NÃO;SIM;CINE ARAÚJO PORTO VELHO;PORTO VELHO;RO;EMPRESA CINEMATOGRÁFICA ARAÇATUBA LTDA
334;6;0;4;NÃO;NÃO;SIM;CINESYSTEM PAULISTA;PAULISTA;PE;REDECINE BRA CINEMATOGRÁFICA S.A.
329;6;0;4;SIM;NÃO;SIM;MULTIPLEX CAMPO LIMPO;SÃO PAULO;SP;MSA EMPRESA CINEMATOGRÁFICA LTDA
326;6;0;4;NÃO;NÃO;NÃO;MOVIECOM PENHA;SÃO PAULO;SP;CINEMATOGRÁFICA PASSOS LTDA
304;6;0;4;SIM;NÃO;SIM;MULTIPLEX MAUA;MAUÁ;SP;MSA EMPRESA CINEMATOGRÁFICA LTDA
301;6;0;4;SIM;NÃO;SIM;MULTIPLEX MAUA;MAUÁ;SP;MSA EMPRESA CINEMATOGRÁFICA LTDA
293;6;0;4;NÃO;NÃO;SIM;MULTIPLEX PANTANAL;CUIABÁ;MT;MSA EMPRESA CINEMATOGRÁFICA LTDA
283;6;0;4;SIM;NÃO;NÃO;CINESYSTEM MORUMBI TOWN;SÃO PAULO;SP;REDECINE BRA CINEMATOGRÁFICA S.A.
274;6;0;4;NÃO;NÃO;SIM;MULTIPLEX PANTANAL;CUIABÁ;MT;MSA EMPRESA CINEMATOGRÁFICA LTDA
274;6;0;4;SIM;NÃO;SIM;CENTRO DE CULTURA BELAS ARTES CINEMA;SÃO PAULO;SP;CENTRO DE CULTURA BELAS ARTES CINEMAS
225;6;0;4;NÃO;NÃO;SIM;MULTIPLEX CATUAI LONDRINA;LONDRINA;PR;EMPRESA CINEMATOGRÁFICA ARAUJO LTDA
223;6;0;4;NÃO;NÃO;SIM;MULTIPLEX CATUAI LONDRINA;LONDRINA;PR;EMPRESA CINEMATOGRÁFICA ARAUJO LTDA
199;6;0;4;SIM;SIM;NÃO;CONSTRUCINE LONDRINA;LONDRINA;PR;RR2 CINEMATOGRAFIA LTDA
303;5;0;4;SIM;NÃO;SIM;GRUPOCINE ITAPECERICA MATRIZ;ITAPECERICA DA SERRA;SP;EMPRESA CINEMATOGRAFICA BOMBOCINE LTDA
295;5;0;4;SIM;NÃO;SIM;CENTRO DE CULTURA BELAS ARTES CINEMA;SÃO PAULO;SP;CENTRO DE CULTURA BELAS ARTES CINEMAS
237;5;0;4;SIM;NÃO;SIM;MULTIPLEX MAUA;MAUÁ;SP;MSA EMPRESA CINEMATOGRÁFICA LTDA
231;5;0;4;SIM;NÃO;SIM;GRUPOCINE ITAPECERICA MATRIZ;ITAPECERICA DA SERRA;SP;EMPRESA CINEMATOGRAFICA BOMBOCINE LTDA
229;5;0;4;SIM;SIM;NÃO;CINEFLIX - APARECIDA DE GOIANIA;APARECIDA DE GOIÂNIA;GO;MOVIESYSTEM CINEMATOGRAFICA LTDA
305;4;0;4;NÃO;NÃO;SIM;MOVIECOM BOAVISTA;SÃO PAULO;SP;CINEMATOGRÁFICA PASSOS LTDA
268;4;0;4;SIM;NÃO;SIM;CINESYSTEM LONDRINA;LONDRINA;PR;REDECINE BRA CINEMATOGRÁFICA S.A.
226;4;0;4;SIM;NÃO;SIM;CINE A POUSO ALEGRE;POUSO ALEGRE;MG;CINE A LTDA
221;4;0;4;SIM;NÃO;SIM;MARINGA CATUAI;MARINGÁ;PR;MSA EMPRESA CINEMATOGRÁFICA LTDA
204;4;0;4;SIM;NÃO;SIM;CINE COLOMBO- SÃO JOSÉ DO RIO PARDO;SÃO JOSÉ DO RIO PARDO;SP;CINE A LTDA
201;4;0;4;SIM;NÃO;SIM;CENTERPLEX ARACAJU;ARACAJU;SE;CINE ELI SERGIPE CINEMAS LTDA
201;4;0;4;SIM;NÃO;SIM;CINEMAIS PATOS DE MINAS;PATOS DE MINAS;MG;CINEMAIS CINEMAS LTDA
196;4;0;4;SIM;NÃO;SIM;UCI PARK JACAREPAGUÁ;RIO DE JANEIRO;RJ;UNITED CINEMAS INTERNATIONAL BRASIL LTDA.
194;4;0;4;SIM;NÃO;SIM;UCI PARK JACAREPAGUÁ;RIO DE JANEIRO;RJ;UNITED CINEMAS INTERNATIONAL BRASIL LTDA.
182;4;0;4;NÃO;NÃO;SIM;CINESYSTEM SHOPPING CIDADE;CURITIBA;PR;REDECINE BRA CINEMATOGRÁFICA S.A.
180;4;0;4;SIM;NÃO;SIM;UCI PARK JACAREPAGUÁ;RIO DE JANEIRO;RJ;UNITED CINEMAS INTERNATIONAL BRASIL LTDA.
179;4;0;4;NÃO;NÃO;SIM;CINESYSTEM SHOPPING CIDADE;CURITIBA;PR;REDECINE BRA CINEMATOGRÁFICA S.A.
147;4;0;4;SIM;NÃO;SIM;CINESYSTEM LONDRINA;LONDRINA;PR;REDECINE BRA CINEMATOGRÁFICA S.A.
135;4;0;4;SIM;NÃO;SIM;CENTERPLEX ARACAJU;ARACAJU;SE;CINE ELI SERGIPE CINEMAS LTDA
76;4;0;4;SIM;NÃO;NÃO;CINE COLOMBO - ARARAS;ARARAS;SP;CINE A LTDA
152;3;0;4;SIM;NÃO;SIM;CINEMAIS PATOS DE MINAS;PATOS DE MINAS;MG;CINEMAIS CINEMAS LTDA
148;3;0;4;SIM;SIM;NÃO;CINEFLIX - CATARINA;SÃO ROQUE;SP;REDECINE CATARINA CINEMATOGRAFICA LTDA
147;3;0;4;NÃO;NÃO;SIM;CINESERCLA CAMPINA GRANDE;CAMPINA GRANDE;PB;EXIBIDORA NACIONAL DE FILMES LTDA
140;3;0;4;NÃO;NÃO;SIM;ARAUJO MULTIPLEX PARQUE DAS BANDEIRAS SHOPPING;CAMPINAS;SP;MSA EMPRESA CINEMATOGRÁFICA LTDA
132;3;0;4;SIM;SIM;NÃO;MULTIPLEX PRAÇA NOVA ARAÇATUBA;ARAÇATUBA;SP;MSA EMPRESA CINEMATOGRÁFICA LTDA
131;3;0;4;SIM;SIM;NÃO;MULTIPLEX PRAÇA NOVA ARAÇATUBA;ARAÇATUBA;SP;MSA EMPRESA CINEMATOGRÁFICA LTDA
63;3;0;4;NÃO;NÃO;NÃO;SALADEARTE CINE VIVO;SALVADOR;BA;CINEMA E ARTE PRODUÇÕES LTDA
434;2;0;4;NÃO;NÃO;NÃO;CEU MENINOS - PROFESSOR PR. ARTUR ALBERTO DE MOTA GONÇALVES;SÃO PAULO;SP;EMPRESA DE CINEMA E AUDIOVISUAL DE SÃO PAULO S.A.
182;2;0;4;SIM;NÃO;SIM;CINESERCLA SHOPPING TAMBIÁ;JOÃO PESSOA;PB;EXIBIDORA NACIONAL DE FILMES LTDA
171;2;0;4;SIM;NÃO;SIM;CINESERCLA SHOPPING TAMBIÁ;JOÃO PESSOA;PB;EXIBIDORA NACIONAL DE FILMES LTDA
287;6;9;3;SIM;SIM;NÃO;GRUPOCINE TERRAZO EUSÉBIO;EUSÉBIO;CE;EMPRESA CINEMATOGRAFICA BOMBOCINE LTDA
266;6;9;3;SIM;SIM;NÃO;GRUPOCINE VARGEM GRANDE PAULISTA;VARGEM GRANDE PAULISTA;SP;EMPRESA CINEMATOGRAFICA BOMBOCINE LTDA
193;3;8;3;SIM;NÃO;SIM;REDECINE HORTOLANDIA;HORTOLÂNDIA;SP;REDECINE BRA CINEMATOGRÁFICA S.A.
316;6;7;3;SIM;NÃO;SIM;GNC GARTEN;JOINVILLE;SC;PRAIA DE BELAS EMPREENDIMENTOS CINEMATOGRÁFICOS LTDA
291;6;6;3;SIM;NÃO;SIM;CINÉPOLIS SHOPPING IGUATEMI RIBEIRÃO PRETO;RIBEIRÃO PRETO;SP;CINEPOLIS OPERADORA DE CINEMAS DO BRASIL LTDA
288;6;6;3;SIM;SIM;NÃO;CINESYSTEM POMPEIA;SÃO PAULO;SP;REDECINE BRA CINEMATOGRÁFICA S.A.
270;6;6;3;SIM;SIM;NÃO;CINEFLIX - VARZEA GRANDE;VÁRZEA GRANDE;MT;MOVIESYSTEM CINEMATOGRAFICA LTDA
262;6;6;3;SIM;NÃO;SIM;KINOPLEX IGUAÇU TOP;NOVA IGUAÇU;RJ;EMPRESA CINEMAS SÃO LUIZ S/A
244;5;6;3;SIM;NÃO;NÃO;GNC GARTEN;JOINVILLE;SC;PRAIA DE BELAS EMPREENDIMENTOS CINEMATOGRÁFICOS LTDA
197;4;6;3;SIM;NÃO;SIM;CINEMA BOULEVARD RIO;RIO DE JANEIRO;RJ;EMPRESA CINEMAS SÃO LUIZ S/A
129;3;6;3;SIM;SIM;NÃO;GRUPOCINE SUMARÉ;SUMARÉ;SP;EMPRESA CINEMATOGRAFICA BOMBOCINE LTDA
291;12;5;3;SIM;NÃO;SIM;785 CINEMARK SALVADOR;SALVADOR;BA;CINEMARK BRASIL S.A
395;8;5;3;SIM;NÃO;SIM;UCI BRASIL - SHOPPING JARDIM SUL;SÃO PAULO;SP;UNITED CINEMAS INTERNATIONAL BRASIL LTDA.
365;8;5;3;SIM;NÃO;SIM;UCI BRASIL - NEW YORK;RIO DE JANEIRO;RJ;UNITED CINEMAS INTERNATIONAL BRASIL LTDA.
301;6;5;3;SIM;NÃO;SIM;KINOPLEX UBERABA;UBERABA;MG;EMPRESA CINEMAS SÃO LUIZ S/A
245;5;5;3;NÃO;SIM;NÃO;CENTRO CULTURAL DA CIC;CURITIBA;PR;CURITIBA ARTE - INSTITUTO CURITIBA DE ARTE E CULTURA
245;5;5;3;SIM;NÃO;SIM;KINOPLEX UBERABA;UBERABA;MG;EMPRESA CINEMAS SÃO LUIZ S/A
150;4;5;3;SIM;SIM;NÃO;CINEFLIX - CIDADE;MARINGÁ;PR;MOVIESYSTEM CINEMATOGRAFICA LTDA
134;4;5;3;SIM;SIM;NÃO;CINEFLIX - CIDADE;MARINGÁ;PR;MOVIESYSTEM CINEMATOGRAFICA LTDA
360;7;4;3;SIM;NÃO;SIM;UCI BRASIL - PALLADIUM SHOPPING;CURITIBA;PR;UNITED CINEMAS INTERNATIONAL BRASIL LTDA.
343;7;4;3;SIM;NÃO;SIM;UCI BRASIL - PARK SHOPPING CAMPO GRANDE;RIO DE JANEIRO;RJ;UNITED CINEMAS INTERNATIONAL BRASIL LTDA.
330;7;4;3;NÃO;NÃO;SIM;UCI RIBEIRO - SHOPPING DA ILHA;SÃO LUÍS;MA;UCI RIBEIRO LTDA
322;7;4;3;SIM;NÃO;SIM;UCI RIBEIRO - SHOPPING INDEPENDÊNCIA;JUIZ DE FORA;MG;UCI RIBEIRO LTDA
321;7;4;3;SIM;NÃO;SIM;UCI BRASIL - PARK SHOPPING CAMPO GRANDE;RIO DE JANEIRO;RJ;UNITED CINEMAS INTERNATIONAL BRASIL LTDA.
321;7;4;3;SIM;NÃO;SIM;UCI BRASIL - SANTANA PARQUE SHOPPING;SÃO PAULO;SP;UNITED CINEMAS INTERNATIONAL BRASIL LTDA.
318;7;4;3;NÃO;NÃO;SIM;UCI ORIENT SHOPPING DA BAHIA;SALVADOR;BA;UCI-ORIENT LTDA
315;7;4;3;SIM;NÃO;SIM;UCI BRASIL - SHOPPING CENTER RIBEIRÃO PRETO;RIBEIRÃO PRETO;SP;UNITED CINEMAS INTERNATIONAL BRASIL LTDA.
315;7;4;3;SIM;NÃO;SIM;UCI BRASIL - SANTANA PARQUE SHOPPING;SÃO PAULO;SP;UNITED CINEMAS INTERNATIONAL BRASIL LTDA.
313;7;4;3;SIM;NÃO;SIM;UCI BRASIL - PARK SHOPPING CAMPO GRANDE;RIO DE JANEIRO;RJ;UNITED CINEMAS INTERNATIONAL BRASIL LTDA.
310;7;4;3;NÃO;NÃO;SIM;UCI RIBEIRO - SHOPPING DA ILHA;SÃO LUÍS;MA;UCI RIBEIRO LTDA
211;4;4;3;SIM;SIM;NÃO;CINESYSTEM POMPEIA;SÃO PAULO;SP;REDECINE BRA CINEMATOGRÁFICA S.A.
67;4;4;3;SIM;NÃO;SIM;CINE MARQUISE ULTRAVISÃO;POÇOS DE CALDAS;MG;ULTRAVISÃO CINEMAS E ENTRETENIMENTO LTDA.
314;8;3;3;SIM;NÃO;SIM;705 CINEMARK CENTRAL PLAZA;SÃO PAULO;SP;CINEMARK BRASIL S.A
343;7;3;3;SIM;NÃO;SIM;CINÉPOLIS SHOPPING CERRADO;GOIÂNIA;GO;CINEPOLIS OPERADORA DE CINEMAS DO BRASIL LTDA
341;7;3;3;SIM;NÃO;SIM;CINÉPOLIS MANGABEIRA;JOÃO PESSOA;PB;CINEPOLIS OPERADORA DE CINEMAS DO BRASIL LTDA
340;7;3;3;NÃO;NÃO;SIM;CINÉPOLIS RIO POTY;TERESINA;PI;CINEPOLIS OPERADORA DE CINEMAS DO BRASIL LTDA
335;7;3;3;SIM;NÃO;SIM;CINÉPOLIS BAURU;BAURU;SP;CINEPOLIS OPERADORA DE CINEMAS DO BRASIL LTDA
331;7;3;3;NÃO;NÃO;NÃO;CINEPOLIS PARQUE BARUERI VIP;BARUERI;SP;CINEPOLIS OPERADORA DE CINEMAS DO BRASIL LTDA
326;7;3;3;SIM;NÃO;SIM;CINÉPOLIS NATAL SHOPPING;NATAL;RN;CINEPOLIS OPERADORA DE CINEMAS DO BRASIL LTDA
319;7;3;3;NÃO;NÃO;NÃO;CINÉPOLIS JUNDIAI SHOPPING;JUNDIAÍ;SP;CINEPOLIS OPERADORA DE CINEMAS DO BRASIL LTDA
314;7;3;3;SIM;NÃO;SIM;714 CINEMARK INTERLAGOS;SÃO PAULO;SP;CINEMARK BRASIL S.A
305;7;3;3;SIM;NÃO;SIM;2102 CINEMARK WEST PLAZA;SÃO PAULO;SP;CINEMARK BRASIL S.A
297;7;3;3;SIM;NÃO;SIM;CINEPOLIS CONTINENTE PARK;SÃO JOSÉ;SC;CINEPOLIS OPERADORA DE CINEMAS DO BRASIL LTDA
292;7;3;3;SIM;NÃO;SIM;757 CINEMARK UNIÃO OSASCO;OSASCO;SP;CINEMARK BRASIL S.A
252;7;3;3;SIM;NÃO;SIM;726 CINEMARK RIBEIRÃO PRETO;RIBEIRÃO PRETO;SP;CINEMARK BRASIL S.A
235;7;3;3;SIM;NÃO;SIM;709 CINEMARK PRAIAMAR;SANTOS;SP;CINEMARK BRASIL S.A
215;7;3;3;SIM;NÃO;SIM;709 CINEMARK PRAIAMAR;SANTOS;SP;CINEMARK BRASIL S.A
168;7;3;3;SIM;NÃO;SIM;757 CINEMARK UNIÃO OSASCO;OSASCO;SP;CINEMARK BRASIL S.A
393;6;3;3;SIM;NÃO;SIM;698 CINEMARK MUELLER;CURITIBA;PR;CINEMARK BRASIL S.A
376;6;3;3;SIM;NÃO;SIM;710 CINEMARK SP MARKET;SÃO PAULO;SP;CINEMARK BRASIL S.A
343;6;3;3;SIM;NÃO;SIM;CINEPOLIS SHOPPING PATTEO OLINDA;OLINDA;PE;CINEPOLIS OPERADORA DE CINEMAS DO BRASIL LTDA
340;6;3;3;SIM;NÃO;SIM;759 CINEMARK GUARULHOS;GUARULHOS;SP;CINEMARK BRASIL S.A
332;6;3;3;SIM;NÃO;SIM;785 CINEMARK SALVADOR;SALVADOR;BA;CINEMARK BRASIL S.A
330;6;3;3;SIM;NÃO;SIM;CINEPOLIS BLUMENAU;BLUMENAU;SC;CINEPOLIS OPERADORA DE CINEMAS DO BRASIL LTDA
327;6;3;3;SIM;NÃO;SIM;CINÉPOLIS SANTA MARIA;SANTA MARIA;RS;CINEPOLIS OPERADORA DE CINEMAS DO BRASIL LTDA
314;6;3;3;SIM;NÃO;SIM;705 CINEMARK CENTRAL PLAZA;SÃO PAULO;SP;CINEMARK BRASIL S.A
312;6;3;3;SIM;NÃO;SIM;CINEPOLIS ESTAÇAO BH;BELO HORIZONTE;MG;CINEPOLIS OPERADORA DE CINEMAS DO BRASIL LTDA
308;6;3;3;SIM;NÃO;SIM;CINEPOLIS CONTINENTE PARK;SÃO JOSÉ;SC;CINEPOLIS OPERADORA DE CINEMAS DO BRASIL LTDA
307;6;3;3;SIM;NÃO;SIM;CINÉPOLIS ITAQUA GARDEN;ITAQUAQUECETUBA;SP;CINEPOLIS OPERADORA DE CINEMAS DO BRASIL LTDA
307;6;3;3;SIM;NÃO;SIM;CINEPOLIS CONTINENTE PARK;SÃO JOSÉ;SC;CINEPOLIS OPERADORA DE CINEMAS DO BRASIL LTDA
307;6;3;3;SIM;NÃO;SIM;727 CINEMARK VILLA LOBOS;SÃO PAULO;SP;CINEMARK BRASIL S.A
305;6;3;3;SIM;NÃO;SIM;CINÉPOLIS NORTE SUL;CAMPO GRANDE;MS;CINEPOLIS OPERADORA DE CINEMAS DO BRASIL LTDA
305;6;3;3;SIM;NÃO;SIM;UCI ORIENT - SHOPPING CENTER PARALELA;SALVADOR;BA;UCI-ORIENT LTDA
304;6;3;3;SIM;NÃO;SIM;UCI ORIENT - SHOPPING CENTER PARALELA;SALVADOR;BA;UCI-ORIENT LTDA
302;6;3;3;SIM;NÃO;SIM;718 CINEMARK TAGUATINGA.;BRASÍLIA;DF;CINEMARK BRASIL S.A
302;6;3;3;NÃO;NÃO;SIM;UCI BRASIL-SHOPPING BOSQUE DOS IPÊS;CAMPO GRANDE;MS;UNITED CINEMAS INTERNATIONAL BRASIL LTDA.
301;6;3;3;SIM;NÃO;SIM;CINEPOLIS ALPHAVILLE VIP;BARUERI;SP;CINEPOLIS OPERADORA DE CINEMAS DO BRASIL LTDA
300;6;3;3;NÃO;NÃO;SIM;UCI BRASIL-SHOPPING BOSQUE DOS IPÊS;CAMPO GRANDE;MS;UNITED CINEMAS INTERNATIONAL BRASIL LTDA.
300;6;3;3;SIM;NÃO;SIM;UCI BRASIL - ANALIA FRANCO;SÃO PAULO;SP;UNITED CINEMAS INTERNATIONAL BRASIL LTDA.
299;6;3;3;SIM;NÃO;SIM;2101 CINEMARK SHOPPING UBERLÂNDIA;UBERLÂNDIA;MG;CINEMARK BRASIL S.A
298;6;3;3;NÃO;NÃO;SIM;MULTIPLEX PARK LAGOS;CABO FRIO;RJ;MSA EMPRESA CINEMATOGRÁFICA LTDA
297;6;3;3;SIM;NÃO;SIM;715 CINEMARK ELDORADO;SÃO PAULO;SP;CINEMARK BRASIL S.A
295;6;3;3;SIM;NÃO;SIM;CINÉPOLIS NORTH SHOPPING JÓQUEI;FORTALEZA;CE;CINEPOLIS OPERADORA DE CINEMAS DO BRASIL LTDA
294;6;3;3;SIM;SIM;NÃO;UCI METROPOLE;SÃO BERNARDO DO CAMPO;SP;UNITED CINEMAS INTERNATIONAL BRASIL LTDA.
291;6;3;3;NÃO;NÃO;NÃO;CINEPOLIS ESTAÇAO BH;BELO HORIZONTE;MG;CINEPOLIS OPERADORA DE CINEMAS DO BRASIL LTDA
291;6;3;3;SIM;NÃO;SIM;UCI BRASIL SHOPPING PARANGABA CE;FORTALEZA;CE;UNITED CINEMAS INTERNATIONAL BRASIL LTDA.
289;6;3;3;SIM;NÃO;SIM;709 CINEMARK PRAIAMAR;SANTOS;SP;CINEMARK BRASIL S.A
289;6;3;3;SIM;NÃO;SIM;699 CINEMARK CENTER NORTE;SÃO PAULO;SP;CINEMARK BRASIL S.A
288;6;3;3;SIM;NÃO;SIM;UCI BRASIL - PALLADIUM SHOPPING;CURITIBA;PR;UNITED CINEMAS INTERNATIONAL BRASIL LTDA.
288;6;3;3;SIM;NÃO;SIM;UCI BRASIL - NEW YORK;RIO DE JANEIRO;RJ;UNITED CINEMAS INTERNATIONAL BRASIL LTDA.
287;6;3;3;SIM;NÃO;SIM;UCI BRASIL - SHOPPING CENTER RIBEIRÃO PRETO;RIBEIRÃO PRETO;SP;UNITED CINEMAS INTERNATIONAL BRASIL LTDA.
287;6;3;3;SIM;NÃO;SIM;UCI ORIENT - SHOPPING CENTER PARALELA;SALVADOR;BA;UCI-ORIENT LTDA
286;6;3;3;SIM;NÃO;SIM;CINÉPOLIS RIOMAR;FORTALEZA;CE;CINEPOLIS OPERADORA DE CINEMAS DO BRASIL LTDA
284;6;3;3;SIM;NÃO;SIM;719 CINEMARK DOWNTOWN;RIO DE JANEIRO;RJ;CINEMARK BRASIL S.A
284;6;3;3;NÃO;NÃO;SIM;UCI ORIENT SHOPPING DA BAHIA;SALVADOR;BA;UCI-ORIENT LTDA
284;6;3;3;SIM;NÃO;SIM;UCI BRASIL - ANALIA FRANCO;SÃO PAULO;SP;UNITED CINEMAS INTERNATIONAL BRASIL LTDA.
282;6;3;3;SIM;NÃO;SIM;UCI BRASIL - NEW YORK;RIO DE JANEIRO;RJ;UNITED CINEMAS INTERNATIONAL BRASIL LTDA.
282;6;3;3;SIM;NÃO;SIM;KINOPLEX NOVA AMÉRICA;RIO DE JANEIRO;RJ;EMPRESA CINEMAS SÃO LUIZ S/A
281;6;3;3;SIM;NÃO;SIM;UCI BRASIL - PALLADIUM SHOPPING;CURITIBA;PR;UNITED CINEMAS INTERNATIONAL BRASIL LTDA.
281;6;3;3;NÃO;NÃO;SIM;UCI ORIENT SHOPPING DA BAHIA;SALVADOR;BA;UCI-ORIENT LTDA
279;6;3;3;SIM;NÃO;SIM;CINEPOLIS SANTA ÚRSULA;RIBEIRÃO PRETO;SP;CINEPOLIS OPERADORA DE CINEMAS DO BRASIL LTDA
279;6;3;3;SIM;SIM;SIM;CINESESC;SÃO PAULO;SP;SERVICO SOCIAL DO COMERCIO - SESC - ADMINISTRACAO REGIONAL NO ESTADO DE SAO PAULO
278;6;3;3;SIM;NÃO;SIM;681 CINEMARK NATAL;NATAL;RN;CINEMARK BRASIL S.A
278;6;3;3;SIM;NÃO;SIM;684 CINEMARK SANTA CRUZ.;SÃO PAULO;SP;CINEMARK BRASIL S.A
277;6;3;3;SIM;NÃO;NÃO;CINEPOLIS PARQUE BELÉM;BELÉM;PA;CINEPOLIS OPERADORA DE CINEMAS DO BRASIL LTDA
277;6;3;3;SIM;NÃO;SIM;687 CINEMARK SHOPPING D;SÃO PAULO;SP;CINEMARK BRASIL S.A
275;6;3;3;SIM;NÃO;SIM;661 CINEMARK CAPIM DOURADO.;PALMAS;TO;CINEMARK BRASIL S.A
275;6;3;3;SIM;NÃO;SIM;2132 CINEMARK SHOPPING IGUATEMI SP;SÃO PAULO;SP;CINEMARK BRASIL S.A
270;6;3;3;SIM;NÃO;SIM;CINÉPOLIS PONTE NEGRA - MANAUS;MANAUS;AM;CINEPOLIS OPERADORA DE CINEMAS DO BRASIL LTDA
268;6;3;3;SIM;NÃO;SIM;UCI BRASIL - NEW YORK;RIO DE JANEIRO;RJ;UNITED CINEMAS INTERNATIONAL BRASIL LTDA.
268;6;3;3;SIM;NÃO;SIM;711 CINEMARK TATUAPE;SÃO PAULO;SP;CINEMARK BRASIL S.A
265;6;3;3;SIM;NÃO;SIM;UCI BRASIL - PALLADIUM SHOPPING;CURITIBA;PR;UNITED CINEMAS INTERNATIONAL BRASIL LTDA.
265;6;3;3;NÃO;NÃO;SIM;UCI ORIENT SHOPPING DA BAHIA;SALVADOR;BA;UCI-ORIENT LTDA
265;6;3;3;SIM;NÃO;SIM;687 CINEMARK SHOPPING D;SÃO PAULO;SP;CINEMARK BRASIL S.A
264;6;3;3;NÃO;NÃO;SIM;UCI RIBEIRO - SHOPPING CENTER RECIFE;RECIFE;PE;UCI RIBEIRO LTDA
264;6;3;3;SIM;NÃO;SIM;682 CINEMARK CIDADE JARDIM;SÃO PAULO;SP;CINEMARK BRASIL S.A
263;6;3;3;SIM;NÃO;SIM;UCI BRASIL - PALLADIUM SHOPPING;CURITIBA;PR;UNITED CINEMAS INTERNATIONAL BRASIL LTDA.
262;6;3;3;SIM;SIM;NÃO;UCI MANAUARA;MANAUS;AM;UNITED CINEMAS INTERNATIONAL BRASIL LTDA.
262;6;3;3;SIM;NÃO;SIM;716 CINEMARK ARICANDUVA;SÃO PAULO;SP;CINEMARK BRASIL S.A
261;6;3;3;SIM;NÃO;SIM;716 CINEMARK ARICANDUVA;SÃO PAULO;SP;CINEMARK BRASIL S.A
255;6;3;3;SIM;NÃO;SIM;716 CINEMARK ARICANDUVA;SÃO PAULO;SP;CINEMARK BRASIL S.A
254;6;3;3;SIM;NÃO;SIM;UCI RIBEIRO - SHOPPING CENTER IGUATEMI FORTALEZA;FORTALEZA;CE;UCI RIBEIRO LTDA
252;6;3;3;SIM;NÃO;SIM;CINE REPUBLICA IPIRANGA;SÃO PAULO;SP;EMPRESA CINEMATOGRÁFICA REPUBLICA LTDA
249;6;3;3;SIM;NÃO;SIM;706 CINEMARK ARACAJU;ARACAJU;SE;CINEMARK BRASIL S.A
248;6;3;3;SIM;NÃO;SIM;GNC PRAIA DE BELAS;PORTO ALEGRE;RS;PRAIA DE BELAS EMPREENDIMENTOS CINEMATOGRÁFICOS LTDA
245;6;3;3;SIM;NÃO;SIM;709 CINEMARK PRAIAMAR;SANTOS;SP;CINEMARK BRASIL S.A
243;6;3;3;SIM;NÃO;SIM;697 CINEMARK SAVASSI.;BELO HORIZONTE;MG;CINEMARK BRASIL S.A
242;6;3;3;SIM;NÃO;SIM;2133 CINEMARK FLAMBOYANT;GOIÂNIA;GO;CINEMARK BRASIL S.A
239;6;3;3;SIM;NÃO;SIM;726 CINEMARK RIBEIRÃO PRETO;RIBEIRÃO PRETO;SP;CINEMARK BRASIL S.A
234;6;3;3;SIM;NÃO;SIM;691 CINEMARK NITEROI;NITERÓI;RJ;CINEMARK BRASIL S.A
228;6;3;3;SIM;NÃO;SIM;709 CINEMARK PRAIAMAR;SANTOS;SP;CINEMARK BRASIL S.A
223;6;3;3;SIM;NÃO;SIM;697 CINEMARK SAVASSI.;BELO HORIZONTE;MG;CINEMARK BRASIL S.A
218;6;3;3;SIM;NÃO;SIM;681 CINEMARK NATAL;NATAL;RN;CINEMARK BRASIL S.A
215;6;3;3;SIM;NÃO;SIM;UCI PARK SHOPPING CANOAS;CANOAS;RS;UNITED CINEMAS INTERNATIONAL BRASIL LTDA.
209;6;3;3;SIM;NÃO;SIM;768 CINEMARK BH SHOPPING;BELO HORIZONTE;MG;CINEMARK BRASIL S.A
209;6;3;3;SIM;NÃO;SIM;710 CINEMARK SP MARKET;SÃO PAULO;SP;CINEMARK BRASIL S.A
198;6;3;3;SIM;NÃO;SIM;715 CINEMARK ELDORADO;SÃO PAULO;SP;CINEMARK BRASIL S.A
187;6;3;3;SIM;NÃO;SIM;715 CINEMARK ELDORADO;SÃO PAULO;SP;CINEMARK BRASIL S.A
186;6;3;3;SIM;NÃO;SIM;715 CINEMARK ELDORADO;SÃO PAULO;SP;CINEMARK BRASIL S.A
158;6;3;3;SIM;NÃO;SIM;715 CINEMARK ELDORADO;SÃO PAULO;SP;CINEMARK BRASIL S.A
152;6;3;3;SIM;NÃO;SIM;715 CINEMARK ELDORADO;SÃO PAULO;SP;CINEMARK BRASIL S.A
147;6;3;3;SIM;NÃO;SIM;715 CINEMARK ELDORADO;SÃO PAULO;SP;CINEMARK BRASIL S.A
376;5;3;3;SIM;NÃO;SIM;706 CINEMARK ARACAJU;ARACAJU;SE;CINEMARK BRASIL S.A
355;5;3;3;SIM;NÃO;SIM;785 CINEMARK SALVADOR;SALVADOR;BA;CINEMARK BRASIL S.A
332;5;3;3;SIM;NÃO;SIM;2100 CINEMARK PARK SHOPPING SÃO CAETANO;SÃO CAETANO DO SUL;SP;CINEMARK BRASIL S.A
327;5;3;3;SIM;NÃO;SIM;717 CINEMARK TAMBORE.;BARUERI;SP;CINEMARK BRASIL S.A
299;5;3;3;SIM;NÃO;SIM;681 CINEMARK NATAL;NATAL;RN;CINEMARK BRASIL S.A
299;5;3;3;SIM;NÃO;SIM;684 CINEMARK SANTA CRUZ.;SÃO PAULO;SP;CINEMARK BRASIL S.A
288;5;3;3;SIM;NÃO;SIM;718 CINEMARK TAGUATINGA.;BRASÍLIA;DF;CINEMARK BRASIL S.A
279;5;3;3;NÃO;NÃO;NÃO;662 CINEMARK SHOPPING RAPOSO TAVARES;SÃO PAULO;SP;CINEMARK BRASIL S.A
279;5;3;3;SIM;NÃO;SIM;662 CINEMARK SHOPPING RAPOSO TAVARES;SÃO PAULO;SP;CINEMARK BRASIL S.A
277;5;3;3;SIM;NÃO;SIM;785 CINEMARK SALVADOR;SALVADOR;BA;CINEMARK BRASIL S.A
272;5;3;3;SIM;NÃO;SIM;KINOPLEX NOVA AMÉRICA;RIO DE JANEIRO;RJ;EMPRESA CINEMAS SÃO LUIZ S/A
270;5;3;3;SIM;NÃO;SIM;725 CINEMARK CAMPINAS;CAMPINAS;SP;CINEMARK BRASIL S.A
269;5;3;3;SIM;NÃO;SIM;725 CINEMARK CAMPINAS;CAMPINAS;SP;CINEMARK BRASIL S.A
264;5;3;3;SIM;NÃO;SIM;CINÉPOLIS NORTH SHOPPING JÓQUEI;FORTALEZA;CE;CINEPOLIS OPERADORA DE CINEMAS DO BRASIL LTDA
264;5;3;3;NÃO;NÃO;NÃO;CINÉPOLIS NORTH SHOPPING JÓQUEI;FORTALEZA;CE;CINEPOLIS OPERADORA DE CINEMAS DO BRASIL LTDA
262;5;3;3;NÃO;NÃO;SIM;CINÉPOLIS CARAPICUIBA;CARAPICUÍBA;SP;CINEPOLIS OPERADORA DE CINEMAS DO BRASIL LTDA
259;5;3;3;SIM;NÃO;SIM;UCI BRASIL - PALLADIUM SHOPPING;CURITIBA;PR;UNITED CINEMAS INTERNATIONAL BRASIL LTDA.
258;5;3;3;SIM;NÃO;NÃO;UCI BRASIL - PALLADIUM SHOPPING;CURITIBA;PR;UNITED CINEMAS INTERNATIONAL BRASIL LTDA.
258;5;3;3;SIM;NÃO;SIM;2103 CINEMARK MOOCA PLAZA SHOPPING;SÃO PAULO;SP;CINEMARK BRASIL S.A
258;5;3;3;SIM;NÃO;SIM;CINÉPOLIS IGUATEMI ESPLANADA;VOTORANTIM;SP;CINEPOLIS OPERADORA DE CINEMAS DO BRASIL LTDA
257;5;3;3;SIM;NÃO;SIM;CINÉPOLIS JOCKEY PLAZA SHOPPING;CURITIBA;PR;CINEPOLIS OPERADORA DE CINEMAS DO BRASIL LTDA
254;5;3;3;SIM;NÃO;SIM;UCI BRASIL - SHOPPING BOSQUE GRÃO PARÁ;BELÉM;PA;UNITED CINEMAS INTERNATIONAL BRASIL LTDA.
254;5;3;3;NÃO;NÃO;NÃO;CINE RITZ PARÁ DE MINAS;PARÁ DE MINAS;MG;CINE RITZ PARÁ DE MINAS LTDA.
253;5;3;3;SIM;NÃO;SIM;688 CINEMARK MARKET PLACE;SÃO PAULO;SP;CINEMARK BRASIL S.A
253;5;3;3;SIM;NÃO;SIM;684 CINEMARK SANTA CRUZ.;SÃO PAULO;SP;CINEMARK BRASIL S.A
252;5;3;3;SIM;NÃO;SIM;CINÉPOLIS AMAPÁ GARDEN SHOPING;MACAPÁ;AP;CINEPOLIS OPERADORA DE CINEMAS DO BRASIL LTDA
252;5;3;3;SIM;NÃO;SIM;CINÉPOLIS IGUATEMI ESPLANADA;VOTORANTIM;SP;CINEPOLIS OPERADORA DE CINEMAS DO BRASIL LTDA
251;5;3;3;SIM;SIM;NÃO;UCI PLAZA SUL;SÃO PAULO;SP;UNITED CINEMAS INTERNATIONAL BRASIL LTDA.
250;5;3;3;NÃO;NÃO;NÃO;CINE RITZ PARÁ DE MINAS;PARÁ DE MINAS;MG;CINE RITZ PARÁ DE MINAS LTDA.
249;5;3;3;NÃO;NÃO;NÃO;CINE RITZ PARÁ DE MINAS;PARÁ DE MINAS;MG;CINE RITZ PARÁ DE MINAS LTDA.
249;5;3;3;SIM;NÃO;SIM;704 CINEMARK BARRA SUL;PORTO ALEGRE;RS;CINEMARK BRASIL S.A
248;5;3;3;NÃO;NÃO;NÃO;CINÉPOLIS RIOMAR;FORTALEZA;CE;CINEPOLIS OPERADORA DE CINEMAS DO BRASIL LTDA
247;5;3;3;SIM;NÃO;SIM;MULTIPLEX VOLTA REDONDA;VOLTA REDONDA;RJ;MSA EMPRESA CINEMATOGRÁFICA LTDA
246;5;3;3;SIM;NÃO;SIM;2101 CINEMARK SHOPPING UBERLÂNDIA;UBERLÂNDIA;MG;CINEMARK BRASIL S.A
245;5;3;3;SIM;NÃO;SIM;2100 CINEMARK PARK SHOPPING SÃO CAETANO;SÃO CAETANO DO SUL;SP;CINEMARK BRASIL S.A
244;5;3;3;SIM;NÃO;SIM;687 CINEMARK SHOPPING D;SÃO PAULO;SP;CINEMARK BRASIL S.A
243;5;3;3;SIM;NÃO;SIM;697 CINEMARK SAVASSI.;BELO HORIZONTE;MG;CINEMARK BRASIL S.A
241;5;3;3;SIM;NÃO;SIM;CINÉPOLIS SHOPPING CERRADO;GOIÂNIA;GO;CINEPOLIS OPERADORA DE CINEMAS DO BRASIL LTDA
240;5;3;3;SIM;SIM;NÃO;CINE A CONTINENTAL;SÃO PAULO;SP;CINE A LTDA
239;5;3;3;SIM;NÃO;SIM;721 CINEMARK HIGIENOPOLIS;SÃO PAULO;SP;CINEMARK BRASIL S.A
236;5;3;3;SIM;NÃO;SIM;769 CINEMARK IGUATEMI BRASILIA;BRASÍLIA;DF;CINEMARK BRASIL S.A
235;5;3;3;SIM;NÃO;SIM;759 CINEMARK GUARULHOS;GUARULHOS;SP;CINEMARK BRASIL S.A
235;5;3;3;SIM;NÃO;SIM;702 CINEMARK VITORIA;VITÓRIA;ES;CINEMARK BRASIL S.A
233;5;3;3;SIM;NÃO;SIM;UCI BRASIL - SUMAÚMA PARK SHOPPING;MANAUS;AM;UNITED CINEMAS INTERNATIONAL BRASIL LTDA.
231;5;3;3;SIM;NÃO;SIM;2107 CINEMARK RIOMAR RECIFE;RECIFE;PE;CINEMARK BRASIL S.A
230;5;3;3;SIM;NÃO;SIM;CINÉPOLIS SHOPPING CERRADO;GOIÂNIA;GO;CINEPOLIS OPERADORA DE CINEMAS DO BRASIL LTDA
225;5;3;3;SIM;NÃO;SIM;UCI BRASIL - SUMAÚMA PARK SHOPPING;MANAUS;AM;UNITED CINEMAS INTERNATIONAL BRASIL LTDA.
223;5;3;3;SIM;NÃO;SIM;681 CINEMARK NATAL;NATAL;RN;CINEMARK BRASIL S.A
223;5;3;3;NÃO;NÃO;SIM;UCI RIBEIRO - SHOPPING DA ILHA;SÃO LUÍS;MA;UCI RIBEIRO LTDA
223;5;3;3;SIM;NÃO;SIM;684 CINEMARK SANTA CRUZ.;SÃO PAULO;SP;CINEMARK BRASIL S.A
222;5;3;3;SIM;NÃO;SIM;716 CINEMARK ARICANDUVA;SÃO PAULO;SP;CINEMARK BRASIL S.A
221;5;3;3;SIM;NÃO;SIM;785 CINEMARK SALVADOR;SALVADOR;BA;CINEMARK BRASIL S.A
221;5;3;3;SIM;NÃO;SIM;714 CINEMARK INTERLAGOS;SÃO PAULO;SP;CINEMARK BRASIL S.A
218;5;3;3;SIM;NÃO;SIM;688 CINEMARK MARKET PLACE;SÃO PAULO;SP;CINEMARK BRASIL S.A
218;5;3;3;SIM;NÃO;SIM;684 CINEMARK SANTA CRUZ.;SÃO PAULO;SP;CINEMARK BRASIL S.A
217;5;3;3;SIM;NÃO;SIM;769 CINEMARK IGUATEMI BRASILIA;BRASÍLIA;DF;CINEMARK BRASIL S.A
217;5;3;3;SIM;SIM;NÃO;UCI PLAZA SUL;SÃO PAULO;SP;UNITED CINEMAS INTERNATIONAL BRASIL LTDA.
216;5;3;3;SIM;NÃO;SIM;721 CINEMARK HIGIENOPOLIS;SÃO PAULO;SP;CINEMARK BRASIL S.A
211;5;3;3;SIM;NÃO;SIM;714 CINEMARK INTERLAGOS;SÃO PAULO;SP;CINEMARK BRASIL S.A
210;5;3;3;SIM;NÃO;SIM;681 CINEMARK NATAL;NATAL;RN;CINEMARK BRASIL S.A
210;5;3;3;SIM;NÃO;SIM;684 CINEMARK SANTA CRUZ.;SÃO PAULO;SP;CINEMARK BRASIL S.A
202;5;3;3;SIM;NÃO;SIM;694 CINEMARK CAMPO GRANDE;CAMPO GRANDE;MS;CINEMARK BRASIL S.A
198;5;3;3;SIM;NÃO;SIM;714 CINEMARK INTERLAGOS;SÃO PAULO;SP;CINEMARK BRASIL S.A
348;4;3;3;SIM;NÃO;SIM;717 CINEMARK TAMBORE.;BARUERI;SP;CINEMARK BRASIL S.A
345;4;3;3;SIM;NÃO;SIM;CINEPOLIS BELÉM;BELÉM;PA;CINEPOLIS OPERADORA DE CINEMAS DO BRASIL LTDA
332;4;3;3;SIM;NÃO;SIM;717 CINEMARK TAMBORE.;BARUERI;SP;CINEMARK BRASIL S.A
299;4;3;3;SIM;NÃO;SIM;688 CINEMARK MARKET PLACE;SÃO PAULO;SP;CINEMARK BRASIL S.A
287;4;3;3;SIM;NÃO;SIM;718 CINEMARK TAGUATINGA.;BRASÍLIA;DF;CINEMARK BRASIL S.A
283;4;3;3;SIM;NÃO;SIM;711 CINEMARK TATUAPE;SÃO PAULO;SP;CINEMARK BRASIL S.A
282;4;3;3;SIM;NÃO;SIM;692 CINEMARK CARIOCA;RIO DE JANEIRO;RJ;CINEMARK BRASIL S.A
279;4;3;3;SIM;NÃO;SIM;662 CINEMARK SHOPPING RAPOSO TAVARES;SÃO PAULO;SP;CINEMARK BRASIL S.A
271;4;3;3;SIM;NÃO;SIM;725 CINEMARK CAMPINAS;CAMPINAS;SP;CINEMARK BRASIL S.A
254;4;3;3;SIM;NÃO;SIM;768 CINEMARK BH SHOPPING;BELO HORIZONTE;MG;CINEMARK BRASIL S.A
251;4;3;3;SIM;NÃO;SIM;663 CINEMARK GRANJA VIANA;COTIA;SP;CINEMARK BRASIL S.A
249;4;3;3;SIM;NÃO;SIM;703 CINEMARK FLORIANOPOLIS .;FLORIANÓPOLIS;SC;CINEMARK BRASIL S.A
248;4;3;3;SIM;NÃO;SIM;719 CINEMARK DOWNTOWN;RIO DE JANEIRO;RJ;CINEMARK BRASIL S.A
245;4;3;3;SIM;NÃO;SIM;698 CINEMARK MUELLER;CURITIBA;PR;CINEMARK BRASIL S.A
240;4;3;3;SIM;NÃO;SIM;696 CINEMARK CENTERVALE;SÃO JOSÉ DOS CAMPOS;SP;CINEMARK BRASIL S.A
238;4;3;3;SIM;NÃO;SIM;768 CINEMARK BH SHOPPING;BELO HORIZONTE;MG;CINEMARK BRASIL S.A
237;4;3;3;SIM;NÃO;SIM;768 CINEMARK BH SHOPPING;BELO HORIZONTE;MG;CINEMARK BRASIL S.A
237;4;3;3;SIM;NÃO;SIM;709 CINEMARK PRAIAMAR;SANTOS;SP;CINEMARK BRASIL S.A
235;4;3;3;SIM;NÃO;SIM;719 CINEMARK DOWNTOWN;RIO DE JANEIRO;RJ;CINEMARK BRASIL S.A
229;4;3;3;SIM;NÃO;SIM;698 CINEMARK MUELLER;CURITIBA;PR;CINEMARK BRASIL S.A
226;4;3;3;SIM;NÃO;SIM;713 CINEMARK ABC PLAZA;SANTO ANDRÉ;SP;CINEMARK BRASIL S.A
225;4;3;3;SIM;NÃO;SIM;718 CINEMARK TAGUATINGA.;BRASÍLIA;DF;CINEMARK BRASIL S.A
225;4;3;3;SIM;NÃO;SIM;690 CINEMARK BOULEVARD TATUAPÉ;SÃO PAULO;SP;CINEMARK BRASIL S.A
223;4;3;3;SIM;NÃO;SIM;725 CINEMARK CAMPINAS;CAMPINAS;SP;CINEMARK BRASIL S.A
223;4;3;3;SIM;NÃO;SIM;688 CINEMARK MARKET PLACE;SÃO PAULO;SP;CINEMARK BRASIL S.A
222;4;3;3;SIM;NÃO;SIM;725 CINEMARK CAMPINAS;CAMPINAS;SP;CINEMARK BRASIL S.A
220;4;3;3;SIM;NÃO;SIM;682 CINEMARK CIDADE JARDIM;SÃO PAULO;SP;CINEMARK BRASIL S.A
216;4;3;3;SIM;NÃO;SIM;723 CINEMARK PAULISTA;SÃO PAULO;SP;CINEMARK BRASIL S.A
215;4;3;3;SIM;NÃO;SIM;767 - CINEMARK DIAMOND;BELO HORIZONTE;MG;CINEMARK BRASIL S.A
211;4;3;3;SIM;NÃO;SIM;717 CINEMARK TAMBORE.;BARUERI;SP;CINEMARK BRASIL S.A
210;4;3;3;SIM;NÃO;SIM;2100 CINEMARK PARK SHOPPING SÃO CAETANO;SÃO CAETANO DO SUL;SP;CINEMARK BRASIL S.A
208;4;3;3;SIM;NÃO;SIM;CINE SÃO JOSÉ;CAFELÂNDIA;SP;MUNICÍPIO DE CAFELÂNDIA (SP)
207;4;3;3;SIM;NÃO;SIM;703 CINEMARK FLORIANOPOLIS .;FLORIANÓPOLIS;SC;CINEMARK BRASIL S.A
204;4;3;3;SIM;NÃO;SIM;755 CINEMARK RIOMAR;ARACAJU;SE;CINEMARK BRASIL S.A
203;4;3;3;SIM;NÃO;SIM;697 CINEMARK SAVASSI.;BELO HORIZONTE;MG;CINEMARK BRASIL S.A
203;4;3;3;SIM;NÃO;SIM;691 CINEMARK NITEROI;NITERÓI;RJ;CINEMARK BRASIL S.A
202;4;3;3;SIM;NÃO;SIM;696 CINEMARK CENTERVALE;SÃO JOSÉ DOS CAMPOS;SP;CINEMARK BRASIL S.A
201;4;3;3;SIM;NÃO;SIM;687 CINEMARK SHOPPING D;SÃO PAULO;SP;CINEMARK BRASIL S.A
198;4;3;3;SIM;NÃO;SIM;712 CINEMARK COLINAS;SÃO JOSÉ DOS CAMPOS;SP;CINEMARK BRASIL S.A
194;4;3;3;SIM;NÃO;SIM;723 CINEMARK PAULISTA;SÃO PAULO;SP;CINEMARK BRASIL S.A
186;4;3;3;SIM;NÃO;SIM;KINOPLEX PARQUE DA CIDADE;SÃO PAULO;SP;EMPRESA CINEMAS SÃO LUIZ S/A
178;4;3;3;SIM;NÃO;NÃO;PREMIER BARREIRAS;BARREIRAS;BA;HENKES E RIBEIRO BARREIRAS LTDA
142;4;3;3;SIM;NÃO;SIM;723 CINEMARK PAULISTA;SÃO PAULO;SP;CINEMARK BRASIL S.A
136;4;3;3;SIM;NÃO;SIM;723 CINEMARK PAULISTA;SÃO PAULO;SP;CINEMARK BRASIL S.A
121;4;3;3;SIM;NÃO;SIM;CINÉPOLIS SÃO BERNARDO;SÃO BERNARDO DO CAMPO;SP;CINEPOLIS OPERADORA DE CINEMAS DO BRASIL LTDA
117;4;3;3;NÃO;NÃO;SIM;MOBI CINE PARACATU;PARACATU;MG;LEMOS & MORAIS LTDA - ME
114;4;3;3;SIM;NÃO;SIM;MOBI CINE PARACATU;PARACATU;MG;LEMOS & MORAIS LTDA - ME
112;4;3;3;SIM;NÃO;SIM;723 CINEMARK PAULISTA;SÃO PAULO;SP;CINEMARK BRASIL S.A
94;4;3;3;NÃO;NÃO;SIM;MOBI CINE PARACATU;PARACATU;MG;LEMOS & MORAIS LTDA - ME
303;3;3;3;SIM;NÃO;SIM;KINOPLEX GRANDE RIO;SÃO JOÃO DE MERITI;RJ;EMPRESA CINEMAS SÃO LUIZ S/A
301;3;3;3;SIM;NÃO;SIM;728 CINEMARK BOTAFOGO;RIO DE JANEIRO;RJ;CINEMARK BRASIL S.A
293;3;3;3;SIM;SIM;SIM;CINE ARTE UFF;NITERÓI;RJ;UNIVERSIDADE FEDERAL FLUMINENSE
290;3;3;3;SIM;NÃO;SIM;728 CINEMARK BOTAFOGO;RIO DE JANEIRO;RJ;CINEMARK BRASIL S.A
273;3;3;3;SIM;SIM;NÃO;CINE SÃO JOAQUIM;GOIÁS;GO;SECRETARIA DE ESTADO DA CULTURA DE GOIÁS
269;3;3;3;SIM;NÃO;SIM;CINÉPOLIS NORTE SUL;CAMPO GRANDE;MS;CINEPOLIS OPERADORA DE CINEMAS DO BRASIL LTDA
251;3;3;3;SIM;NÃO;SIM;663 CINEMARK GRANJA VIANA;COTIA;SP;CINEMARK BRASIL S.A
250;3;3;3;SIM;SIM;NÃO;CINESYSTEM FREI CANECA;SÃO PAULO;SP;REDECINE BRA CINEMATOGRÁFICA S.A.
249;3;3;3;SIM;NÃO;SIM;710 CINEMARK SP MARKET;SÃO PAULO;SP;CINEMARK BRASIL S.A
223;3;3;3;SIM;NÃO;SIM;714 CINEMARK INTERLAGOS;SÃO PAULO;SP;CINEMARK BRASIL S.A
219;3;3;3;SIM;NÃO;SIM;728 CINEMARK BOTAFOGO;RIO DE JANEIRO;RJ;CINEMARK BRASIL S.A
213;3;3;3;NÃO;SIM;SIM;CINE GRACHER HAVAN;BRUSQUE;SC;CINE GRACHER LTDA
209;3;3;3;SIM;NÃO;SIM;697 CINEMARK SAVASSI.;BELO HORIZONTE;MG;CINEMARK BRASIL S.A
207;3;3;3;SIM;NÃO;SIM;768 CINEMARK BH SHOPPING;BELO HORIZONTE;MG;CINEMARK BRASIL S.A
198;3;3;3;SIM;NÃO;SIM;714 CINEMARK INTERLAGOS;SÃO PAULO;SP;CINEMARK BRASIL S.A
193;3;3;3;SIM;SIM;NÃO;CINE SHOW RIO DAS OSTRAS;RIO DAS OSTRAS;RJ;TATU FILMES LTDA
190;3;3;3;NÃO;NÃO;NÃO;NUCLEO CINEMAS - JARDIM IGUATEMI;SÃO PAULO;SP;NUCLEO CINEMAS LTDA
188;3;3;3;NÃO;NÃO;NÃO;NUCLEO CINEMAS - JARDIM IGUATEMI;SÃO PAULO;SP;NUCLEO CINEMAS LTDA
166;3;3;3;SIM;NÃO;SIM;CINEART DEL REY;BELO HORIZONTE;MG;DELTA FILMES LTDA
156;3;3;3;SIM;SIM;NÃO;CINEFLIX - POÇOS DE CALDAS;POÇOS DE CALDAS;MG;MOVIESYSTEM CINEMATOGRAFICA LTDA
148;3;3;3;SIM;SIM;NÃO;CINEFLIX - MOGI GUAÇU;MOGI GUAÇU;SP;MOVIESYSTEM CINEMATOGRAFICA LTDA
126;3;3;3;NÃO;NÃO;SIM;CINEART PARQUE BARBACENA SHOPPING;BARBACENA;MG;DELTA FILMES LTDA
125;3;3;3;SIM;SIM;NÃO;CINEFLIX - CURITIBA;CURITIBA;PR;MOVIESYSTEM CINEMATOGRAFICA LTDA
123;3;3;3;SIM;SIM;NÃO;CINEFLIX CUIABÁ;CUIABÁ;MT;MOVIESYSTEM CINEMATOGRAFICA LTDA
110;3;3;3;SIM;NÃO;SIM;KINOPLEX PARQUE DA CIDADE;SÃO PAULO;SP;EMPRESA CINEMAS SÃO LUIZ S/A
303;2;3;3;SIM;NÃO;SIM;KINOPLEX GRANDE RIO;SÃO JOÃO DE MERITI;RJ;EMPRESA CINEMAS SÃO LUIZ S/A
292;2;3;3;SIM;NÃO;SIM;724 CINEMARK EXTRA ANCHIETA;SÃO BERNARDO DO CAMPO;SP;CINEMARK BRASIL S.A
274;2;3;3;SIM;NÃO;SIM;720 CINEMARK PIER 21;BRASÍLIA;DF;CINEMARK BRASIL S.A
267;2;3;3;SIM;NÃO;SIM;719 CINEMARK DOWNTOWN;RIO DE JANEIRO;RJ;CINEMARK BRASIL S.A
266;2;3;3;SIM;NÃO;SIM;696 CINEMARK CENTERVALE;SÃO JOSÉ DOS CAMPOS;SP;CINEMARK BRASIL S.A
264;2;3;3;SIM;NÃO;SIM;724 CINEMARK EXTRA ANCHIETA;SÃO BERNARDO DO CAMPO;SP;CINEMARK BRASIL S.A
252;2;3;3;SIM;NÃO;SIM;724 CINEMARK EXTRA ANCHIETA;SÃO BERNARDO DO CAMPO;SP;CINEMARK BRASIL S.A
244;2;3;3;SIM;NÃO;SIM;699 CINEMARK CENTER NORTE;SÃO PAULO;SP;CINEMARK BRASIL S.A
235;2;3;3;SIM;NÃO;SIM;720 CINEMARK PIER 21;BRASÍLIA;DF;CINEMARK BRASIL S.A
230;2;3;3;SIM;NÃO;SIM;KINOPLEX GRANDE RIO;SÃO JOÃO DE MERITI;RJ;EMPRESA CINEMAS SÃO LUIZ S/A
229;2;3;3;SIM;NÃO;SIM;724 CINEMARK EXTRA ANCHIETA;SÃO BERNARDO DO CAMPO;SP;CINEMARK BRASIL S.A
228;2;3;3;SIM;NÃO;SIM;704 CINEMARK BARRA SUL;PORTO ALEGRE;RS;CINEMARK BRASIL S.A
221;2;3;3;SIM;NÃO;SIM;713 CINEMARK ABC PLAZA;SANTO ANDRÉ;SP;CINEMARK BRASIL S.A
202;2;3;3;SIM;NÃO;SIM;696 CINEMARK CENTERVALE;SÃO JOSÉ DOS CAMPOS;SP;CINEMARK BRASIL S.A
191;2;3;3;SIM;SIM;NÃO;CINEMAS PREMIER LEM;LUÍS EDUARDO MAGALHÃES;BA;CINEMAS HENKES E HENKES LTDA
184;2;3;3;SIM;NÃO;SIM;720 CINEMARK PIER 21;BRASÍLIA;DF;CINEMARK BRASIL S.A
135;2;3;3;SIM;SIM;NÃO;CINEMAS PREMIER LEM;LUÍS EDUARDO MAGALHÃES;BA;CINEMAS HENKES E HENKES LTDA
123;2;3;3;NÃO;NÃO;NÃO;PREMIER BARREIRAS;BARREIRAS;BA;HENKES E RIBEIRO BARREIRAS LTDA
80;2;3;3;SIM;NÃO;SIM;KINOPLEX PARQUE DA CIDADE;SÃO PAULO;SP;EMPRESA CINEMAS SÃO LUIZ S/A
123;0;3;3;SIM;SIM;NÃO;CINEFLIX CUIABÁ;CUIABÁ;MT;MOVIESYSTEM CINEMATOGRAFICA LTDA
249;6;2;3;SIM;NÃO;SIM;KINOPLEX OSASCO;OSASCO;SP;EMPRESA CINEMAS SÃO LUIZ S/A
244;6;2;3;SIM;NÃO;SIM;UCI BRASIL - ESTAÇÃO PLAZA SHOW;CURITIBA;PR;UNITED CINEMAS INTERNATIONAL BRASIL LTDA.
289;5;2;3;SIM;NÃO;SIM;UCI RIBEIRO - SHOPPING CASA FORTE;RECIFE;PE;UCI RIBEIRO LTDA
248;5;2;3;SIM;NÃO;SIM;MULTIPLEX PATIO RORAIMA;BOA VISTA;RR;MSA EMPRESA CINEMATOGRÁFICA LTDA
247;5;2;3;NÃO;NÃO;SIM;UCI BRASIL-SHOPPING BOSQUE DOS IPÊS;CAMPO GRANDE;MS;UNITED CINEMAS INTERNATIONAL BRASIL LTDA.
246;5;2;3;SIM;NÃO;SIM;UCI BRASIL - ESTAÇÃO PLAZA SHOW;CURITIBA;PR;UNITED CINEMAS INTERNATIONAL BRASIL LTDA.
242;5;2;3;SIM;NÃO;SIM;UCI BRASIL - NEW YORK;RIO DE JANEIRO;RJ;UNITED CINEMAS INTERNATIONAL BRASIL LTDA.
239;5;2;3;SIM;NÃO;SIM;UCI BRASIL - NEW YORK;RIO DE JANEIRO;RJ;UNITED CINEMAS INTERNATIONAL BRASIL LTDA.
238;5;2;3;SIM;NÃO;SIM;UCI BRASIL - ESTAÇÃO PLAZA SHOW;CURITIBA;PR;UNITED CINEMAS INTERNATIONAL BRASIL LTDA.
225;5;2;3;SIM;NÃO;SIM;UCI BRASIL - ANALIA FRANCO;SÃO PAULO;SP;UNITED CINEMAS INTERNATIONAL BRASIL LTDA.
218;5;2;3;SIM;NÃO;SIM;2102 CINEMARK WEST PLAZA;SÃO PAULO;SP;CINEMARK BRASIL S.A
203;5;2;3;SIM;NÃO;SIM;2102 CINEMARK WEST PLAZA;SÃO PAULO;SP;CINEMARK BRASIL S.A
196;4;2;3;SIM;NÃO;SIM;GRUPOCINE RIO CLARO;RIO CLARO;SP;EMPRESA CINEMATOGRAFICA BOMBOCINE LTDA
186;4;2;3;NÃO;NÃO;SIM;MULTIPLEX PARK LAGOS;CABO FRIO;RJ;MSA EMPRESA CINEMATOGRÁFICA LTDA
190;3;2;3;NÃO;NÃO;SIM;CINEART SERRA SUL;POUSO ALEGRE;MG;DELTA FILMES LTDA
188;2;2;3;SIM;NÃO;SIM;CINEMAR;ITANHAÉM;SP;CINE MENDES EXIBIDORA LTDA
176;2;2;3;NÃO;NÃO;NÃO;CINE RITZ PÁTIO SALINAS;SALINAS;MG;CINEMATOGRÁFICA OURO BRANCO LTDA
155;2;2;3;SIM;SIM;NÃO;CONSTRUCINE CORNÉLIO PROCÓPIO;CORNÉLIO PROCÓPIO;PR;RR2 CINEMATOGRAFIA LTDA
90;2;2;3;SIM;SIM;NÃO;CINEFLIX - RIO VERDE;RIO VERDE;GO;MOVIESYSTEM CINEMATOGRAFICA LTDA
75;2;2;3;SIM;NÃO;SIM;CINEART DEL REY;BELO HORIZONTE;MG;DELTA FILMES LTDA
296;6;1;3;SIM;NÃO;SIM;KINOPLEX MACEIÓ;MACEIÓ;AL;EMPRESA CINEMAS SÃO LUIZ S/A
281;6;1;3;SIM;NÃO;SIM;KINOPLEX VIA PARQUE;RIO DE JANEIRO;RJ;EMPRESA CINEMAS SÃO LUIZ S/A
276;6;1;3;SIM;NÃO;SIM;KINOPLEX MACEIÓ;MACEIÓ;AL;EMPRESA CINEMAS SÃO LUIZ S/A
170;6;1;3;SIM;NÃO;SIM;CINE RITZ PERIM;CACHOEIRO DE ITAPEMIRIM;ES;CINEMATOGRAFICA CACHOEIRO LTDA
252;5;1;3;SIM;NÃO;SIM;KINOPLEX MACEIÓ;MACEIÓ;AL;EMPRESA CINEMAS SÃO LUIZ S/A
215;5;1;3;SIM;NÃO;SIM;KINOPLEX BOULEVARD;BRASÍLIA;DF;EMPRESA CINEMAS SÃO LUIZ S/A
214;5;1;3;SIM;NÃO;SIM;KINOPLEX BOULEVARD;BRASÍLIA;DF;EMPRESA CINEMAS SÃO LUIZ S/A
181;4;1;3;SIM;NÃO;SIM;MULTIPLEX PATIO RORAIMA;BOA VISTA;RR;MSA EMPRESA CINEMATOGRÁFICA LTDA
169;4;1;3;SIM;SIM;NÃO;YANOMAX;BOA VISTA;RR;B. DE A. SILVA
167;4;1;3;SIM;SIM;NÃO;YANOMAX;BOA VISTA;RR;B. DE A. SILVA
373;3;1;3;NÃO;NÃO;SIM;REDECINE - RIO BANGU;RIO DE JANEIRO;RJ;REDECINE - RIO CINEMATOGRAFICA S.A.
208;3;1;3;SIM;SIM;SIM;CINE XIN CINEMA;CÁCERES;MT;CINE XIN LTDA
202;3;1;3;SIM;NÃO;SIM;TOPÁZIO SHOPPING JARAGUÁ;INDAIATUBA;SP;LUI CINEMATOGRÁFICA LTDA.
172;3;1;3;SIM;NÃO;SIM;TOPÁZIO SHOPPING JARAGUÁ;INDAIATUBA;SP;LUI CINEMATOGRÁFICA LTDA.
170;3;1;3;NÃO;NÃO;SIM;CINE ASTON;PARANAVAÍ;PR;SBPO ENTRETENIMENTOS LTDA
149;3;1;3;SIM;NÃO;SIM;TOPÁZIO SHOPPING JARAGUÁ;INDAIATUBA;SP;LUI CINEMATOGRÁFICA LTDA.
147;3;1;3;NÃO;NÃO;SIM;REDECINE - RIO IRAJÁ;RIO DE JANEIRO;RJ;REDECINE - RIO CINEMATOGRAFICA S.A.
139;3;1;3;SIM;NÃO;SIM;REDECINE - RIO IRAJÁ;RIO DE JANEIRO;RJ;REDECINE - RIO CINEMATOGRAFICA S.A.
94;3;1;3;SIM;NÃO;SIM;TOPÁZIO SHOPPING JARAGUÁ;INDAIATUBA;SP;LUI CINEMATOGRÁFICA LTDA.
83;3;1;3;SIM;NÃO;SIM;KINOPLEX PRAIA DA COSTA;VILA VELHA;ES;EMPRESA CINEMAS SÃO LUIZ S/A
229;2;1;3;SIM;NÃO;SIM;KINOPLEX PRAIA DA COSTA;VILA VELHA;ES;EMPRESA CINEMAS SÃO LUIZ S/A
372;7;0;3;SIM;NÃO;SIM;CINEMAIS UBERABA;UBERABA;MG;CINEMAIS CINEMAS LTDA
348;7;0;3;SIM;NÃO;SIM;MULTIPLEX BAURU;BAURU;SP;MSA EMPRESA CINEMATOGRÁFICA LTDA
323;7;0;3;SIM;NÃO;SIM;MULTIPLEX BAURU;BAURU;SP;MSA EMPRESA CINEMATOGRÁFICA LTDA
329;6;0;3;SIM;SIM;SIM;CINESYSTEM BOURBON SHOPPING COUNTRY;PORTO ALEGRE;RS;ESPAÇO DE CINEMA SUL LTDA
315;6;0;3;SIM;NÃO;SIM;CINEMAIS UBERABA;UBERABA;MG;CINEMAIS CINEMAS LTDA
303;6;0;3;SIM;NÃO;SIM;SOROCABA CIDADE;SOROCABA;SP;MSA EMPRESA CINEMATOGRÁFICA LTDA
289;6;0;3;SIM;NÃO;SIM;CINEPLAY PANORAMICO;SOROCABA;SP;CIA DE CINEMA BRASIL
289;6;0;3;SIM;NÃO;NÃO;CINEPLAY PANORAMICO;SOROCABA;SP;CIA DE CINEMA BRASIL
287;6;0;3;NÃO;NÃO;SIM;CINES PLAZA SHOPPING ITU;ITU;SP;EMPRESA CINEMATOGRÁFICA ARAÇATUBA LTDA
286;6;0;3;SIM;NÃO;SIM;CINEPLAY PANORAMICO;SOROCABA;SP;CIA DE CINEMA BRASIL
284;6;0;3;SIM;NÃO;SIM;CINEMAIS JUIZ DE FORA - JARDIM NORTE;JUIZ DE FORA;MG;CINEMAIS CINEMAS LTDA
284;6;0;3;NÃO;NÃO;SIM;MULTIPLEX VIA NORTE MANAUS;MANAUS;AM;MSA EMPRESA CINEMATOGRÁFICA LTDA
278;6;0;3;NÃO;NÃO;SIM;MULTIPLEX VIA NORTE MANAUS;MANAUS;AM;MSA EMPRESA CINEMATOGRÁFICA LTDA
252;6;0;3;SIM;NÃO;SIM;GRUPOCINE MARANGUAPE;MARANGUAPE;CE;EMPRESA CINEMATOGRAFICA BOMBOCINE LTDA
250;6;0;3;SIM;SIM;NÃO;CINEFLIX LONDRINA;LONDRINA;PR;MOVIESYSTEM CINEMATOGRAFICA LTDA
249;6;0;3;SIM;SIM;NÃO;CINEFLIX - VARZEA GRANDE;VÁRZEA GRANDE;MT;MOVIESYSTEM CINEMATOGRAFICA LTDA
256;5;0;3;NÃO;NÃO;SIM;MOVIECOM PENHA;SÃO PAULO;SP;CINEMATOGRÁFICA PASSOS LTDA
255;5;0;3;SIM;NÃO;SIM;MULTIPLEX DUQUE DE CAXIAS;DUQUE DE CAXIAS;RJ;MSA EMPRESA CINEMATOGRÁFICA LTDA
243;5;0;3;SIM;NÃO;SIM;GRUPOCINE VITÓRIA DE SANTO ANTÃO;VITÓRIA DE SANTO ANTÃO;PE;EMPRESA CINEMATOGRAFICA BOMBOCINE LTDA
237;5;0;3;SIM;NÃO;SIM;MULTIPLEX CAMPO LIMPO;SÃO PAULO;SP;MSA EMPRESA CINEMATOGRÁFICA LTDA
235;5;0;3;SIM;NÃO;SIM;CINEMAS UNIPLEX PARANAGUÁ;PARANAGUÁ;PR;CINEMAS UNIPLEX LTDA
216;5;0;3;SIM;NÃO;SIM;RESERVA CULTURAL DE CINEMA - NITEROI;NITERÓI;RJ;RESERVA CULTURAL DE CINEMA LTDA.
245;4;0;3;SIM;NÃO;SIM;GNC CAXIAS DO SUL;CAXIAS DO SUL;RS;PRAIA DE BELAS EMPREENDIMENTOS CINEMATOGRÁFICOS LTDA
233;4;0;3;SIM;NÃO;SIM;MULTIPLEX BAURU;BAURU;SP;MSA EMPRESA CINEMATOGRÁFICA LTDA
229;4;0;3;NÃO;NÃO;SIM;CINESYSTEM ITABORAÍ;ITABORAÍ;RJ;REDECINE - RIO CINEMATOGRAFICA S.A.
228;4;0;3;SIM;NÃO;SIM;CINEMAS UNIPLEX PARANAGUÁ;PARANAGUÁ;PR;CINEMAS UNIPLEX LTDA
219;4;0;3;SIM;NÃO;SIM;MULTIPLEX BAURU;BAURU;SP;MSA EMPRESA CINEMATOGRÁFICA LTDA
213;4;0;3;NÃO;NÃO;SIM;CINESYSTEM ITABORAÍ;ITABORAÍ;RJ;REDECINE - RIO CINEMATOGRAFICA S.A.
209;4;0;3;SIM;SIM;NÃO;CM CINEMAS SBO;SANTA BÁRBARA D'OESTE;SP;RAYL EMPRESA CINEMATOGRAFICA LTDA
202;4;0;3;SIM;SIM;NÃO;CM CINEMAS SBO;SANTA BÁRBARA D'OESTE;SP;RAYL EMPRESA CINEMATOGRAFICA LTDA
198;4;0;3;SIM;NÃO;SIM;CINEMAS UNIPLEX PARANAGUÁ;PARANAGUÁ;PR;CINEMAS UNIPLEX LTDA
172;4;0;3;SIM;SIM;NÃO;CONSTRUCINE LONDRINA;LONDRINA;PR;RR2 CINEMATOGRAFIA LTDA
165;4;0;3;NÃO;NÃO;SIM;MULTIPLEX VIA NORTE MANAUS;MANAUS;AM;MSA EMPRESA CINEMATOGRÁFICA LTDA
142;4;0;3;NÃO;NÃO;SIM;CINESYSTEM ITABORAÍ;ITABORAÍ;RJ;REDECINE - RIO CINEMATOGRAFICA S.A.
141;4;0;3;NÃO;NÃO;SIM;CINESYSTEM ITABORAÍ;ITABORAÍ;RJ;REDECINE - RIO CINEMATOGRAFICA S.A.
418;3;0;3;SIM;NÃO;SIM;CEU PERUS;SÃO PAULO;SP;EMPRESA DE CINEMA E AUDIOVISUAL DE SÃO PAULO S.A.
212;3;0;3;NÃO;NÃO;SIM;MULTIPLEX VIA NORTE MANAUS;MANAUS;AM;MSA EMPRESA CINEMATOGRÁFICA LTDA
200;3;0;3;SIM;SIM;NÃO;SALA WALTER DA SILVEIRA;SALVADOR;BA;FUNDAÇÃO CULTURAL DO ESTADO DA BAHIA
187;3;0;3;SIM;NÃO;SIM;RESERVA CULTURAL BELA VISTA;SÃO PAULO;SP;RESERVA CULTURAL DE CINEMA LTDA.
137;3;0;3;SIM;NÃO;SIM;MULTICINE SOBRAL;SOBRAL;CE;MULTICINE CINEMAS LTDA
131;3;0;3;SIM;SIM;NÃO;CINEFLIX - CASCAVEL;CASCAVEL;PR;MOVIESYSTEM CINEMATOGRAFICA LTDA
120;3;0;3;SIM;NÃO;SIM;UCI PARK JACAREPAGUÁ;RIO DE JANEIRO;RJ;UNITED CINEMAS INTERNATIONAL BRASIL LTDA.
117;3;0;3;SIM;SIM;NÃO;CINEFLIX - CASCAVEL;CASCAVEL;PR;MOVIESYSTEM CINEMATOGRAFICA LTDA
244;2;0;3;SIM;NÃO;SIM;CINEMAIS MONTES CLAROS;MONTES CLAROS;MG;CINEMAIS CINEMAS LTDA
232;2;0;3;SIM;NÃO;SIM;CINESERCLA AVENIDA;FEIRA DE SANTANA;BA;LB CINEMAS LTDA
199;2;0;3;SIM;NÃO;SIM;CINE COLOMBO RESENDE;RESENDE;RJ;CINE A LTDA
162;2;0;3;SIM;NÃO;SIM;CINE A SAO LOURENÇO;SÃO LOURENÇO;MG;CINE A LTDA
157;2;0;3;SIM;NÃO;SIM;TOP CINEPLEX PAULÍNIA;PAULÍNIA;SP;DIAS CINEMATOGRAFICA LTDA
89;2;0;3;SIM;SIM;NÃO;CINEFLIX - RIO VERDE;RIO VERDE;GO;MOVIESYSTEM CINEMATOGRAFICA LTDA
173;4;20;2;SIM;NÃO;NÃO;PATROCINE;PATROCÍNIO;MG;PATROCINEMA LTDA
163;2;9;2;NÃO;NÃO;SIM;CINE'N FUN;BAURU;SP;LANCHES ALAMEDA QUALITY CENTER LTDA
170;6;8;2;SIM;NÃO;SIM;CINEMAXS PARANÁ FAMÍLIA;CAMPO MOURÃO;PR;H.C. DA GRAÇA & CIA LTDA ME
203;3;8;2;SIM;SIM;NÃO;CINE SHOW MACAÉ;MACAÉ;RJ;TATU FILMES LTDA
200;3;8;2;SIM;SIM;NÃO;CINE SHOW MACAÉ;MACAÉ;RJ;TATU FILMES LTDA
192;3;8;2;SIM;SIM;NÃO;CINE SHOW MACAÉ;MACAÉ;RJ;TATU FILMES LTDA
191;2;8;2;NÃO;NÃO;SIM;CM CINEMAS ARARUAMA;ARARUAMA;RJ;CRYK CINEMA ARARUAMA LTDA
190;2;8;2;NÃO;NÃO;SIM;CM CINEMAS ARARUAMA;ARARUAMA;RJ;CRYK CINEMA ARARUAMA LTDA
89;1;8;2;NÃO;SIM;NÃO;CINEX ARAGUAÍNA;ARAGUAÍNA;TO;NEO ENTRETENIMENTOS EMPRESARIAIS LTDA
228;3;7;2;SIM;NÃO;SIM;CINE SUPER K;BOA VISTA;RR;J M KIMAK E CIA LTDA
113;2;7;2;NÃO;NÃO;SIM;CINEMAX XINGUARA 2;XINGUARA;PA;CINEMAX XINGUARA LTDA
183;4;6;2;SIM;SIM;NÃO;GRUPOCINE TERRAZO EUSÉBIO;EUSÉBIO;CE;EMPRESA CINEMATOGRAFICA BOMBOCINE LTDA
192;3;6;2;SIM;SIM;NÃO;CINE SHOW MACAÉ;MACAÉ;RJ;TATU FILMES LTDA
125;2;6;2;SIM;NÃO;SIM;CINE SUPER K;BOA VISTA;RR;J M KIMAK E CIA LTDA
216;5;5;2;SIM;SIM;NÃO;CINESYSTEM FREI CANECA;SÃO PAULO;SP;REDECINE BRA CINEMATOGRÁFICA S.A.
35;5;5;2;NÃO;NÃO;NÃO;CINE LT3;SÃO PAULO;SP;LT3 STUDIOS LTDA
203;4;5;2;SIM;SIM;NÃO;CINE SHOW MACAÉ;MACAÉ;RJ;TATU FILMES LTDA
90;2;5;2;NÃO;SIM;SIM;CINE PASSEIO;CURITIBA;PR;CURITIBA ARTE - INSTITUTO CURITIBA DE ARTE E CULTURA
296;7;4;2;SIM;NÃO;SIM;UCI BRASIL - SUMAÚMA PARK SHOPPING;MANAUS;AM;UNITED CINEMAS INTERNATIONAL BRASIL LTDA.
259;4;4;2;NÃO;NÃO;SIM;MOVIECOM CASTANHEIRA;BELÉM;PA;MOVIE CINEMAS LTDA
255;4;4;2;SIM;SIM;NÃO;CINESYSTEM BOTAFOGO;RIO DE JANEIRO;RJ;REDECINE BRA CINEMATOGRÁFICA S.A.
211;4;4;2;SIM;SIM;NÃO;GRUPOCINE TERRAZO EUSÉBIO;EUSÉBIO;CE;EMPRESA CINEMATOGRAFICA BOMBOCINE LTDA
209;4;4;2;SIM;SIM;NÃO;CINESYSTEM BRASILIA;BRASÍLIA;DF;REDECINE BRA CINEMATOGRÁFICA S.A.
203;4;4;2;SIM;NÃO;SIM;GNC GARTEN;JOINVILLE;SC;PRAIA DE BELAS EMPREENDIMENTOS CINEMATOGRÁFICOS LTDA
201;4;4;2;SIM;NÃO;SIM;CINEART MINAS SHOPPING;BELO HORIZONTE;MG;DELTA FILMES LTDA
193;4;4;2;SIM;SIM;NÃO;CINESYSTEM BRASILIA;BRASÍLIA;DF;REDECINE BRA CINEMATOGRÁFICA S.A.
163;4;4;2;SIM;NÃO;SIM;CENTRO CULTURAL ARTE PAJUÇARA;MACEIÓ;AL;ASSOCIAÇÃO CULTURAL ARTE PAJUÇARA - ACAP
160;4;4;2;NÃO;NÃO;SIM;CM CINEMAS RIO DAS OSTRAS;RIO DAS OSTRAS;RJ;CRYK CINEMA RIO DAS OSTRAS LTDA
150;4;4;2;SIM;SIM;NÃO;CINEFLIX - GRANJA VIANNA;COTIA;SP;MOVIESYSTEM CINEMATOGRAFICA LTDA
150;4;4;2;NÃO;SIM;NÃO;CIRCUITO CINEMAS - PPR;PRESIDENTE PRUDENTE;SP;CIRCUITO ENTRETENIMENTO E CINEMAS LTDA
150;4;4;2;SIM;NÃO;SIM;CINEMEC CINE MIZIARA;TAQUARITINGA;SP;WILDE MARIA PEREIRA DOS SANTOS QUADROS - ME
133;2;4;2;SIM;NÃO;SIM;CINE SUPER K;BOA VISTA;RR;J M KIMAK E CIA LTDA
119;2;4;2;SIM;NÃO;SIM;CINE SUPER K;BOA VISTA;RR;J M KIMAK E CIA LTDA
88;2;4;2;SIM;SIM;NÃO;GRUPOCINE SUMARÉ;SUMARÉ;SP;EMPRESA CINEMATOGRAFICA BOMBOCINE LTDA
324;6;3;2;SIM;NÃO;SIM;CINEMAIS JUIZ DE FORA - JARDIM NORTE;JUIZ DE FORA;MG;CINEMAIS CINEMAS LTDA
290;6;3;2;SIM;NÃO;SIM;691 CINEMARK NITEROI;NITERÓI;RJ;CINEMARK BRASIL S.A
284;6;3;2;SIM;NÃO;SIM;702 CINEMARK VITORIA;VITÓRIA;ES;CINEMARK BRASIL S.A
250;6;3;2;NÃO;NÃO;SIM;UCI BRASIL-SHOPPING BOSQUE DOS IPÊS;CAMPO GRANDE;MS;UNITED CINEMAS INTERNATIONAL BRASIL LTDA.
249;5;3;2;SIM;NÃO;SIM;KINOPLEX OSASCO;OSASCO;SP;EMPRESA CINEMAS SÃO LUIZ S/A
248;5;3;2;NÃO;NÃO;SIM;UCI RIBEIRO - SHOPPING CENTER RECIFE;RECIFE;PE;UCI RIBEIRO LTDA
246;5;3;2;NÃO;NÃO;SIM;UCI ORIENT SHOPPING DA BAHIA;SALVADOR;BA;UCI-ORIENT LTDA
245;5;3;2;NÃO;NÃO;SIM;UCI ORIENT SHOPPING DA BAHIA;SALVADOR;BA;UCI-ORIENT LTDA
245;5;3;2;SIM;NÃO;SIM;UCI ORIENT - SHOPPING CENTER PARALELA;SALVADOR;BA;UCI-ORIENT LTDA
244;5;3;2;SIM;NÃO;SIM;UCI RIBEIRO - SHOPPING CENTER IGUATEMI FORTALEZA;FORTALEZA;CE;UCI RIBEIRO LTDA
241;5;3;2;SIM;NÃO;SIM;UCI RIBEIRO - SHOPPING INDEPENDÊNCIA;JUIZ DE FORA;MG;UCI RIBEIRO LTDA
239;5;3;2;SIM;NÃO;SIM;UCI RIBEIRO - SHOPPING INDEPENDÊNCIA;JUIZ DE FORA;MG;UCI RIBEIRO LTDA
238;5;3;2;SIM;NÃO;SIM;UCI BRASIL - ESTAÇÃO PLAZA SHOW;CURITIBA;PR;UNITED CINEMAS INTERNATIONAL BRASIL LTDA.
231;5;3;2;NÃO;NÃO;SIM;UCI ORIENT SHOPPING DA BAHIA;SALVADOR;BA;UCI-ORIENT LTDA
230;5;3;2;SIM;NÃO;NÃO;UCI BRASIL - SHOPPING CENTER RIBEIRÃO PRETO;RIBEIRÃO PRETO;SP;UNITED CINEMAS INTERNATIONAL BRASIL LTDA.
229;5;3;2;SIM;NÃO;SIM;UCI RIBEIRO - SHOPPING CENTER IGUATEMI FORTALEZA;FORTALEZA;CE;UCI RIBEIRO LTDA
229;5;3;2;NÃO;NÃO;SIM;UCI ORIENT SHOPPING DA BAHIA;SALVADOR;BA;UCI-ORIENT LTDA
228;5;3;2;SIM;NÃO;SIM;UCI BRASIL - ANALIA FRANCO;SÃO PAULO;SP;UNITED CINEMAS INTERNATIONAL BRASIL LTDA.
227;5;3;2;SIM;NÃO;SIM;UCI BRASIL - NEW YORK;RIO DE JANEIRO;RJ;UNITED CINEMAS INTERNATIONAL BRASIL LTDA.
219;5;3;2;SIM;NÃO;SIM;691 CINEMARK NITEROI;NITERÓI;RJ;CINEMARK BRASIL S.A
217;5;3;2;SIM;NÃO;SIM;UCI BRASIL - SHOPPING JARDIM SUL;SÃO PAULO;SP;UNITED CINEMAS INTERNATIONAL BRASIL LTDA.
213;5;3;2;SIM;NÃO;SIM;UCI RIBEIRO - SHOPPING CENTER IGUATEMI FORTALEZA;FORTALEZA;CE;UCI RIBEIRO LTDA
209;5;3;2;SIM;NÃO;SIM;UCI RIBEIRO - SHOPPING CENTER IGUATEMI FORTALEZA;FORTALEZA;CE;UCI RIBEIRO LTDA
209;5;3;2;SIM;NÃO;SIM;704 CINEMARK BARRA SUL;PORTO ALEGRE;RS;CINEMARK BRASIL S.A
206;5;3;2;SIM;NÃO;SIM;UCI BRASIL - SANTANA PARQUE SHOPPING;SÃO PAULO;SP;UNITED CINEMAS INTERNATIONAL BRASIL LTDA.
194;5;3;2;NÃO;NÃO;SIM;CINE XTREME PAULO AFONSO;PAULO AFONSO;BA;CINE XTREME PAULO AFONSO LTDA
282;4;3;2;SIM;NÃO;SIM;692 CINEMARK CARIOCA;RIO DE JANEIRO;RJ;CINEMARK BRASIL S.A
245;4;3;2;SIM;NÃO;SIM;698 CINEMARK MUELLER;CURITIBA;PR;CINEMARK BRASIL S.A
244;4;3;2;NÃO;NÃO;NÃO;MOVIECOM CASTANHEIRA;BELÉM;PA;MOVIE CINEMAS LTDA
227;4;3;2;SIM;NÃO;SIM;UCI RIBEIRO - NORTE SHOPPING;RIO DE JANEIRO;RJ;UCI RIBEIRO LTDA
204;4;3;2;SIM;NÃO;SIM;UCI BRASIL - NEW YORK;RIO DE JANEIRO;RJ;UNITED CINEMAS INTERNATIONAL BRASIL LTDA.
128;4;3;2;SIM;NÃO;SIM;GRUPOCINE GUARUJÁ;GUARUJÁ;SP;EMPRESA CINEMATOGRAFICA BOMBOCINE LTDA
114;4;3;2;SIM;NÃO;SIM;GRUPOCINE GUARUJÁ;GUARUJÁ;SP;EMPRESA CINEMATOGRAFICA BOMBOCINE LTDA
75;4;3;2;SIM;SIM;NÃO;MULTICINE PATO BRANCO;PATO BRANCO;PR;MOVIEPLACE EMPRESA DE CINEMAS LTDA
72;4;3;2;SIM;SIM;NÃO;MULTICINE PATO BRANCO;PATO BRANCO;PR;MOVIEPLACE EMPRESA DE CINEMAS LTDA
167;3;3;2;SIM;NÃO;SIM;CINE ITAIM PAULISTA;SÃO PAULO;SP;COMPLEXO ITAIM PAULISTA DE CINEMAS EIRELI-ME
157;3;3;2;SIM;NÃO;SIM;CINE ITAIM PAULISTA;SÃO PAULO;SP;COMPLEXO ITAIM PAULISTA DE CINEMAS EIRELI-ME
154;3;3;2;SIM;NÃO;SIM;CULT CINEMAS ALEGRETE;ALEGRETE;RS;CULT CINEMAS ALEGRETE LTDA
135;3;3;2;SIM;NÃO;SIM;CENTERPLEX ARACAJU;ARACAJU;SE;CINE ELI SERGIPE CINEMAS LTDA
135;3;3;2;SIM;SIM;NÃO;MULTIPLEX ITATIBA MALL;ITATIBA;SP;FVL EMPRESA CINEMATOGRAFICA LTDA
135;3;3;2;NÃO;NÃO;SIM;MOVIE ARTE NOVA PRATA;NOVA PRATA;RS;ROBERTA GORNISKI
133;3;3;2;SIM;SIM;NÃO;MULTIPLEX ITATIBA MALL;ITATIBA;SP;FVL EMPRESA CINEMATOGRAFICA LTDA
129;3;3;2;SIM;SIM;NÃO;MULTIPLEX ITATIBA MALL;ITATIBA;SP;FVL EMPRESA CINEMATOGRAFICA LTDA
127;3;3;2;SIM;NÃO;SIM;CINE MARQUISE ULTRAVISÃO;POÇOS DE CALDAS;MG;ULTRAVISÃO CINEMAS E ENTRETENIMENTO LTDA.
122;3;3;2;SIM;SIM;NÃO;CINESYSTEM FREI CANECA;SÃO PAULO;SP;REDECINE BRA CINEMATOGRÁFICA S.A.
118;3;3;2;NÃO;NÃO;SIM;CINESERCLA PÁTIO MIX TEIXEIRA;TEIXEIRA DE FREITAS;BA;ADICINE ADMINISTRADORA DE CINEMAS LTDA
112;3;3;2;NÃO;NÃO;SIM;CINE GRACHER PORTO BELO;PORTO BELO;SC;CINE GRACHER LTDA
95;3;3;2;NÃO;NÃO;SIM;CM CINEMAS RIO DAS OSTRAS;RIO DAS OSTRAS;RJ;CRYK CINEMA RIO DAS OSTRAS LTDA
88;3;3;2;SIM;NÃO;SIM;CINE MARQUISE ULTRAVISÃO;POÇOS DE CALDAS;MG;ULTRAVISÃO CINEMAS E ENTRETENIMENTO LTDA.
241;2;3;2;SIM;NÃO;SIM;UCI RIBEIRO - NORTE SHOPPING;RIO DE JANEIRO;RJ;UCI RIBEIRO LTDA
120;2;3;2;NÃO;SIM;SIM;CINE GRACHER HAVAN;BRUSQUE;SC;CINE GRACHER LTDA
105;2;3;2;NÃO;SIM;SIM;CINE GRACHER HAVAN;BRUSQUE;SC;CINE GRACHER LTDA
67;2;3;2;NÃO;SIM;NÃO;CINE CARIOCA JOSÉ WILKER;RIO DE JANEIRO;RJ;ARTE VITAL EXIBIÇÕES CINEMATOGRÁFICAS LTDA
67;2;3;2;SIM;SIM;NÃO;CINE CARIOCA JOSÉ WILKER;RIO DE JANEIRO;RJ;ARTE VITAL EXIBIÇÕES CINEMATOGRÁFICAS LTDA
338;7;2;2;SIM;NÃO;SIM;MOVIECOM PÁTEO ITAQUÁ;ITAQUAQUECETUBA;SP;MOVIE CINEMAS LTDA
315;6;2;2;SIM;SIM;NÃO;RITZ ALAMEDAS;BOITUVA;SP;CINEMATOGRAFICA BOITUVA LTDA ME
281;6;2;2;SIM;NÃO;SIM;CINEMAIS GUARATINGUETÁ;GUARATINGUETÁ;SP;CINEMAIS CINEMAS LTDA
279;6;2;2;SIM;SIM;NÃO;CINE A LORENA;LORENA;SP;CINE A LTDA
275;6;2;2;SIM;NÃO;SIM;MOVIECOM PÁTEO ITAQUÁ;ITAQUAQUECETUBA;SP;MOVIE CINEMAS LTDA
170;6;2;2;NÃO;NÃO;SIM;CINEPREMIUM FAROL;MACEIÓ;AL;REDE CINEMATOGRÁFICA DE CINEMAS PREMIUM LTDA
160;6;2;2;NÃO;NÃO;NÃO;CIRCUITO KARAJAS SHOPPING;PARAUAPEBAS;PA;CIRCUITO ENTRETENIMENTO E CINEMAS LTDA
157;6;2;2;NÃO;NÃO;NÃO;CIRCUITO KARAJAS SHOPPING;PARAUAPEBAS;PA;CIRCUITO ENTRETENIMENTO E CINEMAS LTDA
278;5;2;2;SIM;NÃO;SIM;CINÉPOLIS RIOMAR;FORTALEZA;CE;CINEPOLIS OPERADORA DE CINEMAS DO BRASIL LTDA
261;5;2;2;SIM;NÃO;SIM;CINEPOLIS JARDIM ORIENTE;SÃO JOSÉ DOS CAMPOS;SP;CINEPOLIS OPERADORA DE CINEMAS DO BRASIL LTDA
259;5;2;2;SIM;NÃO;SIM;CINÉPOLIS ESTAÇÃO CUIABÁ;CUIABÁ;MT;CINEPOLIS OPERADORA DE CINEMAS DO BRASIL LTDA
248;5;2;2;SIM;NÃO;SIM;CINEPOLIS SANTA ÚRSULA;RIBEIRÃO PRETO;SP;CINEPOLIS OPERADORA DE CINEMAS DO BRASIL LTDA
246;5;2;2;SIM;NÃO;SIM;CINÉPOLIS BAURU;BAURU;SP;CINEPOLIS OPERADORA DE CINEMAS DO BRASIL LTDA
240;5;2;2;SIM;NÃO;SIM;CINÉPOLIS JUNDIAI SHOPPING;JUNDIAÍ;SP;CINEPOLIS OPERADORA DE CINEMAS DO BRASIL LTDA
239;5;2;2;SIM;NÃO;SIM;CINEPOLIS BLUMENAU;BLUMENAU;SC;CINEPOLIS OPERADORA DE CINEMAS DO BRASIL LTDA
238;5;2;2;SIM;SIM;NÃO;CINE A LORENA;LORENA;SP;CINE A LTDA
237;5;2;2;SIM;NÃO;SIM;CINÉPOLIS SANTA MARIA;SANTA MARIA;RS;CINEPOLIS OPERADORA DE CINEMAS DO BRASIL LTDA
236;5;2;2;SIM;NÃO;SIM;CINÉPOLIS BAURU;BAURU;SP;CINEPOLIS OPERADORA DE CINEMAS DO BRASIL LTDA
236;5;2;2;SIM;NÃO;SIM;CINEPOLIS SHOPPING MOXUARA;CARIACICA;ES;CINEPOLIS OPERADORA DE CINEMAS DO BRASIL LTDA
231;5;2;2;SIM;NÃO;SIM;CINEPOLIS PARQUE BARUERI VIP;BARUERI;SP;CINEPOLIS OPERADORA DE CINEMAS DO BRASIL LTDA
230;5;2;2;SIM;NÃO;SIM;CINEPOLIS CONTINENTE PARK;SÃO JOSÉ;SC;CINEPOLIS OPERADORA DE CINEMAS DO BRASIL LTDA
229;5;2;2;SIM;NÃO;SIM;CINÉPOLIS NORTH SHOPPING JÓQUEI;FORTALEZA;CE;CINEPOLIS OPERADORA DE CINEMAS DO BRASIL LTDA
227;5;2;2;SIM;NÃO;SIM;CINEPOLIS OURINHOS;OURINHOS;SP;CINEPOLIS OPERADORA DE CINEMAS DO BRASIL LTDA
225;5;2;2;SIM;NÃO;SIM;CINEPOLIS SHOPPING PATTEO OLINDA;OLINDA;PE;CINEPOLIS OPERADORA DE CINEMAS DO BRASIL LTDA
169;5;2;2;SIM;SIM;NÃO;CINE LUZ;ITAPECURU MIRIM;MA;CINE FREITAS EXIBIÇÕES CINEMATOGRAFICAS LTDA
326;4;2;2;SIM;NÃO;NÃO;CINE SHOW TERESÓPOLIS;TERESÓPOLIS;RJ;TATU FILMES LTDA
272;4;2;2;SIM;SIM;NÃO;GRUPOCINE LAPA;SÃO PAULO;SP;EMPRESA CINEMATOGRAFICA BOMBOCINE LTDA
227;4;2;2;SIM;NÃO;SIM;CINEPOLIS JARDIM ORIENTE;SÃO JOSÉ DOS CAMPOS;SP;CINEPOLIS OPERADORA DE CINEMAS DO BRASIL LTDA
225;4;2;2;SIM;NÃO;SIM;CINÉPOLIS MANGABEIRA;JOÃO PESSOA;PB;CINEPOLIS OPERADORA DE CINEMAS DO BRASIL LTDA
223;4;2;2;SIM;NÃO;SIM;CINEPOLIS IGUATEMI SÃO JOSÉ DO RIO PRETO;SÃO JOSÉ DO RIO PRETO;SP;CINEPOLIS OPERADORA DE CINEMAS DO BRASIL LTDA
219;4;2;2;SIM;SIM;NÃO;CINESERCLA PRAIA SUL;ARACAJU;SE;LB CINEMAS LTDA
218;4;2;2;SIM;NÃO;SIM;CINÉPOLIS PARQUE MAIA;GUARULHOS;SP;CINEPOLIS OPERADORA DE CINEMAS DO BRASIL LTDA
218;4;2;2;SIM;NÃO;SIM;CINEPOLIS JARDIM ORIENTE;SÃO JOSÉ DOS CAMPOS;SP;CINEPOLIS OPERADORA DE CINEMAS DO BRASIL LTDA
217;4;2;2;SIM;NÃO;SIM;CINÉPOLIS LARGO XIII;SÃO PAULO;SP;CINEPOLIS OPERADORA DE CINEMAS DO BRASIL LTDA
216;4;2;2;SIM;NÃO;SIM;CINÉPOLIS RIOMAR KENNEDY;FORTALEZA;CE;CINEPOLIS OPERADORA DE CINEMAS DO BRASIL LTDA
215;4;2;2;SIM;NÃO;SIM;CINÉPOLIS BAURU;BAURU;SP;CINEPOLIS OPERADORA DE CINEMAS DO BRASIL LTDA
215;4;2;2;SIM;NÃO;SIM;CINÉPOLIS IGUATEMI ESPLANADA;VOTORANTIM;SP;CINEPOLIS OPERADORA DE CINEMAS DO BRASIL LTDA
211;4;2;2;NÃO;NÃO;SIM;CINÉPOLIS RIO POTY;TERESINA;PI;CINEPOLIS OPERADORA DE CINEMAS DO BRASIL LTDA
210;4;2;2;SIM;NÃO;SIM;CINÉPOLIS PARQUE MAIA;GUARULHOS;SP;CINEPOLIS OPERADORA DE CINEMAS DO BRASIL LTDA
210;4;2;2;SIM;NÃO;SIM;CINÉPOLIS MANGABEIRA;JOÃO PESSOA;PB;CINEPOLIS OPERADORA DE CINEMAS DO BRASIL LTDA
209;4;2;2;SIM;NÃO;SIM;CINEPOLIS JARDIM ORIENTE;SÃO JOSÉ DOS CAMPOS;SP;CINEPOLIS OPERADORA DE CINEMAS DO BRASIL LTDA
208;4;2;2;SIM;NÃO;SIM;CINÉPOLIS ESTAÇÃO CUIABÁ;CUIABÁ;MT;CINEPOLIS OPERADORA DE CINEMAS DO BRASIL LTDA
208;4;2;2;NÃO;NÃO;SIM;CINÉPOLIS RIO POTY;TERESINA;PI;CINEPOLIS OPERADORA DE CINEMAS DO BRASIL LTDA
207;4;2;2;SIM;SIM;NÃO;CINESERCLA PRAIA SUL;ARACAJU;SE;LB CINEMAS LTDA
206;4;2;2;SIM;NÃO;SIM;CINEPOLIS SHOPPING MOXUARA;CARIACICA;ES;CINEPOLIS OPERADORA DE CINEMAS DO BRASIL LTDA
206;4;2;2;NÃO;NÃO;NÃO;PLANET NITERÓI;NITERÓI;RJ;SRS PLANET CINEMAS LTDA
206;4;2;2;SIM;NÃO;SIM;CINEPOLIS OURINHOS;OURINHOS;SP;CINEPOLIS OPERADORA DE CINEMAS DO BRASIL LTDA
205;4;2;2;SIM;NÃO;SIM;KINOPLEX NOVA AMÉRICA;RIO DE JANEIRO;RJ;EMPRESA CINEMAS SÃO LUIZ S/A
202;4;2;2;SIM;NÃO;SIM;KINOPLEX PARK SHOPPING;BRASÍLIA;DF;CINEMAS PARIS SEVERIANO RIBEIRO LTDA
201;4;2;2;SIM;NÃO;SIM;CINEPOLIS JP PORTO ALEGRE;PORTO ALEGRE;RS;CINEPOLIS OPERADORA DE CINEMAS DO BRASIL LTDA
200;4;2;2;SIM;NÃO;SIM;CINE 7 BAGÉ;BAGÉ;RS;SERGIO MAURILIO DA SILVA GONCALVES & CIA LTDA
200;4;2;2;SIM;NÃO;SIM;UCI RIBEIRO - SHOPPING CENTER IGUATEMI FORTALEZA;FORTALEZA;CE;UCI RIBEIRO LTDA
200;4;2;2;SIM;NÃO;SIM;CINÉPOLIS SÃO BERNARDO;SÃO BERNARDO DO CAMPO;SP;CINEPOLIS OPERADORA DE CINEMAS DO BRASIL LTDA
198;4;2;2;SIM;NÃO;SIM;CINEPOLIS PARQUE BARUERI VIP;BARUERI;SP;CINEPOLIS OPERADORA DE CINEMAS DO BRASIL LTDA
198;4;2;2;SIM;NÃO;SIM;UCI BRASIL SHOPPING PARANGABA CE;FORTALEZA;CE;UNITED CINEMAS INTERNATIONAL BRASIL LTDA.
198;4;2;2;NÃO;NÃO;SIM;UCI RIBEIRO - SHOPPING CENTER RECIFE;RECIFE;PE;UCI RIBEIRO LTDA
197;4;2;2;NÃO;NÃO;NÃO;UCI BRASIL-SHOPPING BOSQUE DOS IPÊS;CAMPO GRANDE;MS;UNITED CINEMAS INTERNATIONAL BRASIL LTDA.
196;4;2;2;SIM;NÃO;SIM;CM CINEMAS BACAXA;SAQUAREMA;RJ;CRYK CINEMA BACAXA LTDA
195;4;2;2;SIM;SIM;NÃO;GRUPOCINE VARGEM GRANDE PAULISTA;VARGEM GRANDE PAULISTA;SP;EMPRESA CINEMATOGRAFICA BOMBOCINE LTDA
194;4;2;2;SIM;NÃO;NÃO;UCI BRASIL - SHOPPING CENTER RIBEIRÃO PRETO;RIBEIRÃO PRETO;SP;UNITED CINEMAS INTERNATIONAL BRASIL LTDA.
193;4;2;2;NÃO;NÃO;SIM;UCI RIBEIRO - SHOPPING CENTER RECIFE;RECIFE;PE;UCI RIBEIRO LTDA
187;4;2;2;SIM;NÃO;SIM;UCI BRASIL - SHOPPING BOSQUE GRÃO PARÁ;BELÉM;PA;UNITED CINEMAS INTERNATIONAL BRASIL LTDA.
186;4;2;2;SIM;SIM;NÃO;2139 - CINEMARK URUPEMA;MOGI DAS CRUZES;SP;CINEMARK BRASIL S.A
186;4;2;2;SIM;NÃO;SIM;KINOPLEX IGUAÇU TOP;NOVA IGUAÇU;RJ;EMPRESA CINEMAS SÃO LUIZ S/A
184;4;2;2;SIM;NÃO;SIM;MULTIPLEX PATIO RORAIMA;BOA VISTA;RR;MSA EMPRESA CINEMATOGRÁFICA LTDA
184;4;2;2;SIM;NÃO;SIM;UCI BRASIL - ESTAÇÃO PLAZA SHOW;CURITIBA;PR;UNITED CINEMAS INTERNATIONAL BRASIL LTDA.
183;4;2;2;SIM;SIM;NÃO;CINESERCLA CAMPOS DOS GOYTACAZES;CAMPOS DOS GOITACAZES;RJ;ADICINE ADMINISTRADORA DE CINEMAS LTDA
183;4;2;2;SIM;NÃO;SIM;UCI BRASIL - PARK SHOPPING CAMPO GRANDE;RIO DE JANEIRO;RJ;UNITED CINEMAS INTERNATIONAL BRASIL LTDA.
182;4;2;2;SIM;SIM;NÃO;GRUPOCINE VARGEM GRANDE PAULISTA;VARGEM GRANDE PAULISTA;SP;EMPRESA CINEMATOGRAFICA BOMBOCINE LTDA
181;4;2;2;SIM;NÃO;SIM;UCI BRASIL SHOPPING PARANGABA CE;FORTALEZA;CE;UNITED CINEMAS INTERNATIONAL BRASIL LTDA.
181;4;2;2;SIM;NÃO;SIM;UCI BRASIL - PARK SHOPPING CAMPO GRANDE;RIO DE JANEIRO;RJ;UNITED CINEMAS INTERNATIONAL BRASIL LTDA.
178;4;2;2;SIM;SIM;NÃO;CINESERCLA PRAIA SUL;ARACAJU;SE;LB CINEMAS LTDA
178;4;2;2;SIM;NÃO;SIM;UCI BRASIL - SHOPPING BOSQUE GRÃO PARÁ;BELÉM;PA;UNITED CINEMAS INTERNATIONAL BRASIL LTDA.
178;4;2;2;SIM;NÃO;SIM;UCI RIBEIRO - SHOPPING CENTER IGUATEMI FORTALEZA;FORTALEZA;CE;UCI RIBEIRO LTDA
177;4;2;2;SIM;NÃO;SIM;UCI PARK SHOPPING CANOAS;CANOAS;RS;UNITED CINEMAS INTERNATIONAL BRASIL LTDA.
175;4;2;2;SIM;NÃO;SIM;CINÉPOLIS SÃO BERNARDO;SÃO BERNARDO DO CAMPO;SP;CINEPOLIS OPERADORA DE CINEMAS DO BRASIL LTDA
173;4;2;2;SIM;NÃO;SIM;UCI BRASIL - NEW YORK;RIO DE JANEIRO;RJ;UNITED CINEMAS INTERNATIONAL BRASIL LTDA.
172;4;2;2;SIM;NÃO;SIM;UCI RIBEIRO - SHOPPING CENTER IGUATEMI FORTALEZA;FORTALEZA;CE;UCI RIBEIRO LTDA
172;4;2;2;SIM;SIM;NÃO;2139 - CINEMARK URUPEMA;MOGI DAS CRUZES;SP;CINEMARK BRASIL S.A
171;4;2;2;SIM;NÃO;SIM;UCI PARK SHOPPING CANOAS;CANOAS;RS;UNITED CINEMAS INTERNATIONAL BRASIL LTDA.
171;4;2;2;SIM;NÃO;SIM;UCI BRASIL - PARK SHOPPING CAMPO GRANDE;RIO DE JANEIRO;RJ;UNITED CINEMAS INTERNATIONAL BRASIL LTDA.
170;4;2;2;SIM;NÃO;SIM;UCI RIBEIRO - SHOPPING CENTER IGUATEMI FORTALEZA;FORTALEZA;CE;UCI RIBEIRO LTDA
170;4;2;2;SIM;SIM;NÃO;UCI MANAUARA;MANAUS;AM;UNITED CINEMAS INTERNATIONAL BRASIL LTDA.
169;4;2;2;SIM;NÃO;SIM;UCI PARK SHOPPING CANOAS;CANOAS;RS;UNITED CINEMAS INTERNATIONAL BRASIL LTDA.
169;4;2;2;SIM;NÃO;NÃO;UCI BRASIL - SHOPPING CENTER RIBEIRÃO PRETO;RIBEIRÃO PRETO;SP;UNITED CINEMAS INTERNATIONAL BRASIL LTDA.
168;4;2;2;SIM;SIM;NÃO;CINE GRACHER CANELA;CANELA;RS;CINE GRACHER LTDA
168;4;2;2;NÃO;SIM;NÃO;PORTÃO CULTURAL;CURITIBA;PR;CURITIBA ARTE - INSTITUTO CURITIBA DE ARTE E CULTURA
168;4;2;2;SIM;NÃO;SIM;UCI BRASIL - NEW YORK;RIO DE JANEIRO;RJ;UNITED CINEMAS INTERNATIONAL BRASIL LTDA.
166;4;2;2;SIM;NÃO;NÃO;UCI BRASIL - SHOPPING CENTER RIBEIRÃO PRETO;RIBEIRÃO PRETO;SP;UNITED CINEMAS INTERNATIONAL BRASIL LTDA.
166;4;2;2;SIM;NÃO;SIM;UCI BRASIL - NEW YORK;RIO DE JANEIRO;RJ;UNITED CINEMAS INTERNATIONAL BRASIL LTDA.
166;4;2;2;SIM;SIM;NÃO;CINE A CONTINENTAL;SÃO PAULO;SP;CINE A LTDA
166;4;2;2;SIM;NÃO;SIM;UCI BRASIL - SANTANA PARQUE SHOPPING;SÃO PAULO;SP;UNITED CINEMAS INTERNATIONAL BRASIL LTDA.
165;4;2;2;SIM;NÃO;SIM;UCI RIBEIRO - SHOPPING INDEPENDÊNCIA;JUIZ DE FORA;MG;UCI RIBEIRO LTDA
165;4;2;2;SIM;SIM;NÃO;2139 - CINEMARK URUPEMA;MOGI DAS CRUZES;SP;CINEMARK BRASIL S.A
165;4;2;2;SIM;NÃO;SIM;CINÉPOLIS SÃO BERNARDO;SÃO BERNARDO DO CAMPO;SP;CINEPOLIS OPERADORA DE CINEMAS DO BRASIL LTDA
163;4;2;2;SIM;NÃO;SIM;CINESERCLA SHOPPING NORTE;BELO HORIZONTE;MG;EMPRESA DE CINEMAS SERCLA LTDA
160;4;2;2;SIM;NÃO;SIM;UCI BRASIL - ESTAÇÃO PLAZA SHOW;CURITIBA;PR;UNITED CINEMAS INTERNATIONAL BRASIL LTDA.
160;4;2;2;SIM;NÃO;SIM;UCI BRASIL - SHOPPING CENTER RIBEIRÃO PRETO;RIBEIRÃO PRETO;SP;UNITED CINEMAS INTERNATIONAL BRASIL LTDA.
159;4;2;2;SIM;NÃO;SIM;UCI BRASIL - PALLADIUM SHOPPING;CURITIBA;PR;UNITED CINEMAS INTERNATIONAL BRASIL LTDA.
159;4;2;2;SIM;NÃO;SIM;CINE PLAYARTE ABC;SANTO ANDRÉ;SP;PLAYARTE CINEMAS LTDA.
158;4;2;2;SIM;NÃO;SIM;UCI PARK SHOPPING CANOAS;CANOAS;RS;UNITED CINEMAS INTERNATIONAL BRASIL LTDA.
158;4;2;2;SIM;NÃO;SIM;UCI BRASIL - NEW YORK;RIO DE JANEIRO;RJ;UNITED CINEMAS INTERNATIONAL BRASIL LTDA.
158;4;2;2;SIM;NÃO;SIM;CINE PLAYARTE ABC;SANTO ANDRÉ;SP;PLAYARTE CINEMAS LTDA.
157;4;2;2;SIM;NÃO;SIM;KINOPLEX PARK SHOPPING;BRASÍLIA;DF;CINEMAS PARIS SEVERIANO RIBEIRO LTDA
156;4;2;2;SIM;NÃO;SIM;NOVO CINE VOTUPORANGA;VOTUPORANGA;SP;ARENA CINEMATOGRAFIA LTDA
154;4;2;2;SIM;NÃO;SIM;CINEPOLIS PARQUE BARUERI VIP;BARUERI;SP;CINEPOLIS OPERADORA DE CINEMAS DO BRASIL LTDA
149;4;2;2;SIM;SIM;NÃO;CINE GRACHER CANELA;CANELA;RS;CINE GRACHER LTDA
148;4;2;2;SIM;SIM;NÃO;CINESERCLA CAMPOS DOS GOYTACAZES;CAMPOS DOS GOITACAZES;RJ;ADICINE ADMINISTRADORA DE CINEMAS LTDA
148;4;2;2;SIM;SIM;NÃO;CINE GRACHER CANELA;CANELA;RS;CINE GRACHER LTDA
148;4;2;2;NÃO;SIM;NÃO;CIRCUITO CINEMAS - PPR;PRESIDENTE PRUDENTE;SP;CIRCUITO ENTRETENIMENTO E CINEMAS LTDA
145;4;2;2;SIM;NÃO;SIM;CINEPOLIS PARQUE BARUERI VIP;BARUERI;SP;CINEPOLIS OPERADORA DE CINEMAS DO BRASIL LTDA
145;4;2;2;SIM;SIM;NÃO;CINESERCLA CAMPOS DOS GOYTACAZES;CAMPOS DOS GOITACAZES;RJ;ADICINE ADMINISTRADORA DE CINEMAS LTDA
143;4;2;2;SIM;NÃO;SIM;MOVIECOM PÁTEO ITAQUÁ;ITAQUAQUECETUBA;SP;MOVIE CINEMAS LTDA
136;4;2;2;SIM;NÃO;SIM;CINÉPOLIS LARGO XIII;SÃO PAULO;SP;CINEPOLIS OPERADORA DE CINEMAS DO BRASIL LTDA
120;4;2;2;SIM;NÃO;SIM;CINE HOS;ADAMANTINA;SP;HADDAD - EMPREENDIMENTOS CINEMATOGRAFICOS E ARTISTICOS LTDA
120;4;2;2;NÃO;SIM;NÃO;CINELAND;CURRAIS NOVOS;RN;CINELAND CN EXIBICAO CINEMATOGRAFICA LTDA
115;4;2;2;SIM;SIM;NÃO;CINESERCLA PRAIA SUL;ARACAJU;SE;LB CINEMAS LTDA
115;4;2;2;SIM;SIM;NÃO;CINESERCLA CAMPOS DOS GOYTACAZES;CAMPOS DOS GOITACAZES;RJ;ADICINE ADMINISTRADORA DE CINEMAS LTDA
79;4;2;2;SIM;SIM;NÃO;CINESERCLA PRAIA SUL;ARACAJU;SE;LB CINEMAS LTDA
61;4;2;2;SIM;SIM;NÃO;CINESERCLA CAMPOS DOS GOYTACAZES;CAMPOS DOS GOITACAZES;RJ;ADICINE ADMINISTRADORA DE CINEMAS LTDA
252;3;2;2;SIM;NÃO;SIM;CINEPOLIS SAN PELEGRINO;CAXIAS DO SUL;RS;CINEPOLIS OPERADORA DE CINEMAS DO BRASIL LTDA
234;3;2;2;SIM;NÃO;SIM;CINE SÃO MATEUS;SÃO MATEUS;ES;CINE SÃO MATEUS LTDA
206;3;2;2;SIM;NÃO;SIM;CINE SÃO MATEUS;SÃO MATEUS;ES;CINE SÃO MATEUS LTDA
181;3;2;2;SIM;NÃO;SIM;CINEPOLIS SAN PELEGRINO;CAXIAS DO SUL;RS;CINEPOLIS OPERADORA DE CINEMAS DO BRASIL LTDA
170;3;2;2;NÃO;NÃO;NÃO;SHARKCINE ÁGUAVERDE;CURITIBA;PR;SHARKCINE LTDA
167;3;2;2;SIM;NÃO;SIM;MOVIECOM CONQUISTA SUL;VITÓRIA DA CONQUISTA;BA;MOVIE CINEMAS LTDA
166;3;2;2;SIM;NÃO;SIM;MOVIECOM CONQUISTA SUL;VITÓRIA DA CONQUISTA;BA;MOVIE CINEMAS LTDA
156;3;2;2;SIM;NÃO;SIM;KINOPLEX PARK SHOPPING;BRASÍLIA;DF;CINEMAS PARIS SEVERIANO RIBEIRO LTDA
155;3;2;2;NÃO;NÃO;NÃO;SHARKCINE ÁGUAVERDE;CURITIBA;PR;SHARKCINE LTDA
155;3;2;2;SIM;SIM;NÃO;CINE A CONTINENTAL;SÃO PAULO;SP;CINE A LTDA
154;3;2;2;SIM;SIM;NÃO;UCI METROPOLE;SÃO BERNARDO DO CAMPO;SP;UNITED CINEMAS INTERNATIONAL BRASIL LTDA.
150;3;2;2;SIM;NÃO;SIM;ARCOPLEXCINEMAS - LIMEIRA;LIMEIRA;SP;EMPRESA DE CINEMAS ARCOPLEX S.A
150;3;2;2;SIM;SIM;NÃO;UCI METROPOLE;SÃO BERNARDO DO CAMPO;SP;UNITED CINEMAS INTERNATIONAL BRASIL LTDA.
149;3;2;2;SIM;SIM;NÃO;UCI METROPOLE;SÃO BERNARDO DO CAMPO;SP;UNITED CINEMAS INTERNATIONAL BRASIL LTDA.
145;3;2;2;SIM;SIM;NÃO;GRUPOCINE DIADEMA;DIADEMA;SP;EMPRESA CINEMATOGRAFICA BOMBOCINE LTDA
142;3;2;2;SIM;SIM;NÃO;UCI MANAUARA;MANAUS;AM;UNITED CINEMAS INTERNATIONAL BRASIL LTDA.
141;3;2;2;SIM;SIM;NÃO;UCI PLAZA SUL;SÃO PAULO;SP;UNITED CINEMAS INTERNATIONAL BRASIL LTDA.
135;3;2;2;SIM;NÃO;SIM;CINE JALES;JALES;SP;ALISSON MANOEL ARENA MAIA & CIA LTDA-ME
132;3;2;2;SIM;SIM;NÃO;GRUPOCINE DIADEMA;DIADEMA;SP;EMPRESA CINEMATOGRAFICA BOMBOCINE LTDA
127;3;2;2;SIM;SIM;NÃO;UCI MANAUARA;MANAUS;AM;UNITED CINEMAS INTERNATIONAL BRASIL LTDA.
126;3;2;2;SIM;NÃO;SIM;KINOPLEX PARK SHOPPING;BRASÍLIA;DF;CINEMAS PARIS SEVERIANO RIBEIRO LTDA
119;3;2;2;SIM;NÃO;SIM;CINE LASER PORTO VELHO;PORTO VELHO;RO;CINE LASER PORTO VELHO CINEMAS LTDA
118;3;2;2;SIM;SIM;NÃO;CINE A CONTINENTAL;SÃO PAULO;SP;CINE A LTDA
117;3;2;2;SIM;NÃO;SIM;MOVIECOM PÁTIO BELÉM;BELÉM;PA;MOVIE CINEMAS LTDA
116;3;2;2;SIM;NÃO;SIM;CINE CENTER;SINOP;MT;R.P. MARTINS
115;3;2;2;SIM;NÃO;SIM;CINE CENTER;SINOP;MT;R.P. MARTINS
114;3;2;2;SIM;SIM;NÃO;UCI MANAUARA;MANAUS;AM;UNITED CINEMAS INTERNATIONAL BRASIL LTDA.
112;3;2;2;NÃO;NÃO;SIM;CINE GRACHER PORTO BELO;PORTO BELO;SC;CINE GRACHER LTDA
98;3;2;2;SIM;NÃO;SIM;CINE LASER PORTO VELHO;PORTO VELHO;RO;CINE LASER PORTO VELHO CINEMAS LTDA
95;3;2;2;NÃO;SIM;NÃO;CINEPLUS CITY CENTER;CAMPO LARGO;PR;VITOMAQ PRODUÇÕES ARTISTICAS E CINEMA LTDA - ME
93;3;2;2;SIM;NÃO;SIM;MOVIECOM PÁTEO ITAQUÁ;ITAQUAQUECETUBA;SP;MOVIE CINEMAS LTDA
81;3;2;2;SIM;NÃO;SIM;CENTERPLEX ARACAJU;ARACAJU;SE;CINE ELI SERGIPE CINEMAS LTDA
76;3;2;2;SIM;NÃO;SIM;CENTERPLEX ARACAJU;ARACAJU;SE;CINE ELI SERGIPE CINEMAS LTDA
258;2;2;2;SIM;SIM;NÃO;MULTICINE SÃO JOSÉ;SÃO JOSÉ;SC;MULTICINE CINEMAS LTDA
255;2;2;2;SIM;SIM;NÃO;CINE RITZ MONLEVADE;JOÃO MONLEVADE;MG;CINEMATOGRÁFICA JOÃO MONLEVADE LTDA
252;2;2;2;SIM;NÃO;SIM;CINEPOLIS SAN PELEGRINO;CAXIAS DO SUL;RS;CINEPOLIS OPERADORA DE CINEMAS DO BRASIL LTDA
240;2;2;2;SIM;NÃO;SIM;C.VALE CINEMA;ASSIS CHATEAUBRIAND;PR;C.VALE PROGRAMA DE FIDELIZACAO LTDA
240;2;2;2;SIM;SIM;NÃO;CINE DIAMANTINA;DIAMANTINA;MG;CINEMATOGRÁFICA DIAMANTINA LTDA
240;2;2;2;SIM;SIM;NÃO;CINE RITZ ITAPERUNA;ITAPERUNA;RJ;CINEMATOGRÁFICA ITAPERUNA LTDA
236;2;2;2;SIM;NÃO;SIM;CINE A LAVRAS;LAVRAS;MG;CINE A LTDA
235;2;2;2;SIM;SIM;NÃO;CINEVEREDAS BOULEVARD;MURIAÉ;MG;CINE VEREDAS BOULEVARD LTDA
223;2;2;2;SIM;SIM;NÃO;CINE RITZ POP;CONSELHEIRO LAFAIETE;MG;CINEMATOGRÁFICA LAFAIETE LTDA.
220;2;2;2;SIM;SIM;NÃO;CINE RITZ GABIROBA;ITABIRA;MG;CINEMATOGRÁFIA ITABIRA LTDA
207;2;2;2;SIM;NÃO;SIM;CINE SUL LENÇÓIS PAULISTA;LENÇÓIS PAULISTA;SP;RAYL EMPRESA CINEMATOGRAFICA LP LTDA
206;2;2;2;SIM;SIM;NÃO;CINE LASER CASCAVEL;CASCAVEL;PR;CINE LASER CASCAVEL LTDA
202;2;2;2;SIM;NÃO;SIM;CINE A LAVRAS;LAVRAS;MG;CINE A LTDA
200;2;2;2;SIM;NÃO;SIM;WEST CINE;CASCAVEL;PR;WEST CINE LTDA
200;2;2;2;SIM;SIM;NÃO;CINE UP MIGUEL PEREIRA;MIGUEL PEREIRA;RJ;GUSGLAU CINE TEATRO GLÓRIA LTDA
200;2;2;2;SIM;NÃO;SIM;CINE CALCADAO;VIÇOSA;MG;CINEMATOGRAFICA MAJO LTDA
198;2;2;2;SIM;SIM;NÃO;CINEMEC PRUDENTÓPOLIS;PRUDENTÓPOLIS;PR;JOAQUIM QUADROS LEITE LTDA
195;2;2;2;NÃO;NÃO;SIM;CINEMAXX CENTER BACAXÁ;SAQUAREMA;RJ;MF 3000 - EMPREENDIMENTOS E PARTICIPAÇÕES LTDA-ME
195;2;2;2;NÃO;NÃO;NÃO;CINEMAXX CENTER BACAXÁ;SAQUAREMA;RJ;MF 3000 - EMPREENDIMENTOS E PARTICIPAÇÕES LTDA-ME
194;2;2;2;NÃO;NÃO;SIM;CINE + ARTE TANÓPOLIS;MONTENEGRO;RS;EWERTON LUIS DE SOUZA BRANDOLT
194;2;2;2;NÃO;SIM;NÃO;CINE ESTAÇÃO PORTO FELIZ;PORTO FELIZ;SP;CINE ESTAÇÃO OPERADORA DE CINEMA LTDA
194;2;2;2;SIM;NÃO;SIM;CINE LASER UMUARAMA;UMUARAMA;PR;CINE LASER CINEMAS UMUARAMA LTDA
191;2;2;2;SIM;NÃO;SIM;WEST CINE;CASCAVEL;PR;WEST CINE LTDA
190;2;2;2;SIM;SIM;NÃO;CINE XTREME EUNÁPOLIS;EUNÁPOLIS;BA;CINE XTREME EUNAPOLIS LTDA
190;2;2;2;SIM;SIM;NÃO;CINE RITZ MARIANA;MARIANA;MG;CINEMATOGRÁFICA MARIANA LTDA
186;2;2;2;NÃO;NÃO;NÃO;CINE + ARTE CAPAO DA CANOA SHOPPING;CAPÃO DA CANOA;RS;EWERTON LUIS DE SOUZA BRANDOLT
186;2;2;2;SIM;SIM;NÃO;MULTICINE VALPARAISO;VALPARAÍSO DE GOIÁS;GO;MASTERCINE CINEMAS LTDA
185;2;2;2;SIM;NÃO;SIM;CIRCUITO CINEMAS - PTP;PONTA PORÃ;MS;CIRCUITO ENTRETENIMENTO E CINEMAS LTDA
181;2;2;2;SIM;SIM;NÃO;CINE UNIPLEX CAMPINAS UNIMART;CAMPINAS;SP;CINEMAS UNIPLEX LTDA
181;2;2;2;NÃO;NÃO;NÃO;CIRCUITO CINEMAS - GRU;GUARULHOS;SP;CIRCUITO ENTRETENIMENTO E CINEMAS LTDA
181;2;2;2;SIM;NÃO;SIM;CIRCUITO CINEMAS - PTP;PONTA PORÃ;MS;CIRCUITO ENTRETENIMENTO E CINEMAS LTDA
181;2;2;2;SIM;NÃO;SIM;UCI RIBEIRO - NORTE SHOPPING;RIO DE JANEIRO;RJ;UCI RIBEIRO LTDA
180;2;2;2;SIM;SIM;NÃO;SHOPPING PINHEIROS;ARAUCÁRIA;PR;SOFF CINE ENTRETENIMENTO LTDA
180;2;2;2;SIM;NÃO;SIM;WEST CINE;CASCAVEL;PR;WEST CINE LTDA
180;2;2;2;NÃO;NÃO;SIM;CINEMAXX CENTER BACAXÁ;SAQUAREMA;RJ;MF 3000 - EMPREENDIMENTOS E PARTICIPAÇÕES LTDA-ME
179;2;2;2;SIM;SIM;NÃO;CINE SHOW RIO DAS OSTRAS;RIO DAS OSTRAS;RJ;TATU FILMES LTDA
178;2;2;2;SIM;NÃO;SIM;CINE + ARTE CAPÃO DA CANOA;CAPÃO DA CANOA;RS;EWERTON LUIS DE SOUZA BRANDOLT
178;2;2;2;SIM;NÃO;SIM;CIRCUITO CINEMAS - GRU;GUARULHOS;SP;CIRCUITO ENTRETENIMENTO E CINEMAS LTDA
178;2;2;2;NÃO;NÃO;NÃO;CIRCUITO CINEMAS - GRU;GUARULHOS;SP;CIRCUITO ENTRETENIMENTO E CINEMAS LTDA
177;2;2;2;SIM;NÃO;SIM;CINE GRACHER JOAÇABA;JOAÇABA;SC;CINE GRACHER LTDA
177;2;2;2;SIM;NÃO;SIM;UCI RIBEIRO - NORTE SHOPPING;RIO DE JANEIRO;RJ;UCI RIBEIRO LTDA
173;2;2;2;SIM;NÃO;SIM;CINE INTER PEDREIRAS;PEDREIRAS;MA;CINE VALLEY EXIBICOES CINEMATOGRAFICAS LTDA
172;2;2;2;SIM;NÃO;SIM;MAXMOVIE UNAPARK SHOPPING;CABO FRIO;RJ;MF 3000 - EMPREENDIMENTOS E PARTICIPAÇÕES LTDA-ME
172;2;2;2;SIM;NÃO;SIM;CIRCUITO CINEMAS - PTP;PONTA PORÃ;MS;CIRCUITO ENTRETENIMENTO E CINEMAS LTDA
169;2;2;2;SIM;NÃO;SIM;UCI RIBEIRO - NORTE SHOPPING;RIO DE JANEIRO;RJ;UCI RIBEIRO LTDA
168;2;2;2;NÃO;NÃO;NÃO;CIRCUITO CINEMAS - GRU;GUARULHOS;SP;CIRCUITO ENTRETENIMENTO E CINEMAS LTDA
166;2;2;2;SIM;NÃO;SIM;CINE GRACHER JOAÇABA;JOAÇABA;SC;CINE GRACHER LTDA
166;2;2;2;SIM;NÃO;SIM;UCI RIBEIRO - NORTE SHOPPING;RIO DE JANEIRO;RJ;UCI RIBEIRO LTDA
165;2;2;2;SIM;SIM;NÃO;CINE LASER CASCAVEL;CASCAVEL;PR;CINE LASER CASCAVEL LTDA
164;2;2;2;SIM;SIM;NÃO;SHOPPING PINHEIROS;ARAUCÁRIA;PR;SOFF CINE ENTRETENIMENTO LTDA
164;2;2;2;SIM;NÃO;SIM;UCI RIBEIRO - NORTE SHOPPING;RIO DE JANEIRO;RJ;UCI RIBEIRO LTDA
164;2;2;2;SIM;SIM;NÃO;CINE MOVIEPLEX TIMON;TIMON;MA;MOVIEPLEX TIMON LTDA
164;2;2;2;SIM;NÃO;SIM;CINE LASER UMUARAMA;UMUARAMA;PR;CINE LASER CINEMAS UMUARAMA LTDA
163;2;2;2;SIM;SIM;NÃO;CINE 163;NOVA MUTUM;MT;CINE 163 - EMPRESA CINEMATOGRAFICAS LTDA
161;2;2;2;SIM;NÃO;SIM;CINE AVENIDA;LEME;SP;NOEL LAZARO TAUFIC - CINEMA - ME
160;2;2;2;SIM;SIM;NÃO;CINE RITZ POP;CONSELHEIRO LAFAIETE;MG;CINEMATOGRÁFICA LAFAIETE LTDA.
160;2;2;2;SIM;SIM;NÃO;CINE RITZ ITAPERUNA;ITAPERUNA;RJ;CINEMATOGRÁFICA ITAPERUNA LTDA
160;2;2;2;SIM;NÃO;SIM;ARCOPLEXCINEMAS- JARAGUA DO SUL;JARAGUÁ DO SUL;SC;EMPRESA DE CINEMAS ARCOPLEX S.A
160;2;2;2;SIM;NÃO;SIM;CINE INTER PEDREIRAS;PEDREIRAS;MA;CINE VALLEY EXIBICOES CINEMATOGRAFICAS LTDA
159;2;2;2;SIM;SIM;NÃO;MULTICINE SÃO JOSÉ;SÃO JOSÉ;SC;MULTICINE CINEMAS LTDA
158;2;2;2;SIM;NÃO;SIM;UCI RIBEIRO - NORTE SHOPPING;RIO DE JANEIRO;RJ;UCI RIBEIRO LTDA
155;2;2;2;SIM;SIM;NÃO;CINE RITZ MONLEVADE;JOÃO MONLEVADE;MG;CINEMATOGRÁFICA JOÃO MONLEVADE LTDA
154;2;2;2;SIM;NÃO;SIM;CINE QUELIPE CAMPOS BELOS;CAMPOS BELOS;GO;QL ENTRETENIMENTOS LTDA ME
154;2;2;2;NÃO;SIM;NÃO;CINE TEATRO PEPERI ITAPIRANGA;ITAPIRANGA;SC;CINE TEATRO PEPERI LTDA
154;2;2;2;SIM;NÃO;SIM;CINE A PARAISO;SÃO SEBASTIÃO DO PARAÍSO;MG;CINE A LTDA
152;2;2;2;SIM;NÃO;SIM;CINE LASER UMUARAMA;UMUARAMA;PR;CINE LASER CINEMAS UMUARAMA LTDA
151;2;2;2;SIM;NÃO;SIM;CIRCUITO CINEMAS - PBAS;PARAUAPEBAS;PA;CIRCUITO ENTRETENIMENTO E CINEMAS LTDA
150;2;2;2;SIM;SIM;NÃO;CINE QUELIPE SOBRADINHO;BRASÍLIA;DF;QUELIPE ENTRETENIMENTOS LTDA
150;2;2;2;SIM;SIM;NÃO;CINE BLUE;CANAÃ DOS CARAJÁS;PA;A DIAS DE SOUSA LTDA
150;2;2;2;SIM;SIM;NÃO;CINE LÚMINE CARAZINHO;CARAZINHO;RS;PNP SUL LTDA
150;2;2;2;SIM;SIM;NÃO;CINE XIN JUBA CENTER;CÁCERES;MT;CINE XIN CINEMA LTDA
150;2;2;2;SIM;NÃO;SIM;CINE AVELAN;NOSSA SENHORA DA GLÓRIA;SE;ALVARO DA SILVA CRUZ
150;2;2;2;NÃO;NÃO;SIM;CINE CULTURA SALA SINHOZINHO;PALMAS;TO;FUNDAÇÃO CULTURAL DE PALMAS - FCP
150;2;2;2;SIM;SIM;NÃO;MOBI CINE SENADOR CANEDO;SENADOR CANEDO;GO;MB EXIBICOES CINEMATOGRAFICAS SENADOR LTDA
149;2;2;2;SIM;NÃO;SIM;CINE FLEXX TB;TELÊMACO BORBA;PR;CINEFLEXX LTDA
148;2;2;2;SIM;SIM;NÃO;CINE SHOW RIO DAS OSTRAS;RIO DAS OSTRAS;RJ;TATU FILMES LTDA
147;2;2;2;SIM;SIM;NÃO;CINESTAR LUZ;LUZIÂNIA;GO;CINESTAR CINEMA LTDA
145;2;2;2;SIM;SIM;NÃO;CWB CAÇADOR;CAÇADOR;SC;CWB CINEMAS LTDA
145;2;2;2;NÃO;NÃO;SIM;CINEMAX CINEMAS FRANCISCO BELTRÃO;FRANCISCO BELTRÃO;PR;CINEMAX CINEMAS FRANCISCO BELTRAO LTDA
145;2;2;2;SIM;SIM;NÃO;CINESTAR LUZ;LUZIÂNIA;GO;CINESTAR CINEMA LTDA
145;2;2;2;SIM;SIM;NÃO;CINE MOVIEPLEX TIMON;TIMON;MA;MOVIEPLEX TIMON LTDA
144;2;2;2;SIM;SIM;NÃO;CINE LASER CUIABA;CUIABÁ;MT;CINE LASER CUIABA LTDA
142;2;2;2;NÃO;NÃO;SIM;CINEMA DO PORTO;RECIFE;PE;FUNDAÇÃO JOAQUIM NABUCO
140;2;2;2;SIM;NÃO;SIM;CINEMEC BEBEDOURO;BEBEDOURO;SP;ADRIANO RICARDO LEITE - ME
140;2;2;2;SIM;SIM;NÃO;CINE MOVIEPLEX TIMON;TIMON;MA;MOVIEPLEX TIMON LTDA
138;2;2;2;SIM;SIM;NÃO;MOBI CINE AÇAILANDIA;AÇAILÂNDIA;MA;CARVALHO E CIA LTDA
134;2;2;2;SIM;SIM;NÃO;MOBI CINE ARAGUAINA;ARAGUAÍNA;TO;CINE CARVALHO E CIA LTDA
134;2;2;2;SIM;NÃO;SIM;CINE LASER SORRISO;SORRISO;MT;CINE LASER CINEMAS LTDA
134;2;2;2;SIM;SIM;NÃO;CINE MOVIEPLEX TIMON;TIMON;MA;MOVIEPLEX TIMON LTDA
133;2;2;2;SIM;NÃO;SIM;CIRCUITO CINEMAS - PBAS;PARAUAPEBAS;PA;CIRCUITO ENTRETENIMENTO E CINEMAS LTDA
130;2;2;2;SIM;SIM;NÃO;CINESTAR LUZ;LUZIÂNIA;GO;CINESTAR CINEMA LTDA
128;2;2;2;SIM;SIM;NÃO;MOBI CINE ARAGUAINA;ARAGUAÍNA;TO;CINE CARVALHO E CIA LTDA
128;2;2;2;SIM;SIM;NÃO;MOBI CINE AÇAILANDIA;AÇAILÂNDIA;MA;CARVALHO E CIA LTDA
128;2;2;2;SIM;NÃO;SIM;MAXMOVIE UNAPARK SHOPPING;CABO FRIO;RJ;MF 3000 - EMPREENDIMENTOS E PARTICIPAÇÕES LTDA-ME
127;2;2;2;SIM;SIM;NÃO;CINE LÚMINE CARAZINHO;CARAZINHO;RS;PNP SUL LTDA
127;2;2;2;SIM;NÃO;SIM;CINE SUL LENÇÓIS PAULISTA;LENÇÓIS PAULISTA;SP;RAYL EMPRESA CINEMATOGRAFICA LP LTDA
125;2;2;2;SIM;SIM;SIM;CINEMATECA PAULO AMORIM;PORTO ALEGRE;RS;ASSOCIAÇÃO DOS AMIGOS DA CINEMATECA PAULO AMORIM
125;2;2;2;SIM;SIM;NÃO;CINE LASER TANGARA;TANGARÁ DA SERRA;MT;CINE LASER TANGARA LTDA
124;2;2;2;SIM;NÃO;SIM;CINEART MINAS SHOPPING;BELO HORIZONTE;MG;DELTA FILMES LTDA
124;2;2;2;SIM;NÃO;SIM;CINE FLEXX TB;TELÊMACO BORBA;PR;CINEFLEXX LTDA
121;2;2;2;SIM;SIM;NÃO;MOBI CINE ARAGUAINA;ARAGUAÍNA;TO;CINE CARVALHO E CIA LTDA
120;2;2;2;SIM;SIM;NÃO;CINE LASER CUIABA;CUIABÁ;MT;CINE LASER CUIABA LTDA
118;2;2;2;SIM;NÃO;SIM;CIRCUITO CINEMAS - PBAS;PARAUAPEBAS;PA;CIRCUITO ENTRETENIMENTO E CINEMAS LTDA
114;2;2;2;SIM;NÃO;SIM;CINE LASER SORRISO;SORRISO;MT;CINE LASER CINEMAS LTDA
113;2;2;2;SIM;SIM;NÃO;CINE UNIPLEX JOINVILLE ESTAÇÃO;JOINVILLE;SC;CINEMAS UNIPLEX LTDA
112;2;2;2;SIM;SIM;NÃO;MOBI CINE REDENÇÃO;REDENÇÃO;PA;A. L. MENDES DE CARVALHO LEMOS E CIA LTDA
111;2;2;2;NÃO;SIM;NÃO;CINE ESTAÇÃO PORTO FELIZ;PORTO FELIZ;SP;CINE ESTAÇÃO OPERADORA DE CINEMA LTDA
111;2;2;2;SIM;SIM;NÃO;MOBI CINE REDENÇÃO;REDENÇÃO;PA;A. L. MENDES DE CARVALHO LEMOS E CIA LTDA
110;2;2;2;SIM;SIM;NÃO;MULTICINE CHAPECÓ;CHAPECÓ;SC;MOVIECINE EMPRESA CINEMATOGRÁFICA LTDA
109;2;2;2;NÃO;NÃO;SIM;CINEMAXX CINE BAUHAUS;PETRÓPOLIS;RJ;PROMOVE ADMINISTRACAO E REALIZACOES LTDA
108;2;2;2;SIM;NÃO;SIM;CINE AVELAN;NOSSA SENHORA DA GLÓRIA;SE;ALVARO DA SILVA CRUZ
107;2;2;2;NÃO;SIM;NÃO;CINE ESTAÇÃO PORTO FELIZ;PORTO FELIZ;SP;CINE ESTAÇÃO OPERADORA DE CINEMA LTDA
107;2;2;2;SIM;SIM;SIM;CINE TORRES;TORRES;RS;CINE TORRES LTDA - ME
106;2;2;2;NÃO;NÃO;SIM;694 CINEMARK CAMPO GRANDE;CAMPO GRANDE;MS;CINEMARK BRASIL S.A
106;2;2;2;SIM;SIM;NÃO;CINE LASER CUIABA;CUIABÁ;MT;CINE LASER CUIABA LTDA
104;2;2;2;SIM;SIM;NÃO;MULTICINE VALPARAISO;VALPARAÍSO DE GOIÁS;GO;MASTERCINE CINEMAS LTDA
103;2;2;2;SIM;SIM;NÃO;CINEFLIX CUIABÁ;CUIABÁ;MT;MOVIESYSTEM CINEMATOGRAFICA LTDA
100;2;2;2;SIM;SIM;NÃO;CINELUZ;LUZIÂNIA;GO;CARVALHO E ENTRETENIMENTO LTDA
100;2;2;2;SIM;SIM;NÃO;CINEART BLV COLINA;PONTE NOVA;MG;PONTE NOVA CINEMA LTDA
100;2;2;2;SIM;SIM;NÃO;CINEUP VASSOURAS;VASSOURAS;RJ;GUSGLAU CINE TEATRO GLÓRIA LTDA
99;2;2;2;SIM;SIM;NÃO;MOBI CINE REDENÇÃO;REDENÇÃO;PA;A. L. MENDES DE CARVALHO LEMOS E CIA LTDA
99;2;2;2;SIM;SIM;NÃO;MULTICINE SÃO JOSÉ;SÃO JOSÉ;SC;MULTICINE CINEMAS LTDA
98;2;2;2;SIM;NÃO;SIM;CINE LASER UMUARAMA;UMUARAMA;PR;CINE LASER CINEMAS UMUARAMA LTDA
97;2;2;2;SIM;SIM;NÃO;MOBI CINE PARAGOMINAS;PARAGOMINAS;PA;CINE CARVALHO E LEMOS LTDA
97;2;2;2;SIM;SIM;NÃO;MULTICINE SÃO JOSÉ;SÃO JOSÉ;SC;MULTICINE CINEMAS LTDA
96;2;2;2;NÃO;NÃO;NÃO;PORTAL CINE;ARAGUAÍNA;TO;PORTAL CINE - LTDA
96;2;2;2;SIM;NÃO;SIM;CINE TEATRO WILMA BENTIVEGNA;SUZANO;SP;MUNICÍPIO DE SUZANO
94;2;2;2;SIM;NÃO;SIM;CIRCUITO CINEMAS - PBAS;PARAUAPEBAS;PA;CIRCUITO ENTRETENIMENTO E CINEMAS LTDA
93;2;2;2;SIM;SIM;NÃO;MOBI CINE PARAGOMINAS;PARAGOMINAS;PA;CINE CARVALHO E LEMOS LTDA
93;2;2;2;SIM;SIM;NÃO;CINE SHOW RIO DAS OSTRAS;RIO DAS OSTRAS;RJ;TATU FILMES LTDA
92;2;2;2;SIM;NÃO;NÃO;ARCOPLEXCINEMAS- ITAJAÍ;ITAJAÍ;SC;EMPRESA DE CINEMAS ARCOPLEX S.A
90;2;2;2;SIM;SIM;NÃO;CINE XTREME EUNÁPOLIS;EUNÁPOLIS;BA;CINE XTREME EUNAPOLIS LTDA
90;2;2;2;SIM;SIM;NÃO;CINE RITZ CENTER;PONTE NOVA;MG;CINEMATOGRAFIA CENTER POWER SHOPPING LTDA
90;2;2;2;SIM;SIM;NÃO;CINE LASER TANGARA;TANGARÁ DA SERRA;MT;CINE LASER TANGARA LTDA
88;2;2;2;SIM;NÃO;SIM;ARCOS DIGITAL FILMES;RIO DE JANEIRO;RJ;ARCOS DIGITAL FILMES LTDA
87;2;2;2;SIM;SIM;SIM;CINE TORRES;TORRES;RS;CINE TORRES LTDA - ME
85;2;2;2;SIM;SIM;NÃO;CINE LASER CASCAVEL;CASCAVEL;PR;CINE LASER CASCAVEL LTDA
85;2;2;2;NÃO;SIM;NÃO;IMS POÇOS;POÇOS DE CALDAS;MG;INSTITUTO MOREIRA SALLES
83;2;2;2;SIM;SIM;NÃO;WALMIR ALMEIDA;ARACAJU;SE;AVBR PRODUÇÕES LTDA
81;2;2;2;SIM;SIM;NÃO;CINE UNIPLEX JOINVILLE ESTAÇÃO;JOINVILLE;SC;CINEMAS UNIPLEX LTDA
73;2;2;2;SIM;SIM;NÃO;CINE A SAO JOAO DA BOA VISTA;SÃO JOÃO DA BOA VISTA;SP;CINE A LTDA
70;2;2;2;SIM;SIM;NÃO;CINEFLIX LONDRINA;LONDRINA;PR;MOVIESYSTEM CINEMATOGRAFICA LTDA
66;2;2;2;SIM;NÃO;SIM;KINOPLEX PARQUE DA CIDADE;SÃO PAULO;SP;EMPRESA CINEMAS SÃO LUIZ S/A
65;2;2;2;SIM;SIM;NÃO;CINE LASER CASCAVEL;CASCAVEL;PR;CINE LASER CASCAVEL LTDA
65;2;2;2;SIM;NÃO;SIM;KINOPLEX PARQUE DA CIDADE;SÃO PAULO;SP;EMPRESA CINEMAS SÃO LUIZ S/A
64;2;2;2;SIM;NÃO;SIM;CIRCUITO CINEMAS - PTP;PONTA PORÃ;MS;CIRCUITO ENTRETENIMENTO E CINEMAS LTDA
40;2;2;2;SIM;SIM;NÃO;MOBI CINE ARAGUAINA;ARAGUAÍNA;TO;CINE CARVALHO E CIA LTDA
207;1;2;2;SIM;NÃO;SIM;CINE GUEDES;PATOS;PB;LILIANE ROCHA DE MEDEIROS GUEDES-ME
188;1;2;2;SIM;NÃO;SIM;CINE GUEDES;PATOS;PB;LILIANE ROCHA DE MEDEIROS GUEDES-ME
114;1;2;2;SIM;SIM;NÃO;PARADIGMA CINE ARTE;FLORIANÓPOLIS;SC;INSTITUTO PARADIGMA CINE ARTE
105;1;2;2;SIM;NÃO;SIM;MOVIE ARTE SHOPPING BENTO;BENTO GONÇALVES;RS;MOVIE ARTE CINEMAS LTDA
67;1;2;2;SIM;NÃO;SIM;CENTERPLEX BOULEVARD VITORIA DA CONQUISTA;VITÓRIA DA CONQUISTA;BA;CINE ELI BAHIA CINEMAS LTDA - EM RECUPERACAO JUDICIAL
132;0;2;2;SIM;SIM;NÃO;CINE PENHA;RIO DE JANEIRO;RJ;WELLINGTON CARDOSO DA LUZ CINEMAS LTDA
124;0;2;2;SIM;SIM;NÃO;CINE PENHA;RIO DE JANEIRO;RJ;WELLINGTON CARDOSO DA LUZ CINEMAS LTDA
223;8;1;2;SIM;NÃO;SIM;705 CINEMARK CENTRAL PLAZA;SÃO PAULO;SP;CINEMARK BRASIL S.A
187;8;1;2;SIM;NÃO;SIM;705 CINEMARK CENTRAL PLAZA;SÃO PAULO;SP;CINEMARK BRASIL S.A
144;7;1;2;SIM;NÃO;SIM;705 CINEMARK CENTRAL PLAZA;SÃO PAULO;SP;CINEMARK BRASIL S.A
304;6;1;2;NÃO;NÃO;SIM;MULTIPLEX PARK LAGOS;CABO FRIO;RJ;MSA EMPRESA CINEMATOGRÁFICA LTDA
278;6;1;2;SIM;NÃO;SIM;688 CINEMARK MARKET PLACE;SÃO PAULO;SP;CINEMARK BRASIL S.A
218;6;1;2;SIM;NÃO;SIM;716 CINEMARK ARICANDUVA;SÃO PAULO;SP;CINEMARK BRASIL S.A
169;6;1;2;SIM;NÃO;SIM;CINE RITZ PERIM;CACHOEIRO DE ITAPEMIRIM;ES;CINEMATOGRAFICA CACHOEIRO LTDA
143;6;1;2;SIM;NÃO;SIM;705 CINEMARK CENTRAL PLAZA;SÃO PAULO;SP;CINEMARK BRASIL S.A
249;5;1;2;SIM;NÃO;SIM;710 CINEMARK SP MARKET;SÃO PAULO;SP;CINEMARK BRASIL S.A
227;5;1;2;SIM;NÃO;SIM;714 CINEMARK INTERLAGOS;SÃO PAULO;SP;CINEMARK BRASIL S.A
218;5;1;2;SIM;NÃO;SIM;688 CINEMARK MARKET PLACE;SÃO PAULO;SP;CINEMARK BRASIL S.A
215;5;1;2;SIM;NÃO;SIM;KINOPLEX BOULEVARD;BRASÍLIA;DF;EMPRESA CINEMAS SÃO LUIZ S/A
376;4;1;2;SIM;NÃO;SIM;710 CINEMARK SP MARKET;SÃO PAULO;SP;CINEMARK BRASIL S.A
228;4;1;2;SIM;NÃO;SIM;710 CINEMARK SP MARKET;SÃO PAULO;SP;CINEMARK BRASIL S.A
210;4;1;2;SIM;NÃO;SIM;GRUPOCINE SETE LAGOAS;SETE LAGOAS;MG;EMPRESA CINEMATOGRAFICA BOMBOCINE LTDA
209;4;1;2;SIM;NÃO;SIM;710 CINEMARK SP MARKET;SÃO PAULO;SP;CINEMARK BRASIL S.A
207;4;1;2;SIM;NÃO;SIM;KINOPLEX VIA PARQUE;RIO DE JANEIRO;RJ;EMPRESA CINEMAS SÃO LUIZ S/A
207;4;1;2;SIM;NÃO;SIM;716 CINEMARK ARICANDUVA;SÃO PAULO;SP;CINEMARK BRASIL S.A
200;4;1;2;SIM;NÃO;SIM;690 CINEMARK BOULEVARD TATUAPÉ;SÃO PAULO;SP;CINEMARK BRASIL S.A
199;4;1;2;NÃO;NÃO;SIM;711 CINEMARK TATUAPE;SÃO PAULO;SP;CINEMARK BRASIL S.A
198;4;1;2;SIM;NÃO;SIM;687 CINEMARK SHOPPING D;SÃO PAULO;SP;CINEMARK BRASIL S.A
198;4;1;2;SIM;NÃO;SIM;2117 CINEMARK VILA VELHA;VILA VELHA;ES;CINEMARK BRASIL S.A
194;4;1;2;SIM;NÃO;SIM;711 CINEMARK TATUAPE;SÃO PAULO;SP;CINEMARK BRASIL S.A
193;4;1;2;SIM;NÃO;SIM;MOVIE ARTE CINEMAS ERECHIM;ERECHIM;RS;MOVIE ARTE CINEMAS LTDA
193;4;1;2;SIM;NÃO;SIM;687 CINEMARK SHOPPING D;SÃO PAULO;SP;CINEMARK BRASIL S.A
193;4;1;2;SIM;NÃO;SIM;727 CINEMARK VILLA LOBOS;SÃO PAULO;SP;CINEMARK BRASIL S.A
192;4;1;2;SIM;NÃO;SIM;716 CINEMARK ARICANDUVA;SÃO PAULO;SP;CINEMARK BRASIL S.A
191;4;1;2;SIM;NÃO;SIM;716 CINEMARK ARICANDUVA;SÃO PAULO;SP;CINEMARK BRASIL S.A
184;4;1;2;SIM;SIM;NÃO;GRUPOCINE DELMIRO GOUVEIA;DELMIRO GOUVEIA;AL;EMPRESA CINEMATOGRAFICA BOMBOCINE LTDA
183;4;1;2;SIM;NÃO;SIM;682 CINEMARK CIDADE JARDIM;SÃO PAULO;SP;CINEMARK BRASIL S.A
183;4;1;2;SIM;NÃO;SIM;727 CINEMARK VILLA LOBOS;SÃO PAULO;SP;CINEMARK BRASIL S.A
176;4;1;2;SIM;NÃO;SIM;2103 CINEMARK MOOCA PLAZA SHOPPING;SÃO PAULO;SP;CINEMARK BRASIL S.A
170;4;1;2;SIM;NÃO;SIM;714 CINEMARK INTERLAGOS;SÃO PAULO;SP;CINEMARK BRASIL S.A
168;4;1;2;SIM;NÃO;SIM;KINOPLEX MACEIÓ;MACEIÓ;AL;EMPRESA CINEMAS SÃO LUIZ S/A
163;4;1;2;SIM;NÃO;SIM;2121 CINEMARK LAGES GARDEN;LAGES;SC;CINEMARK BRASIL S.A
156;4;1;2;NÃO;NÃO;SIM;MOVIECOM CASTANHEIRA;BELÉM;PA;MOVIE CINEMAS LTDA
156;4;1;2;SIM;NÃO;SIM;CINEPLUS JARDIM AMÉRICA;CURITIBA;PR;CINEPLUS PRODUÇÕES ARTISTICAS E CINEMA LTDA
153;4;1;2;SIM;NÃO;SIM;715 CINEMARK ELDORADO;SÃO PAULO;SP;CINEMARK BRASIL S.A
151;4;1;2;SIM;NÃO;SIM;KINOPLEX MACEIÓ;MACEIÓ;AL;EMPRESA CINEMAS SÃO LUIZ S/A
142;4;1;2;SIM;NÃO;SIM;723 CINEMARK PAULISTA;SÃO PAULO;SP;CINEMARK BRASIL S.A
142;4;1;2;SIM;NÃO;SIM;727 CINEMARK VILLA LOBOS;SÃO PAULO;SP;CINEMARK BRASIL S.A
138;4;1;2;SIM;NÃO;SIM;GRUPOCINE EMBU DAS ARTES;EMBU DAS ARTES;SP;EMPRESA CINEMATOGRAFICA BOMBOCINE LTDA
135;4;1;2;SIM;NÃO;SIM;2102 CINEMARK WEST PLAZA;SÃO PAULO;SP;CINEMARK BRASIL S.A
121;4;1;2;SIM;NÃO;SIM;721 CINEMARK HIGIENOPOLIS;SÃO PAULO;SP;CINEMARK BRASIL S.A
120;4;1;2;SIM;SIM;SIM;CINE BANGUÊ;JOÃO PESSOA;PB;FUNDAÇÃO ESPAÇO CULTURAL DA PARAÍBA FUNESC
118;4;1;2;SIM;NÃO;SIM;2114 CINEMARK LAR CENTER;SÃO PAULO;SP;CINEMARK BRASIL S.A
118;4;1;2;SIM;NÃO;SIM;721 CINEMARK HIGIENOPOLIS;SÃO PAULO;SP;CINEMARK BRASIL S.A
116;4;1;2;SIM;NÃO;SIM;MOVIE ARTE L´AMÉRICA;BENTO GONÇALVES;RS;MOVIE ARTE CINEMAS LTDA
100;4;1;2;SIM;NÃO;SIM;723 CINEMARK PAULISTA;SÃO PAULO;SP;CINEMARK BRASIL S.A
249;3;1;2;NÃO;NÃO;NÃO;710 CINEMARK SP MARKET;SÃO PAULO;SP;CINEMARK BRASIL S.A
223;3;1;2;SIM;NÃO;SIM;688 CINEMARK MARKET PLACE;SÃO PAULO;SP;CINEMARK BRASIL S.A
210;3;1;2;SIM;NÃO;SIM;688 CINEMARK MARKET PLACE;SÃO PAULO;SP;CINEMARK BRASIL S.A
196;3;1;2;SIM;NÃO;SIM;716 CINEMARK ARICANDUVA;SÃO PAULO;SP;CINEMARK BRASIL S.A
168;3;1;2;SIM;NÃO;SIM;REDECINE - RIO PQ SHOP SULACAP;RIO DE JANEIRO;RJ;REDECINE - RIO CINEMATOGRAFICA S.A.
167;3;1;2;SIM;SIM;NÃO;CONSTRUCINE ITARARE;ITARARÉ;SP;RR2 CINEMATOGRAFIA LTDA
167;3;1;2;SIM;NÃO;SIM;REDECINE - RIO AMERICAS;RIO DE JANEIRO;RJ;REDECINE - RIO CINEMATOGRAFICA S.A.
163;3;1;2;SIM;SIM;NÃO;GRUPOCINE DELMIRO GOUVEIA;DELMIRO GOUVEIA;AL;EMPRESA CINEMATOGRAFICA BOMBOCINE LTDA
162;3;1;2;SIM;NÃO;SIM;2103 CINEMARK MOOCA PLAZA SHOPPING;SÃO PAULO;SP;CINEMARK BRASIL S.A
161;3;1;2;SIM;NÃO;SIM;REDECINE - RIO AMERICAS;RIO DE JANEIRO;RJ;REDECINE - RIO CINEMATOGRAFICA S.A.
159;3;1;2;SIM;NÃO;SIM;REDECINE - RIO AMERICAS;RIO DE JANEIRO;RJ;REDECINE - RIO CINEMATOGRAFICA S.A.
159;3;1;2;SIM;NÃO;SIM;711 CINEMARK TATUAPE;SÃO PAULO;SP;CINEMARK BRASIL S.A
157;3;1;2;SIM;NÃO;SIM;REDECINE - RIO PQ SHOP SULACAP;RIO DE JANEIRO;RJ;REDECINE - RIO CINEMATOGRAFICA S.A.
149;3;1;2;SIM;NÃO;SIM;716 CINEMARK ARICANDUVA;SÃO PAULO;SP;CINEMARK BRASIL S.A
148;3;1;2;SIM;NÃO;SIM;MOVIECOM PÁTIO BELÉM;BELÉM;PA;MOVIE CINEMAS LTDA
148;3;1;2;SIM;NÃO;SIM;716 CINEMARK ARICANDUVA;SÃO PAULO;SP;CINEMARK BRASIL S.A
147;3;1;2;NÃO;NÃO;NÃO;2132 CINEMARK SHOPPING IGUATEMI SP;SÃO PAULO;SP;CINEMARK BRASIL S.A
138;3;1;2;SIM;SIM;NÃO;CONSTRUCINE ITARARE;ITARARÉ;SP;RR2 CINEMATOGRAFIA LTDA
136;3;1;2;SIM;NÃO;SIM;687 CINEMARK SHOPPING D;SÃO PAULO;SP;CINEMARK BRASIL S.A
136;3;1;2;SIM;NÃO;SIM;2132 CINEMARK SHOPPING IGUATEMI SP;SÃO PAULO;SP;CINEMARK BRASIL S.A
135;3;1;2;SIM;NÃO;SIM;2132 CINEMARK SHOPPING IGUATEMI SP;SÃO PAULO;SP;CINEMARK BRASIL S.A
132;3;1;2;SIM;NÃO;SIM;716 CINEMARK ARICANDUVA;SÃO PAULO;SP;CINEMARK BRASIL S.A
131;3;1;2;SIM;NÃO;SIM;UCI BRASIL - ANALIA FRANCO;SÃO PAULO;SP;UNITED CINEMAS INTERNATIONAL BRASIL LTDA.
130;3;1;2;SIM;NÃO;SIM;687 CINEMARK SHOPPING D;SÃO PAULO;SP;CINEMARK BRASIL S.A
127;3;1;2;SIM;NÃO;SIM;682 CINEMARK CIDADE JARDIM;SÃO PAULO;SP;CINEMARK BRASIL S.A
126;3;1;2;SIM;NÃO;SIM;711 CINEMARK TATUAPE;SÃO PAULO;SP;CINEMARK BRASIL S.A
122;3;1;2;SIM;NÃO;SIM;687 CINEMARK SHOPPING D;SÃO PAULO;SP;CINEMARK BRASIL S.A
121;3;1;2;SIM;NÃO;SIM;727 CINEMARK VILLA LOBOS;SÃO PAULO;SP;CINEMARK BRASIL S.A
119;3;1;2;SIM;NÃO;SIM;UCI BRASIL - ANALIA FRANCO;SÃO PAULO;SP;UNITED CINEMAS INTERNATIONAL BRASIL LTDA.
117;3;1;2;SIM;NÃO;SIM;711 CINEMARK TATUAPE;SÃO PAULO;SP;CINEMARK BRASIL S.A
116;3;1;2;SIM;NÃO;SIM;721 CINEMARK HIGIENOPOLIS;SÃO PAULO;SP;CINEMARK BRASIL S.A
113;3;1;2;SIM;NÃO;SIM;711 CINEMARK TATUAPE;SÃO PAULO;SP;CINEMARK BRASIL S.A
112;3;1;2;SIM;NÃO;SIM;UCI BRASIL - ANALIA FRANCO;SÃO PAULO;SP;UNITED CINEMAS INTERNATIONAL BRASIL LTDA.
97;3;1;2;SIM;NÃO;SIM;721 CINEMARK HIGIENOPOLIS;SÃO PAULO;SP;CINEMARK BRASIL S.A
91;3;1;2;SIM;NÃO;SIM;CINE CARIOCA NOVA BRASÍLIA;RIO DE JANEIRO;RJ;WELLINGTON CARDOSO DA LUZ CINEMAS LTDA
64;3;1;2;SIM;NÃO;SIM;KINOPLEX PRAIA DA COSTA;VILA VELHA;ES;EMPRESA CINEMAS SÃO LUIZ S/A
234;2;1;2;SIM;NÃO;SIM;MOVIE ARTE SHOPPING BENTO;BENTO GONÇALVES;RS;MOVIE ARTE CINEMAS LTDA
232;2;1;2;SIM;NÃO;SIM;CINE LASER PASSO FUNDO;PASSO FUNDO;RS;CINE LASER SUL LTDA
196;2;1;2;NÃO;NÃO;SIM;CINE LASER PASSO FUNDO;PASSO FUNDO;RS;CINE LASER SUL LTDA
173;2;1;2;SIM;NÃO;SIM;KINOPLEX PRAIA DA COSTA;VILA VELHA;ES;EMPRESA CINEMAS SÃO LUIZ S/A
168;2;1;2;SIM;NÃO;SIM;KINOPLEX PRAIA DA COSTA;VILA VELHA;ES;EMPRESA CINEMAS SÃO LUIZ S/A
167;2;1;2;SIM;SIM;NÃO;GRUPOCINE FORTALEZA;FORTALEZA;CE;EMPRESA CINEMATOGRAFICA BOMBOCINE LTDA
163;2;1;2;SIM;NÃO;SIM;CINE LASER PASSO FUNDO;PASSO FUNDO;RS;CINE LASER SUL LTDA
150;2;1;2;SIM;NÃO;SIM;2126 CINEMARK SÃO JOSÉ DOS PINHAIS;SÃO JOSÉ DOS PINHAIS;PR;CINEMARK BRASIL S.A
148;2;1;2;SIM;NÃO;SIM;CINE LASER PASSO FUNDO;PASSO FUNDO;RS;CINE LASER SUL LTDA
147;2;1;2;SIM;NÃO;SIM;2126 CINEMARK SÃO JOSÉ DOS PINHAIS;SÃO JOSÉ DOS PINHAIS;PR;CINEMARK BRASIL S.A
140;2;1;2;SIM;NÃO;SIM;CINEART PONTEIO;BELO HORIZONTE;MG;DELTA FILMES LTDA
140;2;1;2;SIM;NÃO;SIM;CINE LASER PASSO FUNDO;PASSO FUNDO;RS;CINE LASER SUL LTDA
140;2;1;2;SIM;NÃO;SIM;714 CINEMARK INTERLAGOS;SÃO PAULO;SP;CINEMARK BRASIL S.A
137;2;1;2;SIM;NÃO;SIM;MOVIECOM PÁTIO BELÉM;BELÉM;PA;MOVIE CINEMAS LTDA
132;2;1;2;SIM;NÃO;SIM;CINEMA ITAPIPOCA;ITAPIPOCA;CE;J B PINHEIRO ALVES JUNIOR - ME
131;2;1;2;SIM;NÃO;SIM;CINEMA ITAPIPOCA;ITAPIPOCA;CE;J B PINHEIRO ALVES JUNIOR - ME
131;2;1;2;NÃO;NÃO;SIM;CINE GUEDES;PATOS;PB;LILIANE ROCHA DE MEDEIROS GUEDES-ME
129;2;1;2;SIM;NÃO;SIM;714 CINEMARK INTERLAGOS;SÃO PAULO;SP;CINEMARK BRASIL S.A
127;2;1;2;NÃO;NÃO;SIM;CINEPLUS FAZENDA;FAZENDA RIO GRANDE;PR;CINELUZ CINEMA LTDA
123;2;1;2;SIM;SIM;NÃO;GRUPOCINE FORTALEZA;FORTALEZA;CE;EMPRESA CINEMATOGRAFICA BOMBOCINE LTDA
123;2;1;2;NÃO;NÃO;SIM;MOVIECOM VALE DO AÇO;IPATINGA;MG;EMPRESA CINEMATOGRÁFICA IPATINGA LTDA
112;2;1;2;SIM;NÃO;SIM;REDECINE - RIO PQ SHOP SULACAP;RIO DE JANEIRO;RJ;REDECINE - RIO CINEMATOGRAFICA S.A.
110;2;1;2;NÃO;NÃO;SIM;CINE FLORESTA GUARANTÂ;GUARANTÃ DO NORTE;MT;CINE GUARANTA LTDA
110;2;1;2;SIM;NÃO;SIM;662 CINEMARK SHOPPING RAPOSO TAVARES;SÃO PAULO;SP;CINEMARK BRASIL S.A
98;2;1;2;NÃO;NÃO;SIM;CINE ASTON;PARANAVAÍ;PR;SBPO ENTRETENIMENTOS LTDA
97;2;1;2;SIM;NÃO;SIM;682 CINEMARK CIDADE JARDIM;SÃO PAULO;SP;CINEMARK BRASIL S.A
96;2;1;2;SIM;NÃO;SIM;REDECINE - RIO AMERICAS;RIO DE JANEIRO;RJ;REDECINE - RIO CINEMATOGRAFICA S.A.
79;2;1;2;SIM;NÃO;SIM;2120 CINEMARK MOGI DAS CRUZES;MOGI DAS CRUZES;SP;CINEMARK BRASIL S.A
77;2;1;2;NÃO;NÃO;SIM;ALQUIMIA CULTURAL;ARACAJU;SE;ALQUIMIA CULTURAL EMPREENDIMENTOS LTDA
59;2;1;2;SIM;NÃO;SIM;682 CINEMARK CIDADE JARDIM;SÃO PAULO;SP;CINEMARK BRASIL S.A
52;2;1;2;SIM;NÃO;SIM;682 CINEMARK CIDADE JARDIM;SÃO PAULO;SP;CINEMARK BRASIL S.A
20;2;1;2;SIM;SIM;SIM;REDE CIDADE CINECLUBE;TAUBATÉ;SP;REDE CIDADE DE COMUNICACAO E CIDADANIA
150;1;1;2;NÃO;NÃO;SIM;CINEPLUS XAXIM;CURITIBA;PR;VITOMAQ PRODUÇÕES ARTISTICAS E CINEMA LTDA - ME
96;1;1;2;SIM;SIM;SIM;CINE XIN CINEMA;CÁCERES;MT;CINE XIN LTDA
79;1;1;2;NÃO;NÃO;SIM;CINEMAX CINEMAS FRANCISCO BELTRÃO;FRANCISCO BELTRÃO;PR;CINEMAX CINEMAS FRANCISCO BELTRAO LTDA
366;10;0;2;SIM;NÃO;SIM;JARDIM GUADALUPE;RIO DE JANEIRO;RJ;MSA EMPRESA CINEMATOGRÁFICA LTDA
364;10;0;2;SIM;NÃO;SIM;JARDIM GUADALUPE;RIO DE JANEIRO;RJ;MSA EMPRESA CINEMATOGRÁFICA LTDA
297;8;0;2;SIM;NÃO;SIM;KINOPLEX GOIÂNIA;GOIÂNIA;GO;EMPRESA CINEMAS SÃO LUIZ S/A
262;8;0;2;SIM;NÃO;SIM;UNIPLEX JOINVILLE;JOINVILLE;SC;CINEMAS UNIPLEX LTDA
329;7;0;2;SIM;SIM;SIM;CINESYSTEM BOURBON SHOPPING COUNTRY;PORTO ALEGRE;RS;ESPAÇO DE CINEMA SUL LTDA
323;7;0;2;SIM;NÃO;SIM;SOROCABA CIDADE;SOROCABA;SP;MSA EMPRESA CINEMATOGRÁFICA LTDA
306;7;0;2;SIM;NÃO;SIM;JARDIM GUADALUPE;RIO DE JANEIRO;RJ;MSA EMPRESA CINEMATOGRÁFICA LTDA
282;6;0;2;NÃO;NÃO;SIM;MULTIPLEX PANTANAL;CUIABÁ;MT;MSA EMPRESA CINEMATOGRÁFICA LTDA
279;6;0;2;SIM;SIM;SIM;CINESYSTEM BOURBON SHOPPING COUNTRY;PORTO ALEGRE;RS;ESPAÇO DE CINEMA SUL LTDA
265;6;0;2;SIM;NÃO;SIM;JARDIM GUADALUPE;RIO DE JANEIRO;RJ;MSA EMPRESA CINEMATOGRÁFICA LTDA
242;6;0;2;SIM;NÃO;SIM;KINOPLEX GOIÂNIA;GOIÂNIA;GO;EMPRESA CINEMAS SÃO LUIZ S/A
133;6;0;2;NÃO;NÃO;SIM;CINE A MINEIROS;MINEIROS;GO;CINE A LTDA
120;6;0;2;NÃO;NÃO;SIM;CINE A MINEIROS;MINEIROS;GO;CINE A LTDA
298;5;0;2;SIM;NÃO;SIM;MOVIEMAX CAMARÁ;CAMARAGIBE;PE;P.M.C. CINEMAS DO BRASIL LTDA
276;5;0;2;SIM;NÃO;SIM;MULTIPLEX DUQUE DE CAXIAS;DUQUE DE CAXIAS;RJ;MSA EMPRESA CINEMATOGRÁFICA LTDA
272;5;0;2;SIM;NÃO;SIM;CINEMAIS UBERABA;UBERABA;MG;CINEMAIS CINEMAS LTDA
263;5;0;2;SIM;NÃO;SIM;GRUPOCINE CAJAMAR;CAJAMAR;SP;EMPRESA CINEMATOGRAFICA BOMBOCINE LTDA
261;5;0;2;NÃO;NÃO;SIM;MOVIECOM TAUBATÉ;TAUBATÉ;SP;MOVIEPASS CINEMATOGRÁFICA LTDA
250;5;0;2;SIM;SIM;NÃO;CINEMAIS GOIANIA BOUGAINVILLE;GOIÂNIA;GO;CINEMAIS CINEMAS LTDA
245;5;0;2;NÃO;NÃO;SIM;MOVIECOM MAXI;JUNDIAÍ;SP;MAXI CINEMATOGRÁFICA LTDA
239;5;0;2;NÃO;NÃO;SIM;MOVIECOM TAUBATÉ;TAUBATÉ;SP;MOVIEPASS CINEMATOGRÁFICA LTDA
235;5;0;2;SIM;NÃO;SIM;KINOPLEX GOIÂNIA;GOIÂNIA;GO;EMPRESA CINEMAS SÃO LUIZ S/A
233;5;0;2;NÃO;NÃO;SIM;MOVIECOM MAXI;JUNDIAÍ;SP;MAXI CINEMATOGRÁFICA LTDA
230;5;0;2;NÃO;NÃO;SIM;MOVIECOM TAUBATÉ;TAUBATÉ;SP;MOVIEPASS CINEMATOGRÁFICA LTDA
222;5;0;2;SIM;NÃO;SIM;CENTERPLEX MESSEJANA;FORTALEZA;CE;EMPRESA DE CINEMAS FORTALEZA LTDA
219;5;0;2;SIM;NÃO;SIM;SOROCABA CIDADE;SOROCABA;SP;MSA EMPRESA CINEMATOGRÁFICA LTDA
215;5;0;2;NÃO;NÃO;SIM;CINESERCLA PÁTIO MIX TEIXEIRA;TEIXEIRA DE FREITAS;BA;ADICINE ADMINISTRADORA DE CINEMAS LTDA
211;5;0;2;SIM;NÃO;SIM;JARDIM GUADALUPE;RIO DE JANEIRO;RJ;MSA EMPRESA CINEMATOGRÁFICA LTDA
203;5;0;2;SIM;NÃO;SIM;CINEMAIS GUARATINGUETÁ;GUARATINGUETÁ;SP;CINEMAIS CINEMAS LTDA
275;4;0;2;SIM;NÃO;SIM;CENTERPLEX GRANDE CIRCULAR;MANAUS;AM;CINE ELI AMAZONAS CINEMAS LTDA - EM RECUPERAÇÃO JUDICIAL
274;4;0;2;SIM;NÃO;SIM;GRUPOCINE CONCORDIA;CONCÓRDIA;SC;EMPRESA CINEMATOGRAFICA BOMBOCINE LTDA
264;4;0;2;NÃO;NÃO;SIM;CINESYSTEM SANTARÉM;SANTARÉM;PA;REDECINE BRA CINEMATOGRÁFICA S.A.
263;4;0;2;NÃO;NÃO;SIM;CINESERCLA SHOPPING PRÊMIO;NOSSA SENHORA DO SOCORRO;SE;EXIBIDORA NACIONAL DE FILMES LTDA
233;4;0;2;NÃO;NÃO;SIM;MOVIECOM JARAGUÁ;ARARAQUARA;SP;CINEMATOGRÁFICA JARAGUÁ LTDA
232;4;0;2;SIM;NÃO;SIM;MOVIEMAX IGARASSU;IGARASSU;PE;P.M.C. CINEMAS DO BRASIL LTDA
226;4;0;2;SIM;SIM;SIM;CINE A SAO JOAO DA BOA VISTA;SÃO JOÃO DA BOA VISTA;SP;CINE A LTDA
218;4;0;2;SIM;NÃO;SIM;CINEMAIS UBERABA;UBERABA;MG;CINEMAIS CINEMAS LTDA
216;4;0;2;NÃO;NÃO;SIM;MOVIECOM VALE DO AÇO;IPATINGA;MG;EMPRESA CINEMATOGRÁFICA IPATINGA LTDA
214;4;0;2;SIM;NÃO;SIM;CINE A VITORIA;VITÓRIA;ES;CINE A LTDA
213;4;0;2;SIM;NÃO;SIM;GRUPOCINE ANDRADINA;ANDRADINA;SP;EMPRESA CINEMATOGRAFICA BOMBOCINE LTDA
213;4;0;2;SIM;SIM;NÃO;CM CINEMAS SBO;SANTA BÁRBARA D'OESTE;SP;RAYL EMPRESA CINEMATOGRAFICA LTDA
211;4;0;2;SIM;NÃO;SIM;ESPAÇO ITAÚ DE CINEMA AUGUSTA;SÃO PAULO;SP;CINEMA ARTEPLEX LTDA.
210;4;0;2;NÃO;NÃO;SIM;MOVIECOM JARAGUÁ;ARARAQUARA;SP;CINEMATOGRÁFICA JARAGUÁ LTDA
208;4;0;2;NÃO;NÃO;SIM;MOVIECOM TAUBATÉ;TAUBATÉ;SP;MOVIEPASS CINEMATOGRÁFICA LTDA
207;4;0;2;SIM;SIM;NÃO;CINEFLIX - APARECIDA DE GOIANIA;APARECIDA DE GOIÂNIA;GO;MOVIESYSTEM CINEMATOGRAFICA LTDA
206;4;0;2;SIM;NÃO;SIM;MULTIPLEX DUQUE DE CAXIAS;DUQUE DE CAXIAS;RJ;MSA EMPRESA CINEMATOGRÁFICA LTDA
204;4;0;2;SIM;NÃO;SIM;CINE A VITORIA;VITÓRIA;ES;CINE A LTDA
201;4;0;2;NÃO;SIM;SIM;CINE GLAUBER ROCHA;SALVADOR;BA;ESPAÇO CULTURAL DE CINEMA DE SALVADOR LTDA
200;4;0;2;NÃO;NÃO;SIM;MOVIECOM TIVOLI;SANTA BÁRBARA D'OESTE;SP;CINEMATOGRÁFICA PASSOS LTDA
200;4;0;2;NÃO;NÃO;NÃO;MOVIECOM TIVOLI;SANTA BÁRBARA D'OESTE;SP;CINEMATOGRÁFICA PASSOS LTDA
192;4;0;2;SIM;NÃO;SIM;CINESERCLA SHOPPING PRÊMIO;NOSSA SENHORA DO SOCORRO;SE;EXIBIDORA NACIONAL DE FILMES LTDA
192;4;0;2;SIM;NÃO;SIM;CINE A VITORIA;VITÓRIA;ES;CINE A LTDA
191;4;0;2;SIM;NÃO;SIM;MULTIPLEX DUQUE DE CAXIAS;DUQUE DE CAXIAS;RJ;MSA EMPRESA CINEMATOGRÁFICA LTDA
190;4;0;2;SIM;NÃO;SIM;GRUPOCINE VITÓRIA DE SANTO ANTÃO;VITÓRIA DE SANTO ANTÃO;PE;EMPRESA CINEMATOGRAFICA BOMBOCINE LTDA
188;4;0;2;SIM;NÃO;SIM;GRUPOCINE CAJAMAR;CAJAMAR;SP;EMPRESA CINEMATOGRAFICA BOMBOCINE LTDA
187;4;0;2;NÃO;NÃO;SIM;MOVIECOM JARAGUÁ;ARARAQUARA;SP;CINEMATOGRÁFICA JARAGUÁ LTDA
187;4;0;2;SIM;NÃO;SIM;GRUPOCINE ITAPECERICA MATRIZ;ITAPECERICA DA SERRA;SP;EMPRESA CINEMATOGRAFICA BOMBOCINE LTDA
186;4;0;2;SIM;NÃO;SIM;GRUPOCINE ITAPETININGA;ITAPETININGA;SP;EMPRESA CINEMATOGRAFICA BOMBOCINE LTDA
185;4;0;2;SIM;NÃO;SIM;CENTERPLEX MESSEJANA;FORTALEZA;CE;EMPRESA DE CINEMAS FORTALEZA LTDA
184;4;0;2;SIM;NÃO;SIM;CINE COLOMBO RESENDE;RESENDE;RJ;CINE A LTDA
179;4;0;2;SIM;NÃO;SIM;CINE A ALFENAS;ALFENAS;MG;CINE A LTDA
177;4;0;2;SIM;NÃO;NÃO;CINESYSTEM MORUMBI TOWN;SÃO PAULO;SP;REDECINE BRA CINEMATOGRÁFICA S.A.
177;4;0;2;NÃO;NÃO;NÃO;CINESYSTEM MORUMBI TOWN;SÃO PAULO;SP;REDECINE BRA CINEMATOGRÁFICA S.A.
176;4;0;2;NÃO;NÃO;SIM;CINESYSTEM PAULISTA;PAULISTA;PE;REDECINE BRA CINEMATOGRÁFICA S.A.
174;4;0;2;SIM;NÃO;SIM;CENTERPLEX GRANDE CIRCULAR;MANAUS;AM;CINE ELI AMAZONAS CINEMAS LTDA - EM RECUPERAÇÃO JUDICIAL
173;4;0;2;SIM;SIM;NÃO;CINEFLIX - VALPARAISO DE GOIAS;VALPARAÍSO DE GOIÁS;GO;MOVIESYSTEM CINEMATOGRAFICA LTDA
171;4;0;2;NÃO;NÃO;NÃO;MOVIECOM PENHA;SÃO PAULO;SP;CINEMATOGRÁFICA PASSOS LTDA
170;4;0;2;SIM;SIM;NÃO;CINEFLIX - APARECIDA DE GOIANIA;APARECIDA DE GOIÂNIA;GO;MOVIESYSTEM CINEMATOGRAFICA LTDA
170;4;0;2;NÃO;NÃO;SIM;MOVIECOM BOAVISTA;SÃO PAULO;SP;CINEMATOGRÁFICA PASSOS LTDA
169;4;0;2;NÃO;NÃO;SIM;MOVIECOM VALE DO AÇO;IPATINGA;MG;EMPRESA CINEMATOGRÁFICA IPATINGA LTDA
167;4;0;2;SIM;NÃO;SIM;GRUPOCINE VITÓRIA DE SANTO ANTÃO;VITÓRIA DE SANTO ANTÃO;PE;EMPRESA CINEMATOGRAFICA BOMBOCINE LTDA
166;4;0;2;SIM;NÃO;SIM;GRUPOCINE VITÓRIA DE SANTO ANTÃO;VITÓRIA DE SANTO ANTÃO;PE;EMPRESA CINEMATOGRAFICA BOMBOCINE LTDA
165;4;0;2;SIM;NÃO;SIM;CENTERPLEX GRANDE CIRCULAR;MANAUS;AM;CINE ELI AMAZONAS CINEMAS LTDA - EM RECUPERAÇÃO JUDICIAL
165;4;0;2;SIM;NÃO;SIM;GRUPOCINE VÁRZEA PAULISTA;VÁRZEA PAULISTA;SP;EMPRESA CINEMATOGRAFICA BOMBOCINE LTDA
164;4;0;2;NÃO;NÃO;SIM;MOVIECOM PENHA;SÃO PAULO;SP;CINEMATOGRÁFICA PASSOS LTDA
163;4;0;2;SIM;NÃO;SIM;CINE COLOMBO RESENDE;RESENDE;RJ;CINE A LTDA
163;4;0;2;SIM;NÃO;NÃO;CINESYSTEM MORUMBI TOWN;SÃO PAULO;SP;REDECINE BRA CINEMATOGRÁFICA S.A.
162;4;0;2;SIM;NÃO;SIM;KINOPLEX GOIÂNIA;GOIÂNIA;GO;EMPRESA CINEMAS SÃO LUIZ S/A
154;4;0;2;SIM;NÃO;SIM;KINOPLEX GOIÂNIA;GOIÂNIA;GO;EMPRESA CINEMAS SÃO LUIZ S/A
153;4;0;2;NÃO;NÃO;NÃO;CINE VILA RICA: CAMPO VERDE;CAMPO VERDE;MT;MAURICIO JOSE NICOLINO & CIA LTDA
152;4;0;2;SIM;SIM;NÃO;CINEFLIX - APARECIDA DE GOIANIA;APARECIDA DE GOIÂNIA;GO;MOVIESYSTEM CINEMATOGRAFICA LTDA
152;4;0;2;NÃO;NÃO;SIM;MOVIECOM VALE DO AÇO;IPATINGA;MG;EMPRESA CINEMATOGRÁFICA IPATINGA LTDA
150;4;0;2;SIM;NÃO;SIM;CINE SHOPPING SÃO CARLOS;SÃO CARLOS;SP;CINEMAS ALVORADA DIVERSÕES LTDA
149;4;0;2;NÃO;NÃO;NÃO;CINESYSTEM PAULISTA;PAULISTA;PE;REDECINE BRA CINEMATOGRÁFICA S.A.
142;4;0;2;SIM;NÃO;SIM;GRUPOCINE VÁRZEA PAULISTA;VÁRZEA PAULISTA;SP;EMPRESA CINEMATOGRAFICA BOMBOCINE LTDA
141;4;0;2;SIM;NÃO;SIM;CENTERPLEX MESSEJANA;FORTALEZA;CE;EMPRESA DE CINEMAS FORTALEZA LTDA
136;4;0;2;SIM;NÃO;SIM;CENTERPLEX MESSEJANA;FORTALEZA;CE;EMPRESA DE CINEMAS FORTALEZA LTDA
135;4;0;2;SIM;NÃO;SIM;GRUPOCINE VÁRZEA PAULISTA;VÁRZEA PAULISTA;SP;EMPRESA CINEMATOGRAFICA BOMBOCINE LTDA
120;4;0;2;NÃO;NÃO;NÃO;MOVIECOM PENHA;SÃO PAULO;SP;CINEMATOGRÁFICA PASSOS LTDA
119;4;0;2;SIM;NÃO;SIM;SOROCABA CIANE;SOROCABA;SP;MSA EMPRESA CINEMATOGRÁFICA LTDA
116;4;0;2;NÃO;NÃO;SIM;CINESYSTEM PAULISTA;PAULISTA;PE;REDECINE BRA CINEMATOGRÁFICA S.A.
115;4;0;2;NÃO;NÃO;SIM;CINESYSTEM PAULISTA;PAULISTA;PE;REDECINE BRA CINEMATOGRÁFICA S.A.
114;4;0;2;SIM;SIM;NÃO;CONSTRUCINE LONDRINA;LONDRINA;PR;RR2 CINEMATOGRAFIA LTDA
91;4;0;2;NÃO;NÃO;NÃO;MOVIECOM PENHA;SÃO PAULO;SP;CINEMATOGRÁFICA PASSOS LTDA
87;4;0;2;SIM;SIM;NÃO;CINEFLIX - VALPARAISO DE GOIAS;VALPARAÍSO DE GOIÁS;GO;MOVIESYSTEM CINEMATOGRAFICA LTDA
83;4;0;2;SIM;SIM;NÃO;CINEFLIX - VALPARAISO DE GOIAS;VALPARAÍSO DE GOIÁS;GO;MOVIESYSTEM CINEMATOGRAFICA LTDA
291;3;0;2;SIM;NÃO;SIM;MULTICINE SOBRAL;SOBRAL;CE;MULTICINE CINEMAS LTDA
274;3;0;2;SIM;NÃO;SIM;UNIPLEX JOINVILLE;JOINVILLE;SC;CINEMAS UNIPLEX LTDA
238;3;0;2;SIM;NÃO;SIM;GRUPOCINE ANDRADINA;ANDRADINA;SP;EMPRESA CINEMATOGRAFICA BOMBOCINE LTDA
174;3;0;2;SIM;SIM;NÃO;CINEVISION CORUMBA;CORUMBÁ;MS;CINEVISION CORUMBA LTDA
169;3;0;2;SIM;NÃO;SIM;MOVIEMAX IGARASSU;IGARASSU;PE;P.M.C. CINEMAS DO BRASIL LTDA
150;3;0;2;SIM;NÃO;NÃO;CINESYSTEM MORUMBI TOWN;SÃO PAULO;SP;REDECINE BRA CINEMATOGRÁFICA S.A.
146;3;0;2;SIM;NÃO;SIM;GRUPOCINE ITAPECERICA MATRIZ;ITAPECERICA DA SERRA;SP;EMPRESA CINEMATOGRAFICA BOMBOCINE LTDA
144;3;0;2;SIM;NÃO;SIM;CENTRO DE CULTURA BELAS ARTES CINEMA;SÃO PAULO;SP;CENTRO DE CULTURA BELAS ARTES CINEMAS
142;3;0;2;SIM;NÃO;SIM;MOVIEMAX IGARASSU;IGARASSU;PE;P.M.C. CINEMAS DO BRASIL LTDA
139;3;0;2;SIM;NÃO;SIM;CINEMAIS GUARATINGUETÁ;GUARATINGUETÁ;SP;CINEMAIS CINEMAS LTDA
135;3;0;2;SIM;NÃO;SIM;CENTRO DE CULTURA BELAS ARTES CINEMA;SÃO PAULO;SP;CENTRO DE CULTURA BELAS ARTES CINEMAS
130;3;0;2;SIM;SIM;NÃO;CONSTRUCINE LONDRINA;LONDRINA;PR;RR2 CINEMATOGRAFIA LTDA
125;3;0;2;SIM;SIM;NÃO;CINEFLIX - TAQUARA;RIO DE JANEIRO;RJ;MOVIESYSTEM CINEMATOGRAFICA LTDA
118;3;0;2;NÃO;NÃO;NÃO;SALADEARTE CINE VIVO;SALVADOR;BA;CINEMA E ARTE PRODUÇÕES LTDA
116;3;0;2;NÃO;NÃO;SIM;MOVIECOM JARAGUÁ;ARARAQUARA;SP;CINEMATOGRÁFICA JARAGUÁ LTDA
109;3;0;2;SIM;SIM;NÃO;CINEFLIX - TAQUARA;RIO DE JANEIRO;RJ;MOVIESYSTEM CINEMATOGRAFICA LTDA
103;3;0;2;NÃO;NÃO;SIM;ARAÚJO MULTIPLEX VIA VERDE;RIO BRANCO;AC;EMPRESA CINEMATOGRÁFICA ARAÇATUBA LTDA
88;3;0;2;SIM;NÃO;SIM;ARAUJO MULTIPLEX SHOPPING PIRACICABA;PIRACICABA;SP;MSA EMPRESA CINEMATOGRÁFICA LTDA
246;2;0;2;NÃO;NÃO;SIM;MOVIECOM MAXI;JUNDIAÍ;SP;MAXI CINEMATOGRÁFICA LTDA
242;2;0;2;NÃO;NÃO;SIM;MOVIECOM MAXI;JUNDIAÍ;SP;MAXI CINEMATOGRÁFICA LTDA
226;2;0;2;NÃO;NÃO;SIM;MOVIECOM MAXI;JUNDIAÍ;SP;MAXI CINEMATOGRÁFICA LTDA
212;2;0;2;SIM;NÃO;SIM;CINE A VITORIA;VITÓRIA;ES;CINE A LTDA
208;2;0;2;SIM;NÃO;SIM;MULTICINE CIDADE JARDIM;GOIÂNIA;GO;MULTICINE CINEMAS LTDA
201;2;0;2;NÃO;NÃO;SIM;MOVIECOM JAÚ;JAÚ;SP;CINEPASS CINEMATOGRÁFICA LTDA
201;2;0;2;SIM;NÃO;SIM;MULTICINE SOBRAL;SOBRAL;CE;MULTICINE CINEMAS LTDA
198;2;0;2;SIM;NÃO;SIM;CINE A ITAJUBA;ITAJUBÁ;MG;CINE A LTDA
198;2;0;2;NÃO;NÃO;SIM;MOVIECOM JAÚ;JAÚ;SP;CINEPASS CINEMATOGRÁFICA LTDA
194;2;0;2;SIM;NÃO;NÃO;MULTICINE CIDADE JARDIM;GOIÂNIA;GO;MULTICINE CINEMAS LTDA
194;2;0;2;SIM;NÃO;SIM;CINE COLOMBO RESENDE;RESENDE;RJ;CINE A LTDA
192;2;0;2;SIM;NÃO;SIM;CINESERCLA OSASCO PLAZA;OSASCO;SP;LB CINEMAS LTDA
190;2;0;2;SIM;NÃO;SIM;M M CHAINÇA COLOMBO;COLOMBO;PR;CINEMAS UNIPLEX LTDA
187;2;0;2;SIM;SIM;SIM;CINE A SAO JOAO DA BOA VISTA;SÃO JOÃO DA BOA VISTA;SP;CINE A LTDA
184;2;0;2;SIM;NÃO;SIM;M M CHAINÇA COLOMBO;COLOMBO;PR;CINEMAS UNIPLEX LTDA
178;2;0;2;NÃO;NÃO;SIM;MOVIECOM TIVOLI;SANTA BÁRBARA D'OESTE;SP;CINEMATOGRÁFICA PASSOS LTDA
176;2;0;2;SIM;NÃO;SIM;CINE A TRES CORAÇÕES;TRÊS CORAÇÕES;MG;CINE A LTDA
173;2;0;2;NÃO;NÃO;SIM;GRUPOCINE SANTA ISABEL;SANTA ISABEL;SP;EMPRESA CINEMATOGRAFICA BOMBOCINE LTDA
164;2;0;2;SIM;NÃO;SIM;CINE A ITAJUBA;ITAJUBÁ;MG;CINE A LTDA
164;2;0;2;SIM;NÃO;SIM;CINE COLOMBO - ITAPIRA;ITAPIRA;SP;CINE A LTDA
159;2;0;2;SIM;NÃO;SIM;RESERVA CULTURAL BELA VISTA;SÃO PAULO;SP;RESERVA CULTURAL DE CINEMA LTDA.
156;2;0;2;NÃO;NÃO;SIM;CINESYSTEM SANTARÉM;SANTARÉM;PA;REDECINE BRA CINEMATOGRÁFICA S.A.
154;2;0;2;SIM;NÃO;SIM;CINE A ITAJUBA;ITAJUBÁ;MG;CINE A LTDA
154;2;0;2;SIM;SIM;SIM;CINEMAX PIRAJU;PIRAJU;SP;LUCIANE DE ALMEIDA ARRUDA CAMPOS CINEMA ME
152;2;0;2;NÃO;NÃO;SIM;CINESYSTEM SANTARÉM;SANTARÉM;PA;REDECINE BRA CINEMATOGRÁFICA S.A.
150;2;0;2;SIM;NÃO;SIM;CINESERCLA OSASCO PLAZA;OSASCO;SP;LB CINEMAS LTDA
147;2;0;2;SIM;NÃO;SIM;CINEPLAY PANORAMICO;SOROCABA;SP;CIA DE CINEMA BRASIL
146;2;0;2;SIM;NÃO;SIM;CINE QUELIPE PLANALTINA;PLANALTINA;GO;ESQ ENTRETENIMENTOS LTDA.
145;2;0;2;SIM;NÃO;SIM;CINE COLOMBO - ESPÍRITO SANTO DO PINHAL;ESPÍRITO SANTO DO PINHAL;SP;CINE A LTDA
139;2;0;2;SIM;NÃO;SIM;CINEMA ARACATI;ARACATI;CE;J B PINHEIRO ALVES JUNIOR - ME
135;2;0;2;NÃO;NÃO;SIM;CINE'N FUN;BAURU;SP;LANCHES ALAMEDA QUALITY CENTER LTDA
135;2;0;2;SIM;NÃO;SIM;CINESERCLA OSASCO PLAZA;OSASCO;SP;LB CINEMAS LTDA
128;2;0;2;SIM;NÃO;SIM;CINEMA ARACATI;ARACATI;CE;J B PINHEIRO ALVES JUNIOR - ME
121;2;0;2;SIM;NÃO;SIM;RESERVA CULTURAL BELA VISTA;SÃO PAULO;SP;RESERVA CULTURAL DE CINEMA LTDA.
120;2;0;2;SIM;SIM;NÃO;CINEMAIS GOIANIA BOUGAINVILLE;GOIÂNIA;GO;CINEMAIS CINEMAS LTDA
120;2;0;2;SIM;NÃO;SIM;CINESERCLA OSASCO PLAZA;OSASCO;SP;LB CINEMAS LTDA
118;2;0;2;SIM;NÃO;SIM;GRUPOCINE MARANGUAPE;MARANGUAPE;CE;EMPRESA CINEMATOGRAFICA BOMBOCINE LTDA
117;2;0;2;NÃO;NÃO;SIM;CINESERCLA PÁTIO MIX TEIXEIRA;TEIXEIRA DE FREITAS;BA;ADICINE ADMINISTRADORA DE CINEMAS LTDA
116;2;0;2;SIM;SIM;NÃO;CINEFLIX - CURITIBA (CUR);CURITIBA;PR;MOVIESYSTEM CINEMATOGRAFICA LTDA
112;2;0;2;SIM;NÃO;SIM;RESERVA CULTURAL BELA VISTA;SÃO PAULO;SP;RESERVA CULTURAL DE CINEMA LTDA.
109;2;0;2;SIM;NÃO;SIM;MULTICINE SOBRAL;SOBRAL;CE;MULTICINE CINEMAS LTDA
107;2;0;2;SIM;SIM;NÃO;CINEFLIX - CURITIBA (CUR);CURITIBA;PR;MOVIESYSTEM CINEMATOGRAFICA LTDA
106;2;0;2;SIM;NÃO;SIM;SALADEARTE CINEMAM;SALVADOR;BA;CINEMA E ARTE PRODUÇÕES LTDA
105;2;0;2;NÃO;NÃO;NÃO;MOVIECOM BOAVISTA;SÃO PAULO;SP;CINEMATOGRÁFICA PASSOS LTDA
103;2;0;2;SIM;NÃO;SIM;UCI PARK JACAREPAGUÁ;RIO DE JANEIRO;RJ;UNITED CINEMAS INTERNATIONAL BRASIL LTDA.
101;2;0;2;SIM;NÃO;SIM;GRUPOCINE MARANGUAPE;MARANGUAPE;CE;EMPRESA CINEMATOGRAFICA BOMBOCINE LTDA
93;2;0;2;SIM;NÃO;NÃO;CENTERPLEX ARACAJU;ARACAJU;SE;CINE ELI SERGIPE CINEMAS LTDA
90;2;0;2;NÃO;SIM;SIM;CINE PASSEIO;CURITIBA;PR;CURITIBA ARTE - INSTITUTO CURITIBA DE ARTE E CULTURA
90;2;0;2;SIM;SIM;NÃO;CONSTRUCINE LONDRINA;LONDRINA;PR;RR2 CINEMATOGRAFIA LTDA
84;2;0;2;SIM;NÃO;SIM;CINE SHOPPING SÃO CARLOS;SÃO CARLOS;SP;CINEMAS ALVORADA DIVERSÕES LTDA
84;2;0;2;NÃO;NÃO;SIM;MOVIECOM BOAVISTA;SÃO PAULO;SP;CINEMATOGRÁFICA PASSOS LTDA
83;2;0;2;SIM;NÃO;SIM;CINE COLOMBO - ARARAS;ARARAS;SP;CINE A LTDA
63;2;0;2;NÃO;NÃO;SIM;JOSUE´S CINE FORMIGA;FORMIGA;MG;JOSUE´S CINE & FOTO LTDA
237;1;0;2;SIM;NÃO;SIM;M. M. CHAINÇA PIRASSUNUNGA;PIRASSUNUNGA;SP;CINEMAS UNIPLEX LTDA
193;1;0;2;SIM;NÃO;SIM;MULTICINE CIDADE JARDIM;GOIÂNIA;GO;MULTICINE CINEMAS LTDA
143;1;0;2;SIM;NÃO;SIM;CINESERCLA SHOPPING TAMBIÁ;JOÃO PESSOA;PB;EXIBIDORA NACIONAL DE FILMES LTDA
132;1;0;2;SIM;NÃO;SIM;CINESERCLA SHOPPING TAMBIÁ;JOÃO PESSOA;PB;EXIBIDORA NACIONAL DE FILMES LTDA
96;1;0;2;SIM;NÃO;SIM;CINESERCLA SHOPPING TAMBIÁ;JOÃO PESSOA;PB;EXIBIDORA NACIONAL DE FILMES LTDA
95;1;0;2;SIM;NÃO;SIM;CINE A TRES CORAÇÕES;TRÊS CORAÇÕES;MG;CINE A LTDA
85;1;0;2;SIM;NÃO;SIM;CINESERCLA SHOPPING TAMBIÁ;JOÃO PESSOA;PB;EXIBIDORA NACIONAL DE FILMES LTDA
69;1;0;2;SIM;NÃO;NÃO;CINESYSTEM MORUMBI TOWN;SÃO PAULO;SP;REDECINE BRA CINEMATOGRÁFICA S.A.
170;20;70;1;SIM;SIM;NÃO;CINE MAX - SANTA CRUZ DO SUL;SANTA CRUZ DO SUL;RS;CINE MAX BRASIL LTDA
130;20;30;1;SIM;SIM;NÃO;CINE MAX - SANTA CRUZ DO SUL;SANTA CRUZ DO SUL;RS;CINE MAX BRASIL LTDA
166;3;25;1;SIM;NÃO;NÃO;GRUPOCINE CATANDUVA;CATANDUVA;SP;EMPRESA CINEMATOGRAFICA BOMBOCINE LTDA
178;2;24;1;SIM;NÃO;NÃO;GRUPOCINE CATANDUVA;CATANDUVA;SP;EMPRESA CINEMATOGRAFICA BOMBOCINE LTDA
140;2;14;1;SIM;NÃO;SIM;CINE SHOW ANGRA DOS REIS;ANGRA DOS REIS;RJ;TATU FILMES LTDA
198;4;12;1;SIM;NÃO;SIM;CINE SHOW ANGRA DOS REIS;ANGRA DOS REIS;RJ;TATU FILMES LTDA
180;4;11;1;SIM;NÃO;SIM;CINE SHOW ANGRA DOS REIS;ANGRA DOS REIS;RJ;TATU FILMES LTDA
134;2;10;1;NÃO;NÃO;SIM;CINE MAX CANOINHAS;CANOINHAS;SC;CINEMAX CINEMA CANOINHAS LTDA-ME
116;2;8;1;SIM;NÃO;SIM;CINEMA BOULEVARD RIO;RIO DE JANEIRO;RJ;EMPRESA CINEMAS SÃO LUIZ S/A
348;7;7;1;SIM;NÃO;NÃO;CINEFLIX PARK MARINGÁ;MARINGÁ;PR;MOVIESYSTEM CINEMATOGRAFICA LTDA
300;7;7;1;SIM;NÃO;NÃO;CINEFLIX PARK MARINGÁ;MARINGÁ;PR;MOVIESYSTEM CINEMATOGRAFICA LTDA
131;2;7;1;SIM;NÃO;SIM;CINE SHOW ANGRA DOS REIS;ANGRA DOS REIS;RJ;TATU FILMES LTDA
260;4;6;1;SIM;SIM;NÃO;CEU BARRO BRANCO;SÃO PAULO;SP;EMPRESA DE CINEMA E AUDIOVISUAL DE SÃO PAULO S.A.
260;4;6;1;SIM;SIM;NÃO;CEU ARTHUR ALVIM;SÃO PAULO;SP;EMPRESA DE CINEMA E AUDIOVISUAL DE SÃO PAULO S.A.
260;4;6;1;SIM;SIM;NÃO;CEU VILA ALPINA;SÃO PAULO;SP;EMPRESA DE CINEMA E AUDIOVISUAL DE SÃO PAULO S.A.
260;4;6;1;SIM;SIM;NÃO;CEU CARRÃO;SÃO PAULO;SP;EMPRESA DE CINEMA E AUDIOVISUAL DE SÃO PAULO S.A.
260;4;6;1;SIM;SIM;NÃO;CEU SÃO MIGUEL;SÃO PAULO;SP;EMPRESA DE CINEMA E AUDIOVISUAL DE SÃO PAULO S.A.
260;4;6;1;SIM;SIM;NÃO;CEU PINHEIRINHO;SÃO PAULO;SP;EMPRESA DE CINEMA E AUDIOVISUAL DE SÃO PAULO S.A.
260;4;6;1;SIM;SIM;NÃO;CEU PARQUE NOVO MUNDO;SÃO PAULO;SP;EMPRESA DE CINEMA E AUDIOVISUAL DE SÃO PAULO S.A.
260;4;6;1;SIM;SIM;NÃO;CEU PARQUE DO CARMO;SÃO PAULO;SP;EMPRESA DE CINEMA E AUDIOVISUAL DE SÃO PAULO S.A.
260;4;6;1;SIM;SIM;NÃO;CEU FREGUESIA DO Ó;SÃO PAULO;SP;EMPRESA DE CINEMA E AUDIOVISUAL DE SÃO PAULO S.A.
260;4;6;1;SIM;SIM;NÃO;CEU TREMEMBÉ;SÃO PAULO;SP;EMPRESA DE CINEMA E AUDIOVISUAL DE SÃO PAULO S.A.
260;4;6;1;SIM;SIM;NÃO;CEU TAIPAS;SÃO PAULO;SP;EMPRESA DE CINEMA E AUDIOVISUAL DE SÃO PAULO S.A.
260;4;6;1;SIM;SIM;NÃO;CEU SÃO PEDRO;SÃO PAULO;SP;EMPRESA DE CINEMA E AUDIOVISUAL DE SÃO PAULO S.A.
300;5;5;1;SIM;NÃO;SIM;CENTRO CULTURAL JOÃO BRACKS;MANHUAÇU;MG;TEATRO DOM BOSCO
112;4;5;1;SIM;NÃO;SIM;CINÉPOLIS PATIO BATEL VIP;CURITIBA;PR;CINEPOLIS OPERADORA DE CINEMAS DO BRASIL LTDA
143;2;5;1;SIM;NÃO;SIM;CINEMA BOULEVARD RIO;RIO DE JANEIRO;RJ;EMPRESA CINEMAS SÃO LUIZ S/A
134;2;5;1;SIM;NÃO;SIM;CINEMA BOULEVARD RIO;RIO DE JANEIRO;RJ;EMPRESA CINEMAS SÃO LUIZ S/A
95;2;5;1;NÃO;SIM;NÃO;CINEMA SESC MA;SÃO LUÍS;MA;SESC SERVIÇO SOCIAL DO COMERCIO - SESC
228;5;4;1;SIM;NÃO;SIM;UCI BRASIL - SHOPPING JARDIM SUL;SÃO PAULO;SP;UNITED CINEMAS INTERNATIONAL BRASIL LTDA.
212;4;4;1;SIM;SIM;NÃO;CINESYSTEM POMPEIA;SÃO PAULO;SP;REDECINE BRA CINEMATOGRÁFICA S.A.
202;4;4;1;SIM;SIM;NÃO;CINESYSTEM POMPEIA;SÃO PAULO;SP;REDECINE BRA CINEMATOGRÁFICA S.A.
181;4;4;1;SIM;NÃO;SIM;GNC NEUMARKT BLUMENAU;BLUMENAU;SC;PRAIA DE BELAS EMPREENDIMENTOS CINEMATOGRÁFICOS LTDA
167;4;4;1;SIM;SIM;NÃO;CINESYSTEM FREI CANECA;SÃO PAULO;SP;REDECINE BRA CINEMATOGRÁFICA S.A.
156;4;4;1;SIM;NÃO;SIM;GNC NEUMARKT BLUMENAU;BLUMENAU;SC;PRAIA DE BELAS EMPREENDIMENTOS CINEMATOGRÁFICOS LTDA
151;4;4;1;SIM;NÃO;SIM;CINEMA BOULEVARD RIO;RIO DE JANEIRO;RJ;EMPRESA CINEMAS SÃO LUIZ S/A
150;4;4;1;SIM;NÃO;SIM;GNC NEUMARKT BLUMENAU;BLUMENAU;SC;PRAIA DE BELAS EMPREENDIMENTOS CINEMATOGRÁFICOS LTDA
122;4;4;1;SIM;SIM;NÃO;CINESYSTEM FREI CANECA;SÃO PAULO;SP;REDECINE BRA CINEMATOGRÁFICA S.A.
121;4;4;1;SIM;SIM;NÃO;CINESYSTEM POMPEIA;SÃO PAULO;SP;REDECINE BRA CINEMATOGRÁFICA S.A.
110;4;4;1;SIM;SIM;NÃO;CINEFLIX - VARZEA GRANDE;VÁRZEA GRANDE;MT;MOVIESYSTEM CINEMATOGRAFICA LTDA
104;4;4;1;SIM;SIM;NÃO;CINE MOVIEPLEX PICOS;PICOS;PI;MOVIEPLEX ENTRETENIMENTO LTDA
102;4;4;1;SIM;SIM;NÃO;CINE MOVIEPLEX PICOS;PICOS;PI;MOVIEPLEX ENTRETENIMENTO LTDA
100;4;4;1;SIM;SIM;NÃO;CINE MOVIEPLEX PICOS;PICOS;PI;MOVIEPLEX ENTRETENIMENTO LTDA
144;3;4;1;SIM;NÃO;SIM;CINE IBIAPABA;TIANGUÁ;CE;MOVIEPLEX ENTRETENIMENTO LTDA -ME
208;2;4;1;SIM;NÃO;SIM;MOVIEMAX ELDORADO;GARANHUNS;PE;P.M.C. CINEMAS DO BRASIL LTDA
167;2;4;1;SIM;SIM;NÃO;CINE UNIPLEX JOINVILLE ESTAÇÃO;JOINVILLE;SC;CINEMAS UNIPLEX LTDA
70;1;4;1;SIM;SIM;NÃO;CINE MIRACEMA;MIRACEMA;RJ;CINE TEATRO SHOPPING SÃO PEDRO LTDA-ME
120;7;3;1;SIM;NÃO;SIM;CINÉPOLIS PATIO BATEL VIP;CURITIBA;PR;CINEPOLIS OPERADORA DE CINEMAS DO BRASIL LTDA
194;5;3;1;SIM;NÃO;SIM;UCI BRASIL - SUMAÚMA PARK SHOPPING;MANAUS;AM;UNITED CINEMAS INTERNATIONAL BRASIL LTDA.
158;5;3;1;NÃO;NÃO;SIM;UCI BRASIL-SHOPPING BOSQUE DOS IPÊS;CAMPO GRANDE;MS;UNITED CINEMAS INTERNATIONAL BRASIL LTDA.
200;4;3;1;NÃO;NÃO;SIM;UCI RIBEIRO - SHOPPING DA ILHA;SÃO LUÍS;MA;UCI RIBEIRO LTDA
184;4;3;1;SIM;NÃO;SIM;UCI BRASIL - SHOPPING JARDIM SUL;SÃO PAULO;SP;UNITED CINEMAS INTERNATIONAL BRASIL LTDA.
182;4;3;1;SIM;NÃO;SIM;UCI BRASIL - SHOPPING JARDIM SUL;SÃO PAULO;SP;UNITED CINEMAS INTERNATIONAL BRASIL LTDA.
181;4;3;1;SIM;NÃO;SIM;UCI RIBEIRO - SHOPPING CASA FORTE;RECIFE;PE;UCI RIBEIRO LTDA
174;4;3;1;SIM;NÃO;SIM;UCI BRASIL - SUMAÚMA PARK SHOPPING;MANAUS;AM;UNITED CINEMAS INTERNATIONAL BRASIL LTDA.
167;4;3;1;SIM;NÃO;SIM;UCI BRASIL - SHOPPING JARDIM SUL;SÃO PAULO;SP;UNITED CINEMAS INTERNATIONAL BRASIL LTDA.
158;4;3;1;SIM;NÃO;SIM;UCI BRASIL - SHOPPING JARDIM SUL;SÃO PAULO;SP;UNITED CINEMAS INTERNATIONAL BRASIL LTDA.
134;3;3;1;SIM;SIM;NÃO;CINESYSTEM BRASILIA;BRASÍLIA;DF;REDECINE BRA CINEMATOGRÁFICA S.A.
124;3;3;1;SIM;NÃO;SIM;UCI BRASIL - NEW YORK;RIO DE JANEIRO;RJ;UNITED CINEMAS INTERNATIONAL BRASIL LTDA.
122;3;3;1;SIM;SIM;NÃO;CINESYSTEM BRASILIA;BRASÍLIA;DF;REDECINE BRA CINEMATOGRÁFICA S.A.
121;3;3;1;SIM;SIM;NÃO;CINESYSTEM BRASILIA;BRASÍLIA;DF;REDECINE BRA CINEMATOGRÁFICA S.A.
120;3;3;1;SIM;SIM;NÃO;CINESYSTEM POMPEIA;SÃO PAULO;SP;REDECINE BRA CINEMATOGRÁFICA S.A.
101;3;3;1;SIM;SIM;NÃO;CINESYSTEM FREI CANECA;SÃO PAULO;SP;REDECINE BRA CINEMATOGRÁFICA S.A.
96;3;3;1;SIM;SIM;NÃO;CINE SÃO PEDRO DA ALDEIA;SÃO PEDRO DA ALDEIA;RJ;CINE TEATRO SHOPPING SÃO PEDRO LTDA-ME
85;3;3;1;SIM;SIM;NÃO;CINEFLIX LONDRINA;LONDRINA;PR;MOVIESYSTEM CINEMATOGRAFICA LTDA
78;3;3;1;SIM;SIM;NÃO;CINE SÃO PEDRO DA ALDEIA;SÃO PEDRO DA ALDEIA;RJ;CINE TEATRO SHOPPING SÃO PEDRO LTDA-ME
172;2;3;1;NÃO;NÃO;SIM;CINE GRACHER ARAPONGAS;ARAPONGAS;PR;CINE GRACHER LTDA
165;2;3;1;NÃO;NÃO;SIM;CINE GRACHER ARAPONGAS;ARAPONGAS;PR;CINE GRACHER LTDA
163;2;3;1;NÃO;NÃO;NÃO;CINE GRACHER ARAPONGAS;ARAPONGAS;PR;CINE GRACHER LTDA
158;2;3;1;NÃO;NÃO;SIM;CINE GRACHER PATO BRANCO;PATO BRANCO;PR;CINE GRACHER LTDA
109;2;3;1;SIM;NÃO;SIM;CINE IBIAPABA;TIANGUÁ;CE;MOVIEPLEX ENTRETENIMENTO LTDA -ME
99;1;3;1;SIM;SIM;NÃO;CINE-TEATRO DENOY DE OLIVEIRA;SÃO PAULO;SP;CENTRO POPULAR DE CULTURA 8 DE MARÇO
54;1;3;1;SIM;SIM;NÃO;CINE MIRACEMA;MIRACEMA;RJ;CINE TEATRO SHOPPING SÃO PEDRO LTDA-ME
283;8;2;1;SIM;NÃO;SIM;GNC NEUMARKT BLUMENAU;BLUMENAU;SC;PRAIA DE BELAS EMPREENDIMENTOS CINEMATOGRÁFICOS LTDA
267;6;2;1;SIM;NÃO;SIM;GNC NEUMARKT BLUMENAU;BLUMENAU;SC;PRAIA DE BELAS EMPREENDIMENTOS CINEMATOGRÁFICOS LTDA
120;5;2;1;NÃO;NÃO;SIM;CINESERCLA BIG SHOPPING;CONTAGEM;MG;EMPRESA DE CINEMAS SERCLA LTDA
240;4;2;1;SIM;NÃO;SIM;CINESERCLA BIG SHOPPING;CONTAGEM;MG;EMPRESA DE CINEMAS SERCLA LTDA
218;4;2;1;SIM;SIM;NÃO;MULTICINE PATO BRANCO;PATO BRANCO;PR;MOVIEPLACE EMPRESA DE CINEMAS LTDA
215;4;2;1;SIM;SIM;NÃO;MULTICINE PATO BRANCO;PATO BRANCO;PR;MOVIEPLACE EMPRESA DE CINEMAS LTDA
205;4;2;1;SIM;NÃO;SIM;CINEPOLIS SANTA ÚRSULA;RIBEIRÃO PRETO;SP;CINEPOLIS OPERADORA DE CINEMAS DO BRASIL LTDA
184;4;2;1;SIM;NÃO;SIM;MOVIECOM PÁTIO BELÉM;BELÉM;PA;MOVIE CINEMAS LTDA
179;4;2;1;NÃO;NÃO;SIM;CINÉPOLIS RIO POTY;TERESINA;PI;CINEPOLIS OPERADORA DE CINEMAS DO BRASIL LTDA
167;4;2;1;SIM;NÃO;SIM;MOVIECOM PÁTIO BELÉM;BELÉM;PA;MOVIE CINEMAS LTDA
166;4;2;1;SIM;NÃO;SIM;CINEMA DO MUSEU;RECIFE;PE;FUNDAÇÃO JOAQUIM NABUCO
160;4;2;1;SIM;NÃO;SIM;CINEMA DA FUNDAÇÃO - DERBY;RECIFE;PE;FUNDAÇÃO JOAQUIM NABUCO
153;4;2;1;NÃO;NÃO;SIM;MOVIECOM CASTANHEIRA;BELÉM;PA;MOVIE CINEMAS LTDA
149;4;2;1;SIM;NÃO;SIM;UCI ORIENT SHOPPING CENTER BARRA;SALVADOR;BA;UCI-ORIENT LTDA
143;4;2;1;SIM;NÃO;SIM;UCI BRASIL SHOPPING PARANGABA CE;FORTALEZA;CE;UNITED CINEMAS INTERNATIONAL BRASIL LTDA.
143;4;2;1;NÃO;NÃO;NÃO;UCI BRASIL SHOPPING PARANGABA CE;FORTALEZA;CE;UNITED CINEMAS INTERNATIONAL BRASIL LTDA.
139;4;2;1;SIM;NÃO;SIM;UCI BRASIL - SANTANA PARQUE SHOPPING;SÃO PAULO;SP;UNITED CINEMAS INTERNATIONAL BRASIL LTDA.
130;4;2;1;NÃO;NÃO;SIM;CINESERCLA BIG SHOPPING;CONTAGEM;MG;EMPRESA DE CINEMAS SERCLA LTDA
130;4;2;1;SIM;NÃO;SIM;UCI BRASIL - SUMAÚMA PARK SHOPPING;MANAUS;AM;UNITED CINEMAS INTERNATIONAL BRASIL LTDA.
126;4;2;1;SIM;SIM;NÃO;CINE PORTO;PORTO SEGURO;BA;PORTO SEGURO SHOPPING LTDA
125;4;2;1;SIM;NÃO;SIM;UCI BRASIL - PARK SHOPPING CAMPO GRANDE;RIO DE JANEIRO;RJ;UNITED CINEMAS INTERNATIONAL BRASIL LTDA.
88;4;2;1;SIM;NÃO;SIM;UCI ORIENT SHOPPING CENTER BARRA;SALVADOR;BA;UCI-ORIENT LTDA
199;3;2;1;NÃO;NÃO;NÃO;MOVIECOM CASTANHEIRA;BELÉM;PA;MOVIE CINEMAS LTDA
171;3;2;1;SIM;NÃO;SIM;CM CINEMAS BACAXA;SAQUAREMA;RJ;CRYK CINEMA BACAXA LTDA
157;3;2;1;SIM;NÃO;SIM;CINE LASER PORTO VELHO;PORTO VELHO;RO;CINE LASER PORTO VELHO CINEMAS LTDA
143;3;2;1;NÃO;SIM;NÃO;MOVIECOM SHOPPING SINOP;SINOP;MT;MOVIE CINEMAS LTDA
139;3;2;1;NÃO;NÃO;SIM;UCI RIBEIRO - SHOPPING CENTER IGUATEMI FORTALEZA;FORTALEZA;CE;UCI RIBEIRO LTDA
135;3;2;1;NÃO;NÃO;SIM;UCI RIBEIRO - SHOPPING CENTER RECIFE;RECIFE;PE;UCI RIBEIRO LTDA
131;3;2;1;NÃO;NÃO;SIM;UCI RIBEIRO - SHOPPING CENTER RECIFE;RECIFE;PE;UCI RIBEIRO LTDA
126;3;2;1;NÃO;NÃO;SIM;UCI RIBEIRO - SHOPPING CENTER RECIFE;RECIFE;PE;UCI RIBEIRO LTDA
123;3;2;1;NÃO;NÃO;SIM;UCI BRASIL - SHOPPING CENTER RIBEIRÃO PRETO;RIBEIRÃO PRETO;SP;UNITED CINEMAS INTERNATIONAL BRASIL LTDA.
84;3;2;1;SIM;NÃO;SIM;UCI ORIENT SHOPPING CENTER BARRA;SALVADOR;BA;UCI-ORIENT LTDA
66;3;2;1;SIM;NÃO;SIM;UCI ORIENT SHOPPING CENTER BARRA;SALVADOR;BA;UCI-ORIENT LTDA
200;2;2;1;NÃO;NÃO;SIM;CINE GAMA;COLATINA;ES;G M Z EMPRESA DE CINEMAS LTDA
178;2;2;1;SIM;NÃO;SIM;CINEMA DA UFPE;RECIFE;PE;FUNDAÇÃO DE APOIO AO DESENVOLVIMENTO DA UFPE
158;2;2;1;SIM;NÃO;SIM;CINE LASER ARIQUEMES;ARIQUEMES;RO;CINE LASER NORTE CINEMA LTDA
152;2;2;1;SIM;SIM;NÃO;CINESYSTEM BOTAFOGO;RIO DE JANEIRO;RJ;REDECINE BRA CINEMATOGRÁFICA S.A.
148;2;2;1;NÃO;NÃO;SIM;CINE GRACHER SÃO BENTO;SÃO BENTO DO SUL;SC;CINE GRACHER LTDA
146;2;2;1;NÃO;NÃO;SIM;CINE GRACHER SÃO BENTO;SÃO BENTO DO SUL;SC;CINE GRACHER LTDA
141;2;2;1;SIM;SIM;NÃO;CINE CAXIAS;CAXIAS;MA;LCA CINE DIVERSÕES LTDA
139;2;2;1;SIM;NÃO;NÃO;CINEFLIX PARK MARINGÁ;MARINGÁ;PR;MOVIESYSTEM CINEMATOGRAFICA LTDA
138;2;2;1;SIM;SIM;NÃO;CINESYSTEM BOTAFOGO;RIO DE JANEIRO;RJ;REDECINE BRA CINEMATOGRÁFICA S.A.
136;2;2;1;SIM;SIM;NÃO;CINE CAXIAS;CAXIAS;MA;LCA CINE DIVERSÕES LTDA
130;2;2;1;SIM;SIM;NÃO;CWB CURITIBANOS;CURITIBANOS;SC;CWB CINEMAS LTDA
128;2;2;1;SIM;NÃO;NÃO;CINEFLIX PARK MARINGÁ;MARINGÁ;PR;MOVIESYSTEM CINEMATOGRAFICA LTDA
128;2;2;1;SIM;NÃO;SIM;CINE ITAIM PAULISTA;SÃO PAULO;SP;COMPLEXO ITAIM PAULISTA DE CINEMAS EIRELI-ME
126;2;2;1;SIM;SIM;NÃO;CINESYSTEM BOTAFOGO;RIO DE JANEIRO;RJ;REDECINE BRA CINEMATOGRÁFICA S.A.
124;2;2;1;SIM;NÃO;SIM;UCI RIBEIRO - SHOPPING CENTER TACARUNA;RECIFE;PE;UCI RIBEIRO LTDA
117;2;2;1;SIM;SIM;NÃO;CINE CAXIAS;CAXIAS;MA;LCA CINE DIVERSÕES LTDA
114;2;2;1;SIM;NÃO;SIM;CINE LASER ARIQUEMES;ARIQUEMES;RO;CINE LASER NORTE CINEMA LTDA
114;2;2;1;SIM;NÃO;SIM;UCI RIBEIRO - SHOPPING CENTER TACARUNA;RECIFE;PE;UCI RIBEIRO LTDA
104;2;2;1;SIM;NÃO;SIM;CINE LASER ARIQUEMES;ARIQUEMES;RO;CINE LASER NORTE CINEMA LTDA
102;2;2;1;SIM;SIM;NÃO;CINESYSTEM BOTAFOGO;RIO DE JANEIRO;RJ;REDECINE BRA CINEMATOGRÁFICA S.A.
99;2;2;1;SIM;NÃO;NÃO;CINEFLIX PARK MARINGÁ;MARINGÁ;PR;MOVIESYSTEM CINEMATOGRAFICA LTDA
93;2;2;1;NÃO;SIM;NÃO;CINESYSTEM BRASILIA;BRASÍLIA;DF;REDECINE BRA CINEMATOGRÁFICA S.A.
90;2;2;1;NÃO;NÃO;NÃO;CINEMAXS PARANÁ FAMÍLIA;CAMPO MOURÃO;PR;H.C. DA GRAÇA & CIA LTDA ME
70;2;2;1;SIM;SIM;SIM;CINEMATECA PAULO AMORIM;PORTO ALEGRE;RS;ASSOCIAÇÃO DOS AMIGOS DA CINEMATECA PAULO AMORIM
63;2;2;1;SIM;NÃO;SIM;UCI BRASIL - NEW YORK;RIO DE JANEIRO;RJ;UNITED CINEMAS INTERNATIONAL BRASIL LTDA.
263;1;2;1;NÃO;NÃO;SIM;CINESERCLA SHOPPING MONTSERRAT;SERRA;ES;ADICINE ADMINISTRADORA DE CINEMAS LTDA
225;1;2;1;NÃO;NÃO;SIM;CINESERCLA SHOPPING MONTSERRAT;SERRA;ES;ADICINE ADMINISTRADORA DE CINEMAS LTDA
173;1;2;1;NÃO;NÃO;SIM;CINESERCLA SHOPPING MONTSERRAT;SERRA;ES;ADICINE ADMINISTRADORA DE CINEMAS LTDA
169;1;2;1;SIM;NÃO;SIM;CINE SANTA CRUZ;SANTA CRUZ DO SUL;RS;CINE SANTA CRUZ LTDA - ME
168;1;2;1;NÃO;NÃO;SIM;CINESERCLA PÁTIO MIX ITAGUAI;ITAGUAÍ;RJ;ADICINE ADMINISTRADORA DE CINEMAS LTDA
164;1;2;1;NÃO;NÃO;SIM;CINESERCLA PÁTIO MIX ITAGUAI;ITAGUAÍ;RJ;ADICINE ADMINISTRADORA DE CINEMAS LTDA
159;1;2;1;NÃO;NÃO;SIM;CINESERCLA SHOPPING MONTSERRAT;SERRA;ES;ADICINE ADMINISTRADORA DE CINEMAS LTDA
157;1;2;1;NÃO;NÃO;SIM;CINESERCLA SHOPPING MONTSERRAT;SERRA;ES;ADICINE ADMINISTRADORA DE CINEMAS LTDA
122;1;2;1;SIM;NÃO;SIM;CENTRO DRAGÃO DO MAR DE ARTE E CULTURA;FORTALEZA;CE;INSTITUTO DRAGAO DO MAR
121;1;2;1;SIM;NÃO;SIM;CM CINEMAS RIO DAS OSTRAS;RIO DAS OSTRAS;RJ;CRYK CINEMA RIO DAS OSTRAS LTDA
119;1;2;1;SIM;NÃO;SIM;CINE SANTA CRUZ;SANTA CRUZ DO SUL;RS;CINE SANTA CRUZ LTDA - ME
116;1;2;1;NÃO;NÃO;SIM;CINESERCLA PÁTIO MIX ITAGUAI;ITAGUAÍ;RJ;ADICINE ADMINISTRADORA DE CINEMAS LTDA
114;1;2;1;NÃO;NÃO;NÃO;CINESERCLA PÁTIO MIX ITAGUAI;ITAGUAÍ;RJ;ADICINE ADMINISTRADORA DE CINEMAS LTDA
88;1;2;1;SIM;NÃO;SIM;CINE SUPER K;BOA VISTA;RR;J M KIMAK E CIA LTDA
426;6;1;1;SIM;NÃO;SIM;CINÉPOLIS ITAQUERA;SÃO PAULO;SP;CINEPOLIS OPERADORA DE CINEMAS DO BRASIL LTDA
396;6;1;1;SIM;NÃO;SIM;CINÉPOLIS ITAQUERA;SÃO PAULO;SP;CINEPOLIS OPERADORA DE CINEMAS DO BRASIL LTDA
323;6;1;1;SIM;NÃO;SIM;CINÉPOLIS ITAQUERA;SÃO PAULO;SP;CINEPOLIS OPERADORA DE CINEMAS DO BRASIL LTDA
296;6;1;1;SIM;NÃO;SIM;CINÉPOLIS ITAQUERA;SÃO PAULO;SP;CINEPOLIS OPERADORA DE CINEMAS DO BRASIL LTDA
294;6;1;1;SIM;NÃO;SIM;CINÉPOLIS ITAQUERA;SÃO PAULO;SP;CINEPOLIS OPERADORA DE CINEMAS DO BRASIL LTDA
289;6;1;1;SIM;NÃO;SIM;CINÉPOLIS MANAÍRA SHOPPING;JOÃO PESSOA;PB;CINEPOLIS OPERADORA DE CINEMAS DO BRASIL LTDA
264;6;1;1;SIM;NÃO;SIM;KINOPLEX AMAZONAS;MANAUS;AM;EMPRESA CINEMAS SÃO LUIZ S/A
254;6;1;1;SIM;NÃO;SIM;CINÉPOLIS ITAQUERA;SÃO PAULO;SP;CINEPOLIS OPERADORA DE CINEMAS DO BRASIL LTDA
211;6;1;1;SIM;NÃO;SIM;CINÉPOLIS ITAQUERA;SÃO PAULO;SP;CINEPOLIS OPERADORA DE CINEMAS DO BRASIL LTDA
200;6;1;1;SIM;NÃO;SIM;CINÉPOLIS MANAÍRA SHOPPING;JOÃO PESSOA;PB;CINEPOLIS OPERADORA DE CINEMAS DO BRASIL LTDA
185;6;1;1;SIM;NÃO;SIM;759 CINEMARK GUARULHOS;GUARULHOS;SP;CINEMARK BRASIL S.A
176;6;1;1;SIM;NÃO;SIM;700 CINEMARK BARIGUI;CURITIBA;PR;CINEMARK BRASIL S.A
175;6;1;1;SIM;NÃO;SIM;700 CINEMARK BARIGUI;CURITIBA;PR;CINEMARK BRASIL S.A
164;6;1;1;SIM;NÃO;SIM;CINÉPOLIS ITAQUERA;SÃO PAULO;SP;CINEPOLIS OPERADORA DE CINEMAS DO BRASIL LTDA
158;6;1;1;SIM;NÃO;SIM;CINÉPOLIS MANAÍRA SHOPPING;JOÃO PESSOA;PB;CINEPOLIS OPERADORA DE CINEMAS DO BRASIL LTDA
156;6;1;1;SIM;NÃO;SIM;CINÉPOLIS MANAÍRA SHOPPING;JOÃO PESSOA;PB;CINEPOLIS OPERADORA DE CINEMAS DO BRASIL LTDA
142;6;1;1;SIM;NÃO;SIM;CINÉPOLIS MANAÍRA SHOPPING;JOÃO PESSOA;PB;CINEPOLIS OPERADORA DE CINEMAS DO BRASIL LTDA
132;6;1;1;SIM;NÃO;SIM;CINÉPOLIS MANAÍRA SHOPPING;JOÃO PESSOA;PB;CINEPOLIS OPERADORA DE CINEMAS DO BRASIL LTDA
120;6;1;1;NÃO;NÃO;SIM;CINÉPOLIS MANAÍRA SHOPPING;JOÃO PESSOA;PB;CINEPOLIS OPERADORA DE CINEMAS DO BRASIL LTDA
251;5;1;1;SIM;NÃO;SIM;KINOPLEX AMAZONAS;MANAUS;AM;EMPRESA CINEMAS SÃO LUIZ S/A
240;5;1;1;SIM;NÃO;SIM;KINOPLEX AMAZONAS;MANAUS;AM;EMPRESA CINEMAS SÃO LUIZ S/A
235;5;1;1;SIM;NÃO;SIM;KINOPLEX AMAZONAS;MANAUS;AM;EMPRESA CINEMAS SÃO LUIZ S/A
202;5;1;1;SIM;NÃO;SIM;694 CINEMARK CAMPO GRANDE;CAMPO GRANDE;MS;CINEMARK BRASIL S.A
193;5;1;1;SIM;NÃO;SIM;697 CINEMARK SAVASSI.;BELO HORIZONTE;MG;CINEMARK BRASIL S.A
191;5;1;1;SIM;NÃO;SIM;757 CINEMARK UNIÃO OSASCO;OSASCO;SP;CINEMARK BRASIL S.A
187;5;1;1;SIM;NÃO;SIM;663 CINEMARK GRANJA VIANA;COTIA;SP;CINEMARK BRASIL S.A
187;5;1;1;SIM;NÃO;SIM;GRUPOCINE EMBU DAS ARTES;EMBU DAS ARTES;SP;EMPRESA CINEMATOGRAFICA BOMBOCINE LTDA
176;5;1;1;SIM;NÃO;SIM;700 CINEMARK BARIGUI;CURITIBA;PR;CINEMARK BRASIL S.A
171;5;1;1;SIM;NÃO;SIM;709 CINEMARK PRAIAMAR;SANTOS;SP;CINEMARK BRASIL S.A
148;5;1;1;SIM;NÃO;SIM;703 CINEMARK FLORIANOPOLIS .;FLORIANÓPOLIS;SC;CINEMARK BRASIL S.A
140;5;1;1;SIM;NÃO;SIM;757 CINEMARK UNIÃO OSASCO;OSASCO;SP;CINEMARK BRASIL S.A
409;4;1;1;SIM;NÃO;SIM;KINOPLEX TIJUCA;RIO DE JANEIRO;RJ;SR RIO DE JANEIRO CINEMAS S/A
376;4;1;1;SIM;NÃO;SIM;706 CINEMARK ARACAJU;ARACAJU;SE;CINEMARK BRASIL S.A
286;4;1;1;SIM;NÃO;SIM;KINOPLEX WEST SHOPPING;RIO DE JANEIRO;RJ;EMPRESA CINEMAS SÃO LUIZ S/A
257;4;1;1;NÃO;NÃO;SIM;CENTRO - GUARAPARI;GUARAPARI;ES;CINEMATOGRÁFICA GUARAPARI LTDA
249;4;1;1;SIM;NÃO;SIM;706 CINEMARK ARACAJU;ARACAJU;SE;CINEMARK BRASIL S.A
230;4;1;1;SIM;NÃO;SIM;CINEMAIS GOIANIA - PORTAL NORTE;GOIÂNIA;GO;CINEMAIS CINEMAS LTDA
228;4;1;1;SIM;NÃO;SIM;706 CINEMARK ARACAJU;ARACAJU;SE;CINEMARK BRASIL S.A
224;4;1;1;SIM;NÃO;SIM;KINOPLEX WEST SHOPPING;RIO DE JANEIRO;RJ;EMPRESA CINEMAS SÃO LUIZ S/A
221;4;1;1;SIM;NÃO;SIM;KINOPLEX WEST SHOPPING;RIO DE JANEIRO;RJ;EMPRESA CINEMAS SÃO LUIZ S/A
218;4;1;1;NÃO;NÃO;NÃO;CINESERCLA CAMPINA GRANDE;CAMPINA GRANDE;PB;EXIBIDORA NACIONAL DE FILMES LTDA
212;4;1;1;SIM;NÃO;SIM;694 CINEMARK CAMPO GRANDE;CAMPO GRANDE;MS;CINEMARK BRASIL S.A
209;4;1;1;SIM;NÃO;SIM;706 CINEMARK ARACAJU;ARACAJU;SE;CINEMARK BRASIL S.A
207;4;1;1;SIM;NÃO;SIM;KINOPLEX AMAZONAS;MANAUS;AM;EMPRESA CINEMAS SÃO LUIZ S/A
204;4;1;1;SIM;NÃO;SIM;CINÉPOLIS ITAQUA GARDEN;ITAQUAQUECETUBA;SP;CINEPOLIS OPERADORA DE CINEMAS DO BRASIL LTDA
203;4;1;1;SIM;NÃO;SIM;KINOPLEX WEST SHOPPING;RIO DE JANEIRO;RJ;EMPRESA CINEMAS SÃO LUIZ S/A
202;4;1;1;SIM;NÃO;SIM;CINÉPOLIS RIOMAR;FORTALEZA;CE;CINEPOLIS OPERADORA DE CINEMAS DO BRASIL LTDA
200;4;1;1;SIM;NÃO;SIM;718 CINEMARK TAGUATINGA.;BRASÍLIA;DF;CINEMARK BRASIL S.A
199;4;1;1;SIM;NÃO;SIM;767 - CINEMARK DIAMOND;BELO HORIZONTE;MG;CINEMARK BRASIL S.A
198;4;1;1;SIM;NÃO;SIM;767 - CINEMARK DIAMOND;BELO HORIZONTE;MG;CINEMARK BRASIL S.A
198;4;1;1;SIM;NÃO;SIM;718 CINEMARK TAGUATINGA.;BRASÍLIA;DF;CINEMARK BRASIL S.A
197;4;1;1;SIM;NÃO;SIM;CINÉPOLIS RIOMAR KENNEDY;FORTALEZA;CE;CINEPOLIS OPERADORA DE CINEMAS DO BRASIL LTDA
197;4;1;1;SIM;NÃO;SIM;CINÉPOLIS SHOPPING CERRADO;GOIÂNIA;GO;CINEPOLIS OPERADORA DE CINEMAS DO BRASIL LTDA
197;4;1;1;SIM;NÃO;SIM;KINOPLEX RIO SUL;RIO DE JANEIRO;RJ;EMPRESA CINEMAS SÃO LUIZ S/A
197;4;1;1;SIM;SIM;SIM;CINEPOLIS SALVADOR NORTE;SALVADOR;BA;CINEPOLIS OPERADORA DE CINEMAS DO BRASIL LTDA
196;4;1;1;SIM;NÃO;SIM;769 CINEMARK IGUATEMI BRASILIA;BRASÍLIA;DF;CINEMARK BRASIL S.A
196;4;1;1;SIM;NÃO;SIM;CINÉPOLIS AMAPÁ GARDEN SHOPING;MACAPÁ;AP;CINEPOLIS OPERADORA DE CINEMAS DO BRASIL LTDA
195;4;1;1;SIM;NÃO;SIM;GRUPOCINE SETE LAGOAS;SETE LAGOAS;MG;EMPRESA CINEMATOGRAFICA BOMBOCINE LTDA
194;4;1;1;SIM;NÃO;NÃO;CINEPOLIS PARQUE BELÉM;BELÉM;PA;CINEPOLIS OPERADORA DE CINEMAS DO BRASIL LTDA
192;4;1;1;SIM;NÃO;SIM;CINEPOLIS BELÉM;BELÉM;PA;CINEPOLIS OPERADORA DE CINEMAS DO BRASIL LTDA
192;4;1;1;SIM;NÃO;SIM;CINÉPOLIS PONTE NEGRA - MANAUS;MANAUS;AM;CINEPOLIS OPERADORA DE CINEMAS DO BRASIL LTDA
192;4;1;1;SIM;NÃO;SIM;CINEPOLIS IGUATEMI SÃO JOSÉ DO RIO PRETO;SÃO JOSÉ DO RIO PRETO;SP;CINEPOLIS OPERADORA DE CINEMAS DO BRASIL LTDA
190;4;1;1;SIM;NÃO;SIM;691 CINEMARK NITEROI;NITERÓI;RJ;CINEMARK BRASIL S.A
190;4;1;1;SIM;NÃO;SIM;695 CINEMARK BOURBON IPIRANGA;PORTO ALEGRE;RS;CINEMARK BRASIL S.A
190;4;1;1;SIM;NÃO;SIM;CINEPOLIS SANTA ÚRSULA;RIBEIRÃO PRETO;SP;CINEPOLIS OPERADORA DE CINEMAS DO BRASIL LTDA
188;4;1;1;SIM;NÃO;SIM;695 CINEMARK BOURBON IPIRANGA;PORTO ALEGRE;RS;CINEMARK BRASIL S.A
187;4;1;1;SIM;NÃO;SIM;663 CINEMARK GRANJA VIANA;COTIA;SP;CINEMARK BRASIL S.A
187;4;1;1;SIM;SIM;SIM;CINEPOLIS SALVADOR NORTE;SALVADOR;BA;CINEPOLIS OPERADORA DE CINEMAS DO BRASIL LTDA
186;4;1;1;SIM;NÃO;SIM;728 CINEMARK BOTAFOGO;RIO DE JANEIRO;RJ;CINEMARK BRASIL S.A
186;4;1;1;SIM;NÃO;SIM;712 CINEMARK COLINAS;SÃO JOSÉ DOS CAMPOS;SP;CINEMARK BRASIL S.A
185;4;1;1;SIM;NÃO;SIM;767 - CINEMARK DIAMOND;BELO HORIZONTE;MG;CINEMARK BRASIL S.A
185;4;1;1;SIM;NÃO;SIM;759 CINEMARK GUARULHOS;GUARULHOS;SP;CINEMARK BRASIL S.A
185;4;1;1;SIM;NÃO;SIM;CINÉPOLIS ITAQUA GARDEN;ITAQUAQUECETUBA;SP;CINEPOLIS OPERADORA DE CINEMAS DO BRASIL LTDA
185;4;1;1;SIM;NÃO;SIM;2107 CINEMARK RIOMAR RECIFE;RECIFE;PE;CINEMARK BRASIL S.A
184;4;1;1;SIM;NÃO;SIM;768 CINEMARK BH SHOPPING;BELO HORIZONTE;MG;CINEMARK BRASIL S.A
183;4;1;1;SIM;NÃO;SIM;CINÉPOLIS RIOMAR KENNEDY;FORTALEZA;CE;CINEPOLIS OPERADORA DE CINEMAS DO BRASIL LTDA
183;4;1;1;SIM;NÃO;SIM;CINEPOLIS SHOPPING PATTEO OLINDA;OLINDA;PE;CINEPOLIS OPERADORA DE CINEMAS DO BRASIL LTDA
183;4;1;1;SIM;NÃO;SIM;KINOPLEX NOVA AMÉRICA;RIO DE JANEIRO;RJ;EMPRESA CINEMAS SÃO LUIZ S/A
183;4;1;1;SIM;NÃO;SIM;CINECARIOCA MEIER;RIO DE JANEIRO;RJ;EMPRESA CINEMAS SÃO LUIZ S/A
179;4;1;1;SIM;NÃO;SIM;CINEPOLIS BELÉM;BELÉM;PA;CINEPOLIS OPERADORA DE CINEMAS DO BRASIL LTDA
179;4;1;1;NÃO;NÃO;SIM;CINÉPOLIS CARAPICUIBA;CARAPICUÍBA;SP;CINEPOLIS OPERADORA DE CINEMAS DO BRASIL LTDA
179;4;1;1;SIM;NÃO;SIM;CINÉPOLIS CARAPICUIBA;CARAPICUÍBA;SP;CINEPOLIS OPERADORA DE CINEMAS DO BRASIL LTDA
179;4;1;1;SIM;NÃO;SIM;CINÉPOLIS JOCKEY PLAZA SHOPPING;CURITIBA;PR;CINEPOLIS OPERADORA DE CINEMAS DO BRASIL LTDA
179;4;1;1;SIM;NÃO;SIM;GRUPOCINE SETE LAGOAS;SETE LAGOAS;MG;EMPRESA CINEMATOGRAFICA BOMBOCINE LTDA
179;4;1;1;SIM;NÃO;SIM;CINÉPOLIS LARGO XIII;SÃO PAULO;SP;CINEPOLIS OPERADORA DE CINEMAS DO BRASIL LTDA
179;4;1;1;NÃO;NÃO;SIM;CINÉPOLIS RIO POTY;TERESINA;PI;CINEPOLIS OPERADORA DE CINEMAS DO BRASIL LTDA
178;4;1;1;SIM;NÃO;SIM;767 - CINEMARK DIAMOND;BELO HORIZONTE;MG;CINEMARK BRASIL S.A
178;4;1;1;SIM;NÃO;SIM;CINÉPOLIS SHOPPING IGUATEMI RIBEIRÃO PRETO;RIBEIRÃO PRETO;SP;CINEPOLIS OPERADORA DE CINEMAS DO BRASIL LTDA
177;4;1;1;SIM;NÃO;SIM;CINÉPOLIS NORTE SUL;CAMPO GRANDE;MS;CINEPOLIS OPERADORA DE CINEMAS DO BRASIL LTDA
176;4;1;1;SIM;NÃO;SIM;755 CINEMARK RIOMAR;ARACAJU;SE;CINEMARK BRASIL S.A
176;4;1;1;SIM;NÃO;SIM;CINÉPOLIS SHOPPING CERRADO;GOIÂNIA;GO;CINEPOLIS OPERADORA DE CINEMAS DO BRASIL LTDA
176;4;1;1;SIM;NÃO;SIM;CINEPOLIS IGUATEMI SÃO JOSÉ DO RIO PRETO;SÃO JOSÉ DO RIO PRETO;SP;CINEPOLIS OPERADORA DE CINEMAS DO BRASIL LTDA
175;4;1;1;SIM;NÃO;SIM;CINEPOLIS ALPHAVILLE VIP;BARUERI;SP;CINEPOLIS OPERADORA DE CINEMAS DO BRASIL LTDA
175;4;1;1;SIM;NÃO;SIM;703 CINEMARK FLORIANOPOLIS .;FLORIANÓPOLIS;SC;CINEMARK BRASIL S.A
175;4;1;1;SIM;NÃO;SIM;CINEMAIS GOIANIA - PORTAL SUL;GOIÂNIA;GO;CINEMAIS CINEMAS LTDA
174;4;1;1;SIM;SIM;NÃO;CULT CINEMAS SAO BORJA;SÃO BORJA;RS;CULT CINEMAS SAO BORJA LTDA
173;4;1;1;SIM;NÃO;SIM;767 - CINEMARK DIAMOND;BELO HORIZONTE;MG;CINEMARK BRASIL S.A
173;4;1;1;SIM;NÃO;SIM;KINOPLEX PARK SHOPPING;BRASÍLIA;DF;CINEMAS PARIS SEVERIANO RIBEIRO LTDA
173;4;1;1;SIM;NÃO;SIM;GRUPOCINE PACAJUS;PACAJUS;CE;EMPRESA CINEMATOGRAFICA BOMBOCINE LTDA
172;4;1;1;SIM;NÃO;SIM;GRUPOCINE EUSÉBIO;EUSÉBIO;CE;EMPRESA CINEMATOGRAFICA BOMBOCINE LTDA
172;4;1;1;SIM;NÃO;SIM;KINOPLEX OSASCO;OSASCO;SP;EMPRESA CINEMAS SÃO LUIZ S/A
172;4;1;1;SIM;NÃO;SIM;GRUPOCINE SETE LAGOAS;SETE LAGOAS;MG;EMPRESA CINEMATOGRAFICA BOMBOCINE LTDA
170;4;1;1;SIM;NÃO;SIM;2133 CINEMARK FLAMBOYANT;GOIÂNIA;GO;CINEMARK BRASIL S.A
170;4;1;1;SIM;NÃO;SIM;759 CINEMARK GUARULHOS;GUARULHOS;SP;CINEMARK BRASIL S.A
170;4;1;1;SIM;NÃO;SIM;CINÉPOLIS JUNDIAI SHOPPING;JUNDIAÍ;SP;CINEPOLIS OPERADORA DE CINEMAS DO BRASIL LTDA
169;4;1;1;SIM;NÃO;SIM;694 CINEMARK CAMPO GRANDE;CAMPO GRANDE;MS;CINEMARK BRASIL S.A
169;4;1;1;SIM;NÃO;SIM;CINÉPOLIS NORTE SUL;CAMPO GRANDE;MS;CINEPOLIS OPERADORA DE CINEMAS DO BRASIL LTDA
168;4;1;1;SIM;NÃO;SIM;CINEPOLIS SHOPPING PATTEO OLINDA;OLINDA;PE;CINEPOLIS OPERADORA DE CINEMAS DO BRASIL LTDA
168;4;1;1;SIM;NÃO;SIM;KINOPLEX LEBLON;RIO DE JANEIRO;RJ;SR RIO DE JANEIRO CINEMAS S/A
168;4;1;1;SIM;NÃO;SIM;CINÉPOLIS SANTA MARIA;SANTA MARIA;RS;CINEPOLIS OPERADORA DE CINEMAS DO BRASIL LTDA
167;4;1;1;SIM;NÃO;SIM;CINEPOLIS BLUMENAU;BLUMENAU;SC;CINEPOLIS OPERADORA DE CINEMAS DO BRASIL LTDA
167;4;1;1;SIM;NÃO;SIM;CINEMAIS GOIANIA - PORTAL NORTE;GOIÂNIA;GO;CINEMAIS CINEMAS LTDA
167;4;1;1;SIM;NÃO;SIM;CINÉPOLIS JUNDIAI SHOPPING;JUNDIAÍ;SP;CINEPOLIS OPERADORA DE CINEMAS DO BRASIL LTDA
166;4;1;1;SIM;NÃO;SIM;661 CINEMARK CAPIM DOURADO.;PALMAS;TO;CINEMARK BRASIL S.A
166;4;1;1;SIM;NÃO;SIM;KINOPLEX LEBLON;RIO DE JANEIRO;RJ;SR RIO DE JANEIRO CINEMAS S/A
165;4;1;1;SIM;NÃO;SIM;KINOPLEX PARK SHOPPING;BRASÍLIA;DF;CINEMAS PARIS SEVERIANO RIBEIRO LTDA
165;4;1;1;SIM;NÃO;SIM;GRUPOCINE EUSÉBIO;EUSÉBIO;CE;EMPRESA CINEMATOGRAFICA BOMBOCINE LTDA
165;4;1;1;SIM;NÃO;SIM;CINEPOLIS SANTA ÚRSULA;RIBEIRÃO PRETO;SP;CINEPOLIS OPERADORA DE CINEMAS DO BRASIL LTDA
164;4;1;1;SIM;NÃO;SIM;GRUPOCINE PACAJUS;PACAJUS;CE;EMPRESA CINEMATOGRAFICA BOMBOCINE LTDA
163;4;1;1;NÃO;NÃO;NÃO;CINÉPOLIS SHOPPING CERRADO;GOIÂNIA;GO;CINEPOLIS OPERADORA DE CINEMAS DO BRASIL LTDA
163;4;1;1;SIM;NÃO;SIM;CINE LASER JIPARANA;JI-PARANÁ;RO;CINE LASER NORTE CINEMA LTDA
162;4;1;1;SIM;NÃO;SIM;CINÉPOLIS RIOMAR;FORTALEZA;CE;CINEPOLIS OPERADORA DE CINEMAS DO BRASIL LTDA
162;4;1;1;NÃO;NÃO;NÃO;PLANET NITERÓI;NITERÓI;RJ;SRS PLANET CINEMAS LTDA
161;4;1;1;SIM;NÃO;SIM;CINÉPOLIS PONTE NEGRA - MANAUS;MANAUS;AM;CINEPOLIS OPERADORA DE CINEMAS DO BRASIL LTDA
161;4;1;1;SIM;NÃO;SIM;GRUPOCINE PACAJUS;PACAJUS;CE;EMPRESA CINEMATOGRAFICA BOMBOCINE LTDA
161;4;1;1;NÃO;NÃO;SIM;2107 CINEMARK RIOMAR RECIFE;RECIFE;PE;CINEMARK BRASIL S.A
161;4;1;1;SIM;NÃO;SIM;712 CINEMARK COLINAS;SÃO JOSÉ DOS CAMPOS;SP;CINEMARK BRASIL S.A
160;4;1;1;SIM;NÃO;SIM;CINEPOLIS BELÉM;BELÉM;PA;CINEPOLIS OPERADORA DE CINEMAS DO BRASIL LTDA
159;4;1;1;SIM;NÃO;SIM;CINÉPOLIS RIOMAR KENNEDY;FORTALEZA;CE;CINEPOLIS OPERADORA DE CINEMAS DO BRASIL LTDA
159;4;1;1;SIM;NÃO;SIM;KINOPLEX LEBLON;RIO DE JANEIRO;RJ;SR RIO DE JANEIRO CINEMAS S/A
158;4;1;1;SIM;NÃO;SIM;CINÉPOLIS NATAL SHOPPING;NATAL;RN;CINEPOLIS OPERADORA DE CINEMAS DO BRASIL LTDA
158;4;1;1;SIM;NÃO;SIM;KINOPLEX OSASCO;OSASCO;SP;EMPRESA CINEMAS SÃO LUIZ S/A
158;4;1;1;SIM;NÃO;NÃO;CINÉPOLIS RIO DESIGN BARRA;RIO DE JANEIRO;RJ;CINEPOLIS OPERADORA DE CINEMAS DO BRASIL LTDA
157;4;1;1;SIM;NÃO;SIM;CINÉPOLIS RIOMAR KENNEDY;FORTALEZA;CE;CINEPOLIS OPERADORA DE CINEMAS DO BRASIL LTDA
157;4;1;1;SIM;NÃO;SIM;CINEMAIS GOIANIA - PORTAL SUL;GOIÂNIA;GO;CINEMAIS CINEMAS LTDA
157;4;1;1;NÃO;NÃO;NÃO;PLANET NITERÓI;NITERÓI;RJ;SRS PLANET CINEMAS LTDA
157;4;1;1;SIM;NÃO;SIM;KINOPLEX RIO SUL;RIO DE JANEIRO;RJ;EMPRESA CINEMAS SÃO LUIZ S/A
157;4;1;1;SIM;NÃO;SIM;CINÉPOLIS SANTA MARIA;SANTA MARIA;RS;CINEPOLIS OPERADORA DE CINEMAS DO BRASIL LTDA
157;4;1;1;SIM;NÃO;SIM;702 CINEMARK VITORIA;VITÓRIA;ES;CINEMARK BRASIL S.A
155;4;1;1;SIM;NÃO;SIM;CINÉPOLIS JUNDIAI SHOPPING;JUNDIAÍ;SP;CINEPOLIS OPERADORA DE CINEMAS DO BRASIL LTDA
154;4;1;1;SIM;NÃO;SIM;CINÉPOLIS NORTE SUL;CAMPO GRANDE;MS;CINEPOLIS OPERADORA DE CINEMAS DO BRASIL LTDA
153;4;1;1;SIM;NÃO;SIM;755 CINEMARK RIOMAR;ARACAJU;SE;CINEMARK BRASIL S.A
153;4;1;1;SIM;NÃO;SIM;769 CINEMARK IGUATEMI BRASILIA;BRASÍLIA;DF;CINEMARK BRASIL S.A
153;4;1;1;SIM;NÃO;SIM;GRUPOCINE EMBU DAS ARTES;EMBU DAS ARTES;SP;EMPRESA CINEMATOGRAFICA BOMBOCINE LTDA
153;4;1;1;SIM;NÃO;SIM;695 CINEMARK BOURBON IPIRANGA;PORTO ALEGRE;RS;CINEMARK BRASIL S.A
153;4;1;1;NÃO;NÃO;SIM;CINÉPOLIS RIO POTY;TERESINA;PI;CINEPOLIS OPERADORA DE CINEMAS DO BRASIL LTDA
153;4;1;1;SIM;NÃO;SIM;702 CINEMARK VITORIA;VITÓRIA;ES;CINEMARK BRASIL S.A
152;4;1;1;SIM;NÃO;SIM;768 CINEMARK BH SHOPPING;BELO HORIZONTE;MG;CINEMARK BRASIL S.A
152;4;1;1;SIM;NÃO;SIM;769 CINEMARK IGUATEMI BRASILIA;BRASÍLIA;DF;CINEMARK BRASIL S.A
152;4;1;1;SIM;NÃO;SIM;CINÉPOLIS NORTE SUL;CAMPO GRANDE;MS;CINEPOLIS OPERADORA DE CINEMAS DO BRASIL LTDA
152;4;1;1;SIM;NÃO;SIM;2107 CINEMARK RIOMAR RECIFE;RECIFE;PE;CINEMARK BRASIL S.A
152;4;1;1;SIM;NÃO;SIM;KINOPLEX NOVA AMÉRICA;RIO DE JANEIRO;RJ;EMPRESA CINEMAS SÃO LUIZ S/A
151;4;1;1;SIM;NÃO;SIM;CINÉPOLIS JOCKEY PLAZA SHOPPING;CURITIBA;PR;CINEPOLIS OPERADORA DE CINEMAS DO BRASIL LTDA
151;4;1;1;NÃO;NÃO;NÃO;INSTITUTO PAULISTA;SÃO PAULO;SP;INSTITUTO MOREIRA SALLES
150;4;1;1;SIM;NÃO;SIM;CINÉPOLIS ITAQUA GARDEN;ITAQUAQUECETUBA;SP;CINEPOLIS OPERADORA DE CINEMAS DO BRASIL LTDA
149;4;1;1;SIM;NÃO;NÃO;CINÉPOLIS RIO DESIGN BARRA;RIO DE JANEIRO;RJ;CINEPOLIS OPERADORA DE CINEMAS DO BRASIL LTDA
149;4;1;1;SIM;NÃO;SIM;CINÉPOLIS IGUATEMI ESPLANADA;VOTORANTIM;SP;CINEPOLIS OPERADORA DE CINEMAS DO BRASIL LTDA
148;4;1;1;SIM;NÃO;SIM;CINÉPOLIS SHOPPING IGUATEMI RIBEIRÃO PRETO;RIBEIRÃO PRETO;SP;CINEPOLIS OPERADORA DE CINEMAS DO BRASIL LTDA
147;4;1;1;SIM;NÃO;SIM;CINEPOLIS OURINHOS;OURINHOS;SP;CINEPOLIS OPERADORA DE CINEMAS DO BRASIL LTDA
147;4;1;1;SIM;NÃO;SIM;726 CINEMARK RIBEIRÃO PRETO;RIBEIRÃO PRETO;SP;CINEMARK BRASIL S.A
146;4;1;1;SIM;NÃO;SIM;CINÉPOLIS RIOMAR;FORTALEZA;CE;CINEPOLIS OPERADORA DE CINEMAS DO BRASIL LTDA
146;4;1;1;SIM;NÃO;SIM;712 CINEMARK COLINAS;SÃO JOSÉ DOS CAMPOS;SP;CINEMARK BRASIL S.A
144;4;1;1;SIM;NÃO;SIM;CINÉPOLIS MANGABEIRA;JOÃO PESSOA;PB;CINEPOLIS OPERADORA DE CINEMAS DO BRASIL LTDA
144;4;1;1;SIM;NÃO;SIM;MULTIPLEX MAUA;MAUÁ;SP;MSA EMPRESA CINEMATOGRÁFICA LTDA
144;4;1;1;SIM;NÃO;SIM;CINEPOLIS OURINHOS;OURINHOS;SP;CINEPOLIS OPERADORA DE CINEMAS DO BRASIL LTDA
144;4;1;1;SIM;NÃO;SIM;CINEMA BOA VISTA;RECIFE;PE;EMPRESA CINEMAS SÃO LUIZ S/A
144;4;1;1;SIM;NÃO;SIM;KINOPLEX NOVA AMÉRICA;RIO DE JANEIRO;RJ;EMPRESA CINEMAS SÃO LUIZ S/A
144;4;1;1;SIM;NÃO;SIM;CINÉPOLIS IGUATEMI ESPLANADA;VOTORANTIM;SP;CINEPOLIS OPERADORA DE CINEMAS DO BRASIL LTDA
143;4;1;1;SIM;NÃO;SIM;CINÉPOLIS PARQUE MAIA;GUARULHOS;SP;CINEPOLIS OPERADORA DE CINEMAS DO BRASIL LTDA
143;4;1;1;SIM;NÃO;NÃO;CINÉPOLIS NATAL SHOPPING;NATAL;RN;CINEPOLIS OPERADORA DE CINEMAS DO BRASIL LTDA
142;4;1;1;SIM;NÃO;NÃO;CINEPOLIS PARQUE BELÉM;BELÉM;PA;CINEPOLIS OPERADORA DE CINEMAS DO BRASIL LTDA
142;4;1;1;SIM;NÃO;SIM;CINÉPOLIS JOCKEY PLAZA SHOPPING;CURITIBA;PR;CINEPOLIS OPERADORA DE CINEMAS DO BRASIL LTDA
141;4;1;1;SIM;NÃO;SIM;755 CINEMARK RIOMAR;ARACAJU;SE;CINEMARK BRASIL S.A
141;4;1;1;SIM;NÃO;SIM;KINOPLEX PARK SHOPPING;BRASÍLIA;DF;CINEMAS PARIS SEVERIANO RIBEIRO LTDA
141;4;1;1;SIM;SIM;SIM;CINEPOLIS SALVADOR NORTE;SALVADOR;BA;CINEPOLIS OPERADORA DE CINEMAS DO BRASIL LTDA
139;4;1;1;NÃO;NÃO;SIM;CINÉPOLIS RIO POTY;TERESINA;PI;CINEPOLIS OPERADORA DE CINEMAS DO BRASIL LTDA
138;4;1;1;SIM;NÃO;SIM;GRUPOCINE EUSÉBIO;EUSÉBIO;CE;EMPRESA CINEMATOGRAFICA BOMBOCINE LTDA
136;4;1;1;SIM;NÃO;SIM;UCI BRASIL - SUMAÚMA PARK SHOPPING;MANAUS;AM;UNITED CINEMAS INTERNATIONAL BRASIL LTDA.
136;4;1;1;SIM;SIM;NÃO;PATOS MULTIPLEX;PATOS;PB;PATOS MULTIPLEX LTDA
134;4;1;1;SIM;NÃO;SIM;KINOPLEX IGUAÇU TOP;NOVA IGUAÇU;RJ;EMPRESA CINEMAS SÃO LUIZ S/A
133;4;1;1;SIM;SIM;SIM;CINEPOLIS SALVADOR NORTE;SALVADOR;BA;CINEPOLIS OPERADORA DE CINEMAS DO BRASIL LTDA
132;4;1;1;SIM;NÃO;SIM;2133 CINEMARK FLAMBOYANT;GOIÂNIA;GO;CINEMARK BRASIL S.A
132;4;1;1;SIM;NÃO;SIM;726 CINEMARK RIBEIRÃO PRETO;RIBEIRÃO PRETO;SP;CINEMARK BRASIL S.A
131;4;1;1;SIM;SIM;NÃO;MOVIELAND DIB BARBOSA;ITACOATIARA;AM;JJCINEMAS LTDA
131;4;1;1;SIM;NÃO;SIM;UCI BRASIL - SUMAÚMA PARK SHOPPING;MANAUS;AM;UNITED CINEMAS INTERNATIONAL BRASIL LTDA.
131;4;1;1;SIM;NÃO;SIM;CINEMA BOA VISTA;RECIFE;PE;EMPRESA CINEMAS SÃO LUIZ S/A
131;4;1;1;SIM;NÃO;SIM;CINÉPOLIS LARGO XIII;SÃO PAULO;SP;CINEPOLIS OPERADORA DE CINEMAS DO BRASIL LTDA
130;4;1;1;NÃO;NÃO;NÃO;GRUPOCINE EMBU DAS ARTES;EMBU DAS ARTES;SP;EMPRESA CINEMATOGRAFICA BOMBOCINE LTDA
130;4;1;1;SIM;NÃO;SIM;CINÉPOLIS AMAPÁ GARDEN SHOPING;MACAPÁ;AP;CINEPOLIS OPERADORA DE CINEMAS DO BRASIL LTDA
130;4;1;1;SIM;NÃO;SIM;CINÉPOLIS SÃO BERNARDO;SÃO BERNARDO DO CAMPO;SP;CINEPOLIS OPERADORA DE CINEMAS DO BRASIL LTDA
128;4;1;1;SIM;NÃO;SIM;CINÉPOLIS JUNDIAI SHOPPING;JUNDIAÍ;SP;CINEPOLIS OPERADORA DE CINEMAS DO BRASIL LTDA
128;4;1;1;SIM;NÃO;SIM;MULTIPLEX VOLTA REDONDA;VOLTA REDONDA;RJ;MSA EMPRESA CINEMATOGRÁFICA LTDA
128;4;1;1;NÃO;NÃO;SIM;MULTIPLEX VOLTA REDONDA;VOLTA REDONDA;RJ;MSA EMPRESA CINEMATOGRÁFICA LTDA
127;4;1;1;SIM;NÃO;SIM;KINOPLEX PARK SHOPPING;BRASÍLIA;DF;CINEMAS PARIS SEVERIANO RIBEIRO LTDA
125;4;1;1;SIM;NÃO;SIM;CINEPOLIS ESTAÇAO BH;BELO HORIZONTE;MG;CINEPOLIS OPERADORA DE CINEMAS DO BRASIL LTDA
124;4;1;1;SIM;NÃO;SIM;CINÉPOLIS NATAL SHOPPING;NATAL;RN;CINEPOLIS OPERADORA DE CINEMAS DO BRASIL LTDA
124;4;1;1;SIM;NÃO;SIM;712 CINEMARK COLINAS;SÃO JOSÉ DOS CAMPOS;SP;CINEMARK BRASIL S.A
122;4;1;1;SIM;NÃO;NÃO;CINEPOLIS PARQUE BELÉM;BELÉM;PA;CINEPOLIS OPERADORA DE CINEMAS DO BRASIL LTDA
120;4;1;1;SIM;NÃO;SIM;CINEPOLIS BLUMENAU;BLUMENAU;SC;CINEPOLIS OPERADORA DE CINEMAS DO BRASIL LTDA
119;4;1;1;SIM;NÃO;SIM;726 CINEMARK RIBEIRÃO PRETO;RIBEIRÃO PRETO;SP;CINEMARK BRASIL S.A
119;4;1;1;SIM;NÃO;SIM;719 CINEMARK DOWNTOWN;RIO DE JANEIRO;RJ;CINEMARK BRASIL S.A
118;4;1;1;NÃO;NÃO;SIM;CENTRO - GUARAPARI;GUARAPARI;ES;CINEMATOGRÁFICA GUARAPARI LTDA
118;4;1;1;SIM;NÃO;SIM;CINEPOLIS JK VIP;SÃO PAULO;SP;CINEPOLIS OPERADORA DE CINEMAS DO BRASIL LTDA
117;4;1;1;SIM;NÃO;SIM;MULTICINE IANDE SHOPPING;CAUCAIA;CE;MULTICINE CINEMAS LTDA
116;4;1;1;SIM;NÃO;SIM;2107 CINEMARK RIOMAR RECIFE;RECIFE;PE;CINEMARK BRASIL S.A
114;4;1;1;SIM;NÃO;SIM;CINEPOLIS JP PORTO ALEGRE;PORTO ALEGRE;RS;CINEPOLIS OPERADORA DE CINEMAS DO BRASIL LTDA
114;4;1;1;SIM;NÃO;SIM;KINOPLEX FASHION MALL;RIO DE JANEIRO;RJ;SR RIO DE JANEIRO CINEMAS S/A
114;4;1;1;SIM;SIM;SIM;CINEPOLIS SALVADOR NORTE;SALVADOR;BA;CINEPOLIS OPERADORA DE CINEMAS DO BRASIL LTDA
112;4;1;1;SIM;NÃO;SIM;CINEPOLIS BELÉM;BELÉM;PA;CINEPOLIS OPERADORA DE CINEMAS DO BRASIL LTDA
112;4;1;1;SIM;NÃO;SIM;725 CINEMARK CAMPINAS;CAMPINAS;SP;CINEMARK BRASIL S.A
112;4;1;1;SIM;NÃO;SIM;KINOPLEX RIO SUL;RIO DE JANEIRO;RJ;EMPRESA CINEMAS SÃO LUIZ S/A
111;4;1;1;SIM;NÃO;SIM;CINEPOLIS BLUMENAU;BLUMENAU;SC;CINEPOLIS OPERADORA DE CINEMAS DO BRASIL LTDA
111;4;1;1;SIM;SIM;NÃO;PATOS MULTIPLEX;PATOS;PB;PATOS MULTIPLEX LTDA
111;4;1;1;SIM;NÃO;SIM;CINECARIOCA MEIER;RIO DE JANEIRO;RJ;EMPRESA CINEMAS SÃO LUIZ S/A
109;4;1;1;SIM;NÃO;SIM;CINEPOLIS BLUMENAU;BLUMENAU;SC;CINEPOLIS OPERADORA DE CINEMAS DO BRASIL LTDA
109;4;1;1;SIM;NÃO;SIM;CINEPOLIS JARDIM ORIENTE;SÃO JOSÉ DOS CAMPOS;SP;CINEPOLIS OPERADORA DE CINEMAS DO BRASIL LTDA
106;4;1;1;SIM;NÃO;NÃO;PLANET NITERÓI;NITERÓI;RJ;SRS PLANET CINEMAS LTDA
106;4;1;1;SIM;SIM;SIM;CINE 7 SÃO GABRIEL;SÃO GABRIEL;RS;SERGIO MAURILIO DA SILVA GONCALVES & CIA LTDA
104;4;1;1;NÃO;NÃO;SIM;CINÉPOLIS RIO POTY;TERESINA;PI;CINEPOLIS OPERADORA DE CINEMAS DO BRASIL LTDA
102;4;1;1;SIM;NÃO;SIM;CINE A SERRA TALHADA;SERRA TALHADA;PE;CINE A LTDA
101;4;1;1;SIM;NÃO;SIM;KINOPLEX RIO SUL;RIO DE JANEIRO;RJ;EMPRESA CINEMAS SÃO LUIZ S/A
95;4;1;1;SIM;NÃO;SIM;GRUPOCINE EUSÉBIO;EUSÉBIO;CE;EMPRESA CINEMATOGRAFICA BOMBOCINE LTDA
93;4;1;1;SIM;NÃO;SIM;KINOPLEX FASHION MALL;RIO DE JANEIRO;RJ;SR RIO DE JANEIRO CINEMAS S/A
90;4;1;1;SIM;NÃO;SIM;725 CINEMARK CAMPINAS;CAMPINAS;SP;CINEMARK BRASIL S.A
89;4;1;1;NÃO;NÃO;SIM;MULTIPLEX PARK LAGOS;CABO FRIO;RJ;MSA EMPRESA CINEMATOGRÁFICA LTDA
87;4;1;1;NÃO;NÃO;SIM;MULTIPLEX PARK LAGOS;CABO FRIO;RJ;MSA EMPRESA CINEMATOGRÁFICA LTDA
86;4;1;1;SIM;NÃO;SIM;725 CINEMARK CAMPINAS;CAMPINAS;SP;CINEMARK BRASIL S.A
86;4;1;1;SIM;NÃO;SIM;785 CINEMARK SALVADOR;SALVADOR;BA;CINEMARK BRASIL S.A
80;4;1;1;SIM;NÃO;SIM;2132 CINEMARK SHOPPING IGUATEMI SP;SÃO PAULO;SP;CINEMARK BRASIL S.A
174;3;1;1;SIM;NÃO;SIM;CINE LASER ITABAIANA;ITABAIANA;SE;CINE LASER CINEMAS NORDESTE LTDA
172;3;1;1;SIM;NÃO;SIM;709 CINEMARK PRAIAMAR;SANTOS;SP;CINEMARK BRASIL S.A
171;3;1;1;SIM;NÃO;SIM;CINE LASER ITABAIANA;ITABAIANA;SE;CINE LASER CINEMAS NORDESTE LTDA
171;3;1;1;SIM;NÃO;SIM;CINEMA BOA VISTA;RECIFE;PE;EMPRESA CINEMAS SÃO LUIZ S/A
166;3;1;1;SIM;NÃO;SIM;CINE LASER ITABAIANA;ITABAIANA;SE;CINE LASER CINEMAS NORDESTE LTDA
162;3;1;1;SIM;NÃO;SIM;CINEMA BOA VISTA;RECIFE;PE;EMPRESA CINEMAS SÃO LUIZ S/A
158;3;1;1;SIM;SIM;NÃO;CINE XIN LRV;LUCAS DO RIO VERDE;MT;CINE XIN LTDA
154;3;1;1;SIM;NÃO;SIM;MOVIECOM CONQUISTA SUL;VITÓRIA DA CONQUISTA;BA;MOVIE CINEMAS LTDA
152;3;1;1;SIM;NÃO;SIM;KINOPLEX SÃO LUIZ;RIO DE JANEIRO;RJ;EMPRESA CINEMAS SÃO LUIZ S/A
150;3;1;1;NÃO;NÃO;SIM;2100 CINEMARK PARK SHOPPING SÃO CAETANO;SÃO CAETANO DO SUL;SP;CINEMARK BRASIL S.A
148;3;1;1;SIM;NÃO;NÃO;CINE ITAIM PAULISTA;SÃO PAULO;SP;COMPLEXO ITAIM PAULISTA DE CINEMAS EIRELI-ME
147;3;1;1;SIM;NÃO;SIM;CINE LASER ITABAIANA;ITABAIANA;SE;CINE LASER CINEMAS NORDESTE LTDA
147;3;1;1;SIM;NÃO;SIM;757 CINEMARK UNIÃO OSASCO;OSASCO;SP;CINEMARK BRASIL S.A
146;3;1;1;SIM;NÃO;SIM;703 CINEMARK FLORIANOPOLIS .;FLORIANÓPOLIS;SC;CINEMARK BRASIL S.A
144;3;1;1;SIM;NÃO;SIM;KINOPLEX SÃO LUIZ;RIO DE JANEIRO;RJ;EMPRESA CINEMAS SÃO LUIZ S/A
143;3;1;1;SIM;NÃO;SIM;CINE LASER JIPARANA;JI-PARANÁ;RO;CINE LASER NORTE CINEMA LTDA
137;3;1;1;SIM;NÃO;SIM;2100 CINEMARK PARK SHOPPING SÃO CAETANO;SÃO CAETANO DO SUL;SP;CINEMARK BRASIL S.A
135;3;1;1;SIM;NÃO;NÃO;CINE GRACHER INDAIAL;INDAIAL;SC;CINE GRACHER LTDA
133;3;1;1;SIM;SIM;NÃO;CINE A LORENA;LORENA;SP;CINE A LTDA
132;3;1;1;SIM;NÃO;SIM;CINEPOLIS ALPHAVILLE VIP;BARUERI;SP;CINEPOLIS OPERADORA DE CINEMAS DO BRASIL LTDA
132;3;1;1;SIM;NÃO;SIM;CINEMA BOA VISTA;RECIFE;PE;EMPRESA CINEMAS SÃO LUIZ S/A
132;3;1;1;SIM;NÃO;NÃO;CINE ITAIM PAULISTA;SÃO PAULO;SP;COMPLEXO ITAIM PAULISTA DE CINEMAS EIRELI-ME
128;3;1;1;SIM;SIM;NÃO;CINE A LORENA;LORENA;SP;CINE A LTDA
127;3;1;1;SIM;NÃO;SIM;CINE LASER JIPARANA;JI-PARANÁ;RO;CINE LASER NORTE CINEMA LTDA
124;3;1;1;SIM;NÃO;NÃO;CINE GRACHER INDAIAL;INDAIAL;SC;CINE GRACHER LTDA
122;3;1;1;SIM;SIM;NÃO;CINE ENERGIA;GUAÍRA;SP;INSTITUTO OSWALDO RIBEIRO DE MENDONÇA
117;3;1;1;SIM;NÃO;SIM;CINEPOLIS SANTA ÚRSULA;RIBEIRÃO PRETO;SP;CINEPOLIS OPERADORA DE CINEMAS DO BRASIL LTDA
117;3;1;1;SIM;SIM;NÃO;MOBI CINE TRINDADE;TRINDADE;GO;CINE CARVALHO E LEMOS LTDA
108;3;1;1;SIM;SIM;NÃO;CINE XIN LRV;LUCAS DO RIO VERDE;MT;CINE XIN LTDA
108;3;1;1;SIM;NÃO;SIM;CINEPOLIS SANTA ÚRSULA;RIBEIRÃO PRETO;SP;CINEPOLIS OPERADORA DE CINEMAS DO BRASIL LTDA
106;3;1;1;SIM;NÃO;SIM;MULTICINE IANDE SHOPPING;CAUCAIA;CE;MULTICINE CINEMAS LTDA
105;3;1;1;SIM;NÃO;SIM;KINOPLEX RIO SUL;RIO DE JANEIRO;RJ;EMPRESA CINEMAS SÃO LUIZ S/A
102;3;1;1;SIM;NÃO;SIM;2107 CINEMARK RIOMAR RECIFE;RECIFE;PE;CINEMARK BRASIL S.A
102;3;1;1;SIM;NÃO;SIM;KINOPLEX VIA PARQUE;RIO DE JANEIRO;RJ;EMPRESA CINEMAS SÃO LUIZ S/A
100;3;1;1;SIM;NÃO;SIM;CINÉPOLIS GALLERIA CAMPINAS;CAMPINAS;SP;CINEPOLIS OPERADORA DE CINEMAS DO BRASIL LTDA
99;3;1;1;SIM;NÃO;SIM;KINOPLEX UBERABA;UBERABA;MG;EMPRESA CINEMAS SÃO LUIZ S/A
96;3;1;1;SIM;NÃO;SIM;CINE XTREME PAULO AFONSO;PAULO AFONSO;BA;CINE XTREME PAULO AFONSO LTDA
94;3;1;1;SIM;NÃO;SIM;CINÉPOLIS CENTER SHOPPING UBERLÂNDIA;UBERLÂNDIA;MG;CINEPOLIS OPERADORA DE CINEMAS DO BRASIL LTDA
91;3;1;1;NÃO;NÃO;NÃO;PLANET NITERÓI;NITERÓI;RJ;SRS PLANET CINEMAS LTDA
90;3;1;1;SIM;NÃO;SIM;CINEPOLIS ALPHAVILLE VIP;BARUERI;SP;CINEPOLIS OPERADORA DE CINEMAS DO BRASIL LTDA
87;3;1;1;SIM;NÃO;SIM;CINÉPOLIS JOCKEY PLAZA SHOPPING;CURITIBA;PR;CINEPOLIS OPERADORA DE CINEMAS DO BRASIL LTDA
86;3;1;1;SIM;NÃO;SIM;CINÉPOLIS MANAÍRA SHOPPING;JOÃO PESSOA;PB;CINEPOLIS OPERADORA DE CINEMAS DO BRASIL LTDA
86;3;1;1;SIM;NÃO;SIM;CINEPOLIS JARDIM ORIENTE;SÃO JOSÉ DOS CAMPOS;SP;CINEPOLIS OPERADORA DE CINEMAS DO BRASIL LTDA
82;3;1;1;SIM;NÃO;SIM;CINÉPOLIS PATIO BATEL VIP;CURITIBA;PR;CINEPOLIS OPERADORA DE CINEMAS DO BRASIL LTDA
82;3;1;1;NÃO;NÃO;SIM;CINÉPOLIS RIO POTY;TERESINA;PI;CINEPOLIS OPERADORA DE CINEMAS DO BRASIL LTDA
81;3;1;1;SIM;NÃO;SIM;KINOPLEX NOVA IGUAÇU;NOVA IGUAÇU;RJ;EMPRESA CINEMAS SÃO LUIZ S/A
80;3;1;1;SIM;NÃO;SIM;CINEPOLIS CONTINENTE PARK;SÃO JOSÉ;SC;CINEPOLIS OPERADORA DE CINEMAS DO BRASIL LTDA
79;3;1;1;SIM;NÃO;SIM;KINOPLEX VIA PARQUE;RIO DE JANEIRO;RJ;EMPRESA CINEMAS SÃO LUIZ S/A
78;3;1;1;SIM;NÃO;SIM;CINÉPOLIS SÃO LUIS;SÃO LUÍS;MA;CINEPOLIS OPERADORA DE CINEMAS DO BRASIL LTDA
76;3;1;1;SIM;NÃO;SIM;CINÉPOLIS GALLERIA CAMPINAS;CAMPINAS;SP;CINEPOLIS OPERADORA DE CINEMAS DO BRASIL LTDA
73;3;1;1;SIM;NÃO;SIM;KINOPLEX NOVA IGUAÇU;NOVA IGUAÇU;RJ;EMPRESA CINEMAS SÃO LUIZ S/A
73;3;1;1;SIM;NÃO;SIM;UCI RIBEIRO RECIFE DELUX PE;RECIFE;PE;UCI RIBEIRO LTDA
72;3;1;1;SIM;NÃO;SIM;CINÉPOLIS PATIO BATEL VIP;CURITIBA;PR;CINEPOLIS OPERADORA DE CINEMAS DO BRASIL LTDA
72;3;1;1;SIM;NÃO;SIM;UCI RIBEIRO RECIFE DELUX PE;RECIFE;PE;UCI RIBEIRO LTDA
71;3;1;1;SIM;NÃO;SIM;CINÉPOLIS PATIO BATEL VIP;CURITIBA;PR;CINEPOLIS OPERADORA DE CINEMAS DO BRASIL LTDA
70;3;1;1;SIM;NÃO;SIM;MOVIECOM PÁTEO ITAQUÁ;ITAQUAQUECETUBA;SP;MOVIE CINEMAS LTDA
69;3;1;1;SIM;NÃO;SIM;CINÉPOLIS GALLERIA CAMPINAS;CAMPINAS;SP;CINEPOLIS OPERADORA DE CINEMAS DO BRASIL LTDA
68;3;1;1;SIM;NÃO;SIM;KINOPLEX UBERABA;UBERABA;MG;EMPRESA CINEMAS SÃO LUIZ S/A
66;3;1;1;SIM;NÃO;SIM;2132 CINEMARK SHOPPING IGUATEMI SP;SÃO PAULO;SP;CINEMARK BRASIL S.A
62;3;1;1;SIM;NÃO;SIM;CINÉPOLIS JOCKEY PLAZA SHOPPING;CURITIBA;PR;CINEPOLIS OPERADORA DE CINEMAS DO BRASIL LTDA
61;3;1;1;SIM;NÃO;SIM;KINOPLEX LEBLON;RIO DE JANEIRO;RJ;SR RIO DE JANEIRO CINEMAS S/A
58;3;1;1;SIM;NÃO;SIM;CINÉPOLIS IGUATEMI ESPLANADA;VOTORANTIM;SP;CINEPOLIS OPERADORA DE CINEMAS DO BRASIL LTDA
55;3;1;1;NÃO;NÃO;SIM;CINÉPOLIS RIO POTY;TERESINA;PI;CINEPOLIS OPERADORA DE CINEMAS DO BRASIL LTDA
54;3;1;1;SIM;NÃO;SIM;CINÉPOLIS PATIO BATEL VIP;CURITIBA;PR;CINEPOLIS OPERADORA DE CINEMAS DO BRASIL LTDA
52;3;1;1;SIM;NÃO;NÃO;CINÉPOLIS RIO DESIGN BARRA;RIO DE JANEIRO;RJ;CINEPOLIS OPERADORA DE CINEMAS DO BRASIL LTDA
50;3;1;1;SIM;NÃO;SIM;UCI RIBEIRO RECIFE DELUX PE;RECIFE;PE;UCI RIBEIRO LTDA
388;2;1;1;SIM;NÃO;SIM;720 CINEMARK PIER 21;BRASÍLIA;DF;CINEMARK BRASIL S.A
340;2;1;1;SIM;NÃO;SIM;KINOPLEX TIJUCA;RIO DE JANEIRO;RJ;SR RIO DE JANEIRO CINEMAS S/A
271;2;1;1;SIM;NÃO;SIM;KINOPLEX SÃO LUIZ;RIO DE JANEIRO;RJ;EMPRESA CINEMAS SÃO LUIZ S/A
270;2;1;1;SIM;NÃO;SIM;717 CINEMARK TAMBORE.;BARUERI;SP;CINEMARK BRASIL S.A
266;2;1;1;SIM;NÃO;SIM;KINOPLEX TIJUCA;RIO DE JANEIRO;RJ;SR RIO DE JANEIRO CINEMAS S/A
262;2;1;1;SIM;NÃO;SIM;KINOPLEX SÃO LUIZ;RIO DE JANEIRO;RJ;EMPRESA CINEMAS SÃO LUIZ S/A
230;2;1;1;SIM;NÃO;SIM;724 CINEMARK EXTRA ANCHIETA;SÃO BERNARDO DO CAMPO;SP;CINEMARK BRASIL S.A
228;2;1;1;SIM;NÃO;SIM;692 CINEMARK CARIOCA;RIO DE JANEIRO;RJ;CINEMARK BRASIL S.A
217;2;1;1;SIM;NÃO;SIM;724 CINEMARK EXTRA ANCHIETA;SÃO BERNARDO DO CAMPO;SP;CINEMARK BRASIL S.A
206;2;1;1;SIM;SIM;NÃO;CINE A ALTAMIRA;ALTAMIRA;PA;CINE A LTDA
199;2;1;1;SIM;NÃO;SIM;KINOPLEX TIJUCA;RIO DE JANEIRO;RJ;SR RIO DE JANEIRO CINEMAS S/A
198;2;1;1;SIM;NÃO;SIM;724 CINEMARK EXTRA ANCHIETA;SÃO BERNARDO DO CAMPO;SP;CINEMARK BRASIL S.A
195;2;1;1;SIM;SIM;NÃO;CM CINEMAS PÁDUA;SANTO ANTÔNIO DE PÁDUA;RJ;CRYK CINEMA RIO DAS OSTRAS LTDA
192;2;1;1;SIM;NÃO;SIM;720 CINEMARK PIER 21;BRASÍLIA;DF;CINEMARK BRASIL S.A
191;2;1;1;SIM;NÃO;SIM;720 CINEMARK PIER 21;BRASÍLIA;DF;CINEMARK BRASIL S.A
190;2;1;1;SIM;NÃO;SIM;CINEXTREME;ITAMARAJU;BA;J L SANTANA CRUZ CINEMA
189;2;1;1;SIM;NÃO;SIM;720 CINEMARK PIER 21;BRASÍLIA;DF;CINEMARK BRASIL S.A
189;2;1;1;SIM;SIM;NÃO;CINE UNIPLEX CAMPINAS UNIMART;CAMPINAS;SP;CINEMAS UNIPLEX LTDA
188;2;1;1;SIM;NÃO;SIM;692 CINEMARK CARIOCA;RIO DE JANEIRO;RJ;CINEMARK BRASIL S.A
180;2;1;1;SIM;SIM;NÃO;CINEVEREDAS BOULEVARD;MURIAÉ;MG;CINE VEREDAS BOULEVARD LTDA
180;2;1;1;SIM;SIM;NÃO;CM CINEMAS PÁDUA;SANTO ANTÔNIO DE PÁDUA;RJ;CRYK CINEMA RIO DAS OSTRAS LTDA
178;2;1;1;SIM;NÃO;SIM;719 CINEMARK DOWNTOWN;RIO DE JANEIRO;RJ;CINEMARK BRASIL S.A
174;2;1;1;SIM;NÃO;SIM;CINE SHOW BARRA DO PIRAÍ;BARRA DO PIRAÍ;RJ;TATU FILMES LTDA
168;2;1;1;SIM;NÃO;SIM;720 CINEMARK PIER 21;BRASÍLIA;DF;CINEMARK BRASIL S.A
167;2;1;1;SIM;NÃO;SIM;720 CINEMARK PIER 21;BRASÍLIA;DF;CINEMARK BRASIL S.A
165;2;1;1;SIM;NÃO;SIM;720 CINEMARK PIER 21;BRASÍLIA;DF;CINEMARK BRASIL S.A
165;2;1;1;SIM;NÃO;SIM;713 CINEMARK ABC PLAZA;SANTO ANDRÉ;SP;CINEMARK BRASIL S.A
163;2;1;1;SIM;NÃO;SIM;717 CINEMARK TAMBORE.;BARUERI;SP;CINEMARK BRASIL S.A
163;2;1;1;SIM;NÃO;SIM;720 CINEMARK PIER 21;BRASÍLIA;DF;CINEMARK BRASIL S.A
163;2;1;1;SIM;SIM;NÃO;CINE A MARABÁ;MARABÁ;PA;CINE A LTDA
162;2;1;1;SIM;SIM;NÃO;CINE A MARABÁ;MARABÁ;PA;CINE A LTDA
161;2;1;1;SIM;NÃO;SIM;719 CINEMARK DOWNTOWN;RIO DE JANEIRO;RJ;CINEMARK BRASIL S.A
160;2;1;1;NÃO;NÃO;SIM;CINEMAIS CATALAO;CATALÃO;GO;CINEMAIS CINEMAS LTDA
157;2;1;1;SIM;NÃO;SIM;696 CINEMARK CENTERVALE;SÃO JOSÉ DOS CAMPOS;SP;CINEMARK BRASIL S.A
156;2;1;1;SIM;SIM;NÃO;CINE A MARABÁ;MARABÁ;PA;CINE A LTDA
155;2;1;1;SIM;NÃO;SIM;719 CINEMARK DOWNTOWN;RIO DE JANEIRO;RJ;CINEMARK BRASIL S.A
155;2;1;1;SIM;NÃO;SIM;CINE CENTER SÃO ROQUE;SÃO ROQUE;SP;CINE SÃO ROQUE DIVERSÕES LTDA - ME
150;2;1;1;SIM;NÃO;SIM;719 CINEMARK DOWNTOWN;RIO DE JANEIRO;RJ;CINEMARK BRASIL S.A
147;2;1;1;SIM;SIM;NÃO;CINE14 BIS;GUAXUPÉ;MG;GUAXUPE PROMOCOES E EVENTOS LTDA
147;2;1;1;SIM;NÃO;SIM;724 CINEMARK EXTRA ANCHIETA;SÃO BERNARDO DO CAMPO;SP;CINEMARK BRASIL S.A
145;2;1;1;SIM;NÃO;SIM;696 CINEMARK CENTERVALE;SÃO JOSÉ DOS CAMPOS;SP;CINEMARK BRASIL S.A
141;2;1;1;SIM;NÃO;SIM;CINE SHOW BARRA DO PIRAÍ;BARRA DO PIRAÍ;RJ;TATU FILMES LTDA
139;2;1;1;SIM;NÃO;SIM;728 CINEMARK BOTAFOGO;RIO DE JANEIRO;RJ;CINEMARK BRASIL S.A
138;2;1;1;NÃO;NÃO;SIM;CINEMAIS CATALAO;CATALÃO;GO;CINEMAIS CINEMAS LTDA
135;2;1;1;SIM;SIM;NÃO;CINE A ALTAMIRA;ALTAMIRA;PA;CINE A LTDA
134;2;1;1;SIM;NÃO;SIM;TOPAZIO POLO SHOPPING;INDAIATUBA;SP;LUI CINEMATOGRÁFICA LTDA.
134;2;1;1;SIM;NÃO;SIM;KINOPLEX WEST SHOPPING;RIO DE JANEIRO;RJ;EMPRESA CINEMAS SÃO LUIZ S/A
133;2;1;1;SIM;SIM;NÃO;CINE A ALTAMIRA;ALTAMIRA;PA;CINE A LTDA
131;2;1;1;SIM;NÃO;SIM;717 CINEMARK TAMBORE.;BARUERI;SP;CINEMARK BRASIL S.A
131;2;1;1;SIM;NÃO;SIM;718 CINEMARK TAGUATINGA.;BRASÍLIA;DF;CINEMARK BRASIL S.A
125;2;1;1;SIM;NÃO;SIM;724 CINEMARK EXTRA ANCHIETA;SÃO BERNARDO DO CAMPO;SP;CINEMARK BRASIL S.A
125;2;1;1;SIM;SIM;NÃO;GRUPOCINE LAPA;SÃO PAULO;SP;EMPRESA CINEMATOGRAFICA BOMBOCINE LTDA
124;2;1;1;SIM;NÃO;SIM;728 CINEMARK BOTAFOGO;RIO DE JANEIRO;RJ;CINEMARK BRASIL S.A
123;2;1;1;NÃO;SIM;NÃO;SALA 1;ITAITUBA;PA;CINEMA SALA 1 LTDA
122;2;1;1;SIM;SIM;NÃO;RITZ ALAMEDAS;BOITUVA;SP;CINEMATOGRAFICA BOITUVA LTDA ME
121;2;1;1;SIM;NÃO;SIM;GRUPOCINE TUCURUÍ;TUCURUÍ;PA;EMPRESA CINEMATOGRAFICA BOMBOCINE LTDA
120;2;1;1;NÃO;NÃO;NÃO;GRUPOCINE JAGUARUNA;JAGUARUNA;SC;EMPRESA CINEMATOGRAFICA BOMBOCINE LTDA
116;2;1;1;SIM;NÃO;SIM;717 CINEMARK TAMBORE.;BARUERI;SP;CINEMARK BRASIL S.A
116;2;1;1;SIM;SIM;NÃO;RITZ ALAMEDAS;BOITUVA;SP;CINEMATOGRAFICA BOITUVA LTDA ME
116;2;1;1;SIM;SIM;NÃO;CINE A MARABÁ;MARABÁ;PA;CINE A LTDA
115;2;1;1;SIM;NÃO;SIM;CINE CENTER SÃO ROQUE;SÃO ROQUE;SP;CINE SÃO ROQUE DIVERSÕES LTDA - ME
114;2;1;1;SIM;SIM;NÃO;CINE14 BIS;GUAXUPÉ;MG;GUAXUPE PROMOCOES E EVENTOS LTDA
113;2;1;1;SIM;SIM;NÃO;CONSTRUCINE CORNÉLIO PROCÓPIO;CORNÉLIO PROCÓPIO;PR;RR2 CINEMATOGRAFIA LTDA
111;2;1;1;SIM;SIM;NÃO;PATOS MULTIPLEX;PATOS;PB;PATOS MULTIPLEX LTDA
108;2;1;1;SIM;NÃO;SIM;768 CINEMARK BH SHOPPING;BELO HORIZONTE;MG;CINEMARK BRASIL S.A
107;2;1;1;SIM;NÃO;SIM;MOVIE ARTE L´AMÉRICA;BENTO GONÇALVES;RS;MOVIE ARTE CINEMAS LTDA
107;2;1;1;NÃO;NÃO;NÃO;CINE ITAGUARI;SANTO ANTÔNIO DE JESUS;BA;GF ANDRADE ENTRETENIMENTO E COMÉRCIO LTDA
106;2;1;1;SIM;SIM;NÃO;CINE A BRAGANÇA PAULISTA;BRAGANÇA PAULISTA;SP;CINE A LTDA
105;2;1;1;SIM;NÃO;SIM;GRUPOCINE TUCURUÍ;TUCURUÍ;PA;EMPRESA CINEMATOGRAFICA BOMBOCINE LTDA
101;2;1;1;NÃO;NÃO;SIM;UCI ORIENT SHOPPING DA BAHIA;SALVADOR;BA;UCI-ORIENT LTDA
100;2;1;1;SIM;NÃO;SIM;CINEPOLIS JK VIP;SÃO PAULO;SP;CINEPOLIS OPERADORA DE CINEMAS DO BRASIL LTDA
99;2;1;1;SIM;NÃO;SIM;REDECINE - RIO PQ SHOP SULACAP;RIO DE JANEIRO;RJ;REDECINE - RIO CINEMATOGRAFICA S.A.
98;2;1;1;SIM;SIM;NÃO;CINE A BRAGANÇA PAULISTA;BRAGANÇA PAULISTA;SP;CINE A LTDA
97;2;1;1;SIM;NÃO;SIM;GRUPOCINE TUCURUÍ;TUCURUÍ;PA;EMPRESA CINEMATOGRAFICA BOMBOCINE LTDA
96;2;1;1;SIM;NÃO;SIM;768 CINEMARK BH SHOPPING;BELO HORIZONTE;MG;CINEMARK BRASIL S.A
93;2;1;1;NÃO;NÃO;SIM;UCI RIBEIRO - SHOPPING CENTER TACARUNA;RECIFE;PE;UCI RIBEIRO LTDA
91;2;1;1;SIM;SIM;NÃO;CINE14 BIS;GUAXUPÉ;MG;GUAXUPE PROMOCOES E EVENTOS LTDA
91;2;1;1;NÃO;NÃO;SIM;UCI RIBEIRO - SHOPPING CENTER TACARUNA;RECIFE;PE;UCI RIBEIRO LTDA
91;2;1;1;SIM;SIM;NÃO;MOBI CINE TRINDADE;TRINDADE;GO;CINE CARVALHO E LEMOS LTDA
90;2;1;1;NÃO;NÃO;SIM;CINEMAIS CATALAO;CATALÃO;GO;CINEMAIS CINEMAS LTDA
90;2;1;1;NÃO;NÃO;SIM;CINEMAIS GOIANIA - PORTAL NORTE;GOIÂNIA;GO;CINEMAIS CINEMAS LTDA
90;2;1;1;SIM;NÃO;SIM;2106 CINEMARK VILLAGE MALL;RIO DE JANEIRO;RJ;CINEMARK BRASIL S.A
88;2;1;1;SIM;SIM;NÃO;CINE UNIPLEX CAMPINAS UNIMART;CAMPINAS;SP;CINEMAS UNIPLEX LTDA
88;2;1;1;NÃO;NÃO;SIM;UCI RIBEIRO - SHOPPING CENTER TACARUNA;RECIFE;PE;UCI RIBEIRO LTDA
88;2;1;1;SIM;NÃO;SIM;CINEPOLIS JK VIP;SÃO PAULO;SP;CINEPOLIS OPERADORA DE CINEMAS DO BRASIL LTDA
87;2;1;1;NÃO;NÃO;NÃO;755 CINEMARK RIOMAR;ARACAJU;SE;CINEMARK BRASIL S.A
80;2;1;1;SIM;SIM;NÃO;CINE A BRAGANÇA PAULISTA;BRAGANÇA PAULISTA;SP;CINE A LTDA
80;2;1;1;SIM;SIM;NÃO;GRUPOCINE VARGEM GRANDE PAULISTA;VARGEM GRANDE PAULISTA;SP;EMPRESA CINEMATOGRAFICA BOMBOCINE LTDA
79;2;1;1;SIM;NÃO;SIM;CINEPOLIS JK VIP;SÃO PAULO;SP;CINEPOLIS OPERADORA DE CINEMAS DO BRASIL LTDA
77;2;1;1;SIM;NÃO;SIM;CINEPOLIS JK VIP;SÃO PAULO;SP;CINEPOLIS OPERADORA DE CINEMAS DO BRASIL LTDA
76;2;1;1;SIM;NÃO;SIM;2106 CINEMARK VILLAGE MALL;RIO DE JANEIRO;RJ;CINEMARK BRASIL S.A
73;2;1;1;NÃO;NÃO;NÃO;UCI BRASIL - SHOPPING CENTER RIBEIRÃO PRETO;RIBEIRÃO PRETO;SP;UNITED CINEMAS INTERNATIONAL BRASIL LTDA.
71;2;1;1;SIM;NÃO;SIM;CINE CENTER;SINOP;MT;R.P. MARTINS
67;2;1;1;SIM;NÃO;SIM;CINEPOLIS JK VIP;SÃO PAULO;SP;CINEPOLIS OPERADORA DE CINEMAS DO BRASIL LTDA
66;2;1;1;SIM;SIM;NÃO;CINE SHOW PETRÓPOLIS;PETRÓPOLIS;RJ;TATU FILMES LTDA
65;2;1;1;SIM;NÃO;SIM;KINOPLEX PARK SHOPPING;BRASÍLIA;DF;CINEMAS PARIS SEVERIANO RIBEIRO LTDA
56;2;1;1;SIM;NÃO;SIM;CINEMAIS UBERABA;UBERABA;MG;CINEMAIS CINEMAS LTDA
55;2;1;1;SIM;NÃO;SIM;KINOPLEX PARK SHOPPING;BRASÍLIA;DF;CINEMAS PARIS SEVERIANO RIBEIRO LTDA
51;2;1;1;SIM;NÃO;SIM;CINÉPOLIS IGUATEMI ESPLANADA;VOTORANTIM;SP;CINEPOLIS OPERADORA DE CINEMAS DO BRASIL LTDA
50;2;1;1;SIM;NÃO;SIM;CINÉPOLIS IGUATEMI ESPLANADA;VOTORANTIM;SP;CINEPOLIS OPERADORA DE CINEMAS DO BRASIL LTDA
49;2;1;1;SIM;NÃO;SIM;CINÉPOLIS SÃO LUIS;SÃO LUÍS;MA;CINEPOLIS OPERADORA DE CINEMAS DO BRASIL LTDA
48;2;1;1;SIM;NÃO;SIM;CINÉPOLIS SÃO LUIS;SÃO LUÍS;MA;CINEPOLIS OPERADORA DE CINEMAS DO BRASIL LTDA
47;2;1;1;SIM;SIM;NÃO;GRUPOCINE VARGEM GRANDE PAULISTA;VARGEM GRANDE PAULISTA;SP;EMPRESA CINEMATOGRAFICA BOMBOCINE LTDA
44;2;1;1;SIM;NÃO;SIM;KINOPLEX FASHION MALL;RIO DE JANEIRO;RJ;SR RIO DE JANEIRO CINEMAS S/A
430;1;1;1;SIM;NÃO;SIM;CINE CIANORTE;CIANORTE;PR;CINE TEATRO CIANORTE LTDA -ME
267;1;1;1;SIM;NÃO;SIM;CINEMA NORTH SHOPPING;FORTALEZA;CE;EMPRESA CINEMAS SÃO LUIZ S/A
239;1;1;1;SIM;NÃO;SIM;CINEMA NORTH SHOPPING;FORTALEZA;CE;EMPRESA CINEMAS SÃO LUIZ S/A
199;1;1;1;SIM;NÃO;SIM;CINEMA NORTH SHOPPING;FORTALEZA;CE;EMPRESA CINEMAS SÃO LUIZ S/A
197;1;1;1;SIM;NÃO;NÃO;CINE SHOW TERESÓPOLIS;TERESÓPOLIS;RJ;TATU FILMES LTDA
189;1;1;1;SIM;NÃO;SIM;CINEMA NORTH SHOPPING;FORTALEZA;CE;EMPRESA CINEMAS SÃO LUIZ S/A
189;1;1;1;SIM;NÃO;SIM;CINE SHOW NOVA FRIBURGO;NOVA FRIBURGO;RJ;TATU FILMES LTDA
187;1;1;1;SIM;NÃO;SIM;CINE SHOW NOVA FRIBURGO;NOVA FRIBURGO;RJ;TATU FILMES LTDA
176;1;1;1;SIM;NÃO;SIM;CINE SHOW NOVA FRIBURGO;NOVA FRIBURGO;RJ;TATU FILMES LTDA
174;1;1;1;SIM;NÃO;SIM;CENTRO DRAGÃO DO MAR DE ARTE E CULTURA;FORTALEZA;CE;INSTITUTO DRAGAO DO MAR
172;1;1;1;SIM;NÃO;NÃO;CINEMATOGRÁFICA MEYER CAMBUI;CAMBUÍ;MG;CINEMATOGRÁFICA MEYER LTDA - ME
170;1;1;1;SIM;NÃO;SIM;CINE SHOW RESENDE;RESENDE;RJ;JUBARTE FILMES LTDA-ME
166;1;1;1;SIM;NÃO;SIM;CINE SHOW BARRA MANSA;BARRA MANSA;RJ;TATU FILMES LTDA
164;1;1;1;SIM;NÃO;SIM;CINEPOLIS SAN PELEGRINO;CAXIAS DO SUL;RS;CINEPOLIS OPERADORA DE CINEMAS DO BRASIL LTDA
161;1;1;1;SIM;NÃO;SIM;CINE SHOW TERESÓPOLIS;TERESÓPOLIS;RJ;TATU FILMES LTDA
153;1;1;1;SIM;NÃO;SIM;CINEMA NORTH SHOPPING;FORTALEZA;CE;EMPRESA CINEMAS SÃO LUIZ S/A
151;1;1;1;SIM;NÃO;SIM;CINEPOLIS SAN PELEGRINO;CAXIAS DO SUL;RS;CINEPOLIS OPERADORA DE CINEMAS DO BRASIL LTDA
150;1;1;1;NÃO;NÃO;SIM;CINEPLUS XAXIM;CURITIBA;PR;VITOMAQ PRODUÇÕES ARTISTICAS E CINEMA LTDA - ME
141;1;1;1;SIM;NÃO;SIM;CINEMA BOA VISTA;RECIFE;PE;EMPRESA CINEMAS SÃO LUIZ S/A
134;1;1;1;SIM;NÃO;SIM;CINE SHOW BARRA MANSA;BARRA MANSA;RJ;TATU FILMES LTDA
132;1;1;1;SIM;NÃO;SIM;719 CINEMARK DOWNTOWN;RIO DE JANEIRO;RJ;CINEMARK BRASIL S.A
130;1;1;1;SIM;NÃO;SIM;CINE SHOW RESENDE;RESENDE;RJ;JUBARTE FILMES LTDA-ME
124;1;1;1;SIM;NÃO;SIM;CINE SHOW TERESÓPOLIS;TERESÓPOLIS;RJ;TATU FILMES LTDA
106;1;1;1;SIM;NÃO;SIM;MOVIE ARTE SHOPPING BENTO;BENTO GONÇALVES;RS;MOVIE ARTE CINEMAS LTDA
104;1;1;1;SIM;NÃO;SIM;CINE GAMA;COLATINA;ES;G M Z EMPRESA DE CINEMAS LTDA
103;1;1;1;NÃO;NÃO;SIM;CENTRO - GUARAPARI;GUARAPARI;ES;CINEMATOGRÁFICA GUARAPARI LTDA
91;1;1;1;SIM;NÃO;SIM;PREMIER FORMOSA;FORMOSA;GO;CINEMAS HENKES RIBEIRO LTDA ME
80;1;1;1;SIM;NÃO;SIM;CINE LASER JIPARANA;JI-PARANÁ;RO;CINE LASER NORTE CINEMA LTDA
79;1;1;1;SIM;SIM;NÃO;MOVIELAND CINEMAS;MACAPÁ;AP;J J DE M SILVA
74;1;1;1;SIM;SIM;SIM;CINE CULTURA;GOIÂNIA;GO;SECRETARIA DE ESTADO DA CULTURA DE GOIÁS
59;1;1;1;SIM;SIM;NÃO;CINE UNIPLEX CAMPINAS UNIMART;CAMPINAS;SP;CINEMAS UNIPLEX LTDA
55;1;1;1;SIM;NÃO;SIM;MOVIECOM PÁTIO BELÉM;BELÉM;PA;MOVIE CINEMAS LTDA
51;1;1;1;SIM;NÃO;SIM;CINEART PONTEIO;BELO HORIZONTE;MG;DELTA FILMES LTDA
51;1;1;1;SIM;NÃO;NÃO;CINE SANTA TERESA;RIO DE JANEIRO;RJ;ARTE VITAL EXIBIÇÕES CINEMATOGRÁFICAS LTDA
48;1;1;1;SIM;NÃO;SIM;CINEMAIS JUIZ DE FORA - JARDIM NORTE;JUIZ DE FORA;MG;CINEMAIS CINEMAS LTDA
45;1;1;1;NÃO;SIM;NÃO;CINE SESC VER-O-PESO (SALA CARLOS MARX TONINI);BELÉM;PA;SERVICO SOCIAL DO COMERCIO - SESC/AP/PA
41;1;1;1;NÃO;NÃO;SIM;CINEMA DO CENTRO CULTURAL UNIMED BH - MINAS;BELO HORIZONTE;MG;MINAS TÊNIS CLUBE
40;1;1;1;SIM;SIM;SIM;CINEMATECA PAULO AMORIM;PORTO ALEGRE;RS;ASSOCIAÇÃO DOS AMIGOS DA CINEMATECA PAULO AMORIM
25;1;1;1;SIM;SIM;NÃO;CINE CASARÃO;MANAUS;AM;CASA DE IDEIAS DE ARTES E SERVICOS CULTURAIS LTDA
24;1;1;1;SIM;SIM;SIM;CINE CASARÃO;MANAUS;AM;CASA DE IDEIAS DE ARTES E SERVICOS CULTURAIS LTDA
306;8;0;1;SIM;NÃO;SIM;ARAUJO MULTIPLEX SHOPPING MESTRE ALVARO;SERRA;ES;MSA EMPRESA CINEMATOGRÁFICA LTDA
304;7;0;1;SIM;NÃO;SIM;SOROCABA CIANE;SOROCABA;SP;MSA EMPRESA CINEMATOGRÁFICA LTDA
244;6;0;1;SIM;NÃO;SIM;ARAUJO MULTIPLEX SHOPPING MESTRE ALVARO;SERRA;ES;MSA EMPRESA CINEMATOGRÁFICA LTDA
234;5;0;1;SIM;NÃO;SIM;ARAÚJO AVENIDA CENTER DOURADOS;DOURADOS;MS;EMPRESA CINEMATOGRÁFICA ARAÇATUBA LTDA
232;5;0;1;NÃO;NÃO;SIM;MULTIPLEX PANTANAL;CUIABÁ;MT;MSA EMPRESA CINEMATOGRÁFICA LTDA
198;5;0;1;NÃO;NÃO;SIM;CINESERCLA PATIO MIX LINHARES;LINHARES;ES;LB CINEMAS LTDA
282;4;0;1;NÃO;NÃO;SIM;CINESERCLA CAMPINA GRANDE;CAMPINA GRANDE;PB;EXIBIDORA NACIONAL DE FILMES LTDA
269;4;0;1;NÃO;NÃO;SIM;CINESERCLA CAMPINA GRANDE;CAMPINA GRANDE;PB;EXIBIDORA NACIONAL DE FILMES LTDA
219;4;0;1;SIM;SIM;SIM;CINESYSTEM BOURBON SHOPPING COUNTRY;PORTO ALEGRE;RS;ESPAÇO DE CINEMA SUL LTDA
218;4;0;1;NÃO;NÃO;SIM;CINESERCLA CAMPINA GRANDE;CAMPINA GRANDE;PB;EXIBIDORA NACIONAL DE FILMES LTDA
216;4;0;1;NÃO;NÃO;SIM;CINESERCLA PATIO MIX LINHARES;LINHARES;ES;LB CINEMAS LTDA
210;4;0;1;SIM;SIM;SIM;CINESYSTEM BOURBON SHOPPING COUNTRY;PORTO ALEGRE;RS;ESPAÇO DE CINEMA SUL LTDA
200;4;0;1;SIM;SIM;SIM;CINESYSTEM BOURBON SHOPPING COUNTRY;PORTO ALEGRE;RS;ESPAÇO DE CINEMA SUL LTDA
198;4;0;1;SIM;NÃO;NÃO;UNIPLEX AVARÉ;AVARÉ;SP;CINEMAS UNIPLEX LTDA
191;4;0;1;SIM;SIM;NÃO;CINEFLIX LONDRINA;LONDRINA;PR;MOVIESYSTEM CINEMATOGRAFICA LTDA
187;4;0;1;SIM;SIM;NÃO;CINEFLIX LONDRINA;LONDRINA;PR;MOVIESYSTEM CINEMATOGRAFICA LTDA
185;4;0;1;SIM;NÃO;SIM;GNC CAXIAS DO SUL;CAXIAS DO SUL;RS;PRAIA DE BELAS EMPREENDIMENTOS CINEMATOGRÁFICOS LTDA
181;4;0;1;SIM;NÃO;SIM;CINESERCLA BIG SHOPPING;CONTAGEM;MG;EMPRESA DE CINEMAS SERCLA LTDA
175;4;0;1;SIM;NÃO;SIM;GNC CAXIAS DO SUL;CAXIAS DO SUL;RS;PRAIA DE BELAS EMPREENDIMENTOS CINEMATOGRÁFICOS LTDA
175;4;0;1;SIM;NÃO;SIM;ESPAÇO ITAÚ DE CINEMA AUGUSTA;SÃO PAULO;SP;CINEMA ARTEPLEX LTDA.
165;4;0;1;SIM;NÃO;SIM;CINEMAIS JUIZ DE FORA - JARDIM NORTE;JUIZ DE FORA;MG;CINEMAIS CINEMAS LTDA
164;4;0;1;SIM;NÃO;SIM;ARAUJO MULTIPLEX SHOPPING MESTRE ALVARO;SERRA;ES;MSA EMPRESA CINEMATOGRÁFICA LTDA
163;4;0;1;NÃO;NÃO;SIM;CINESERCLA GV SHOPPING;GOVERNADOR VALADARES;MG;EMPRESA DE CINEMAS SERCLA LTDA
158;4;0;1;NÃO;NÃO;SIM;CINE UNIPLEX GUARATUBA;GUARATUBA;PR;CINEMAS UNIPLEX LTDA
151;4;0;1;NÃO;NÃO;NÃO;GNC CAXIAS DO SUL;CAXIAS DO SUL;RS;PRAIA DE BELAS EMPREENDIMENTOS CINEMATOGRÁFICOS LTDA
149;4;0;1;NÃO;NÃO;SIM;CINESERCLA BIG SHOPPING;CONTAGEM;MG;EMPRESA DE CINEMAS SERCLA LTDA
148;4;0;1;SIM;NÃO;SIM;MULTICINE IANDE SHOPPING;CAUCAIA;CE;MULTICINE CINEMAS LTDA
148;4;0;1;NÃO;NÃO;SIM;CINE GRACHER SÃO BENTO;SÃO BENTO DO SUL;SC;CINE GRACHER LTDA
144;4;0;1;NÃO;NÃO;SIM;CINESERCLA GV SHOPPING;GOVERNADOR VALADARES;MG;EMPRESA DE CINEMAS SERCLA LTDA
144;4;0;1;SIM;NÃO;SIM;MULTIPLEX MAUA;MAUÁ;SP;MSA EMPRESA CINEMATOGRÁFICA LTDA
143;4;0;1;SIM;NÃO;SIM;CENTRO DE FORMAÇÃO CULTURAL DE CIDADE TIRADENTES;SÃO PAULO;SP;EMPRESA DE CINEMA E AUDIOVISUAL DE SÃO PAULO S.A.
139;4;0;1;NÃO;NÃO;NÃO;GNC CAXIAS DO SUL;CAXIAS DO SUL;RS;PRAIA DE BELAS EMPREENDIMENTOS CINEMATOGRÁFICOS LTDA
139;4;0;1;SIM;SIM;NÃO;CINEFLIX - VARZEA GRANDE;VÁRZEA GRANDE;MT;MOVIESYSTEM CINEMATOGRAFICA LTDA
113;4;0;1;NÃO;NÃO;SIM;CINESERCLA PATIO MIX LINHARES;LINHARES;ES;LB CINEMAS LTDA
111;4;0;1;SIM;NÃO;SIM;CINESERCLA PATIO MIX LINHARES;LINHARES;ES;LB CINEMAS LTDA
106;4;0;1;NÃO;NÃO;NÃO;CINESERCLA GV SHOPPING;GOVERNADOR VALADARES;MG;EMPRESA DE CINEMAS SERCLA LTDA
103;4;0;1;SIM;NÃO;SIM;CINESERCLA GV SHOPPING;GOVERNADOR VALADARES;MG;EMPRESA DE CINEMAS SERCLA LTDA
100;4;0;1;SIM;SIM;NÃO;CINEFLIX - VARZEA GRANDE;VÁRZEA GRANDE;MT;MOVIESYSTEM CINEMATOGRAFICA LTDA
99;4;0;1;NÃO;NÃO;SIM;MULTIPLEX VIA NORTE MANAUS;MANAUS;AM;MSA EMPRESA CINEMATOGRÁFICA LTDA
78;4;0;1;SIM;NÃO;SIM;CINESERCLA SHOPPING NORTE;BELO HORIZONTE;MG;EMPRESA DE CINEMAS SERCLA LTDA
300;3;0;1;SIM;NÃO;SIM;ARAÚJO AVENIDA CENTER DOURADOS;DOURADOS;MS;EMPRESA CINEMATOGRÁFICA ARAÇATUBA LTDA
208;3;0;1;SIM;SIM;NÃO;CINEMAIS GOIANIA BOUGAINVILLE;GOIÂNIA;GO;CINEMAIS CINEMAS LTDA
193;3;0;1;SIM;NÃO;SIM;MOVIEMAX CAMARÁ;CAMARAGIBE;PE;P.M.C. CINEMAS DO BRASIL LTDA
166;3;0;1;SIM;NÃO;SIM;RESERVA CULTURAL DE CINEMA - NITEROI;NITERÓI;RJ;RESERVA CULTURAL DE CINEMA LTDA.
156;3;0;1;SIM;NÃO;SIM;MOVIEMAX CAMARÁ;CAMARAGIBE;PE;P.M.C. CINEMAS DO BRASIL LTDA
148;3;0;1;SIM;SIM;NÃO;CINEJARDIM;GARANHUNS;PE;SERVIÇO SOCIAL DO COMÉRCIO - SESC
147;3;0;1;SIM;NÃO;SIM;GRUPOCINE VALINHOS;VALINHOS;SP;EMPRESA CINEMATOGRAFICA BOMBOCINE LTDA
145;3;0;1;SIM;NÃO;SIM;MOVIEMAX CAMARÁ;CAMARAGIBE;PE;P.M.C. CINEMAS DO BRASIL LTDA
137;3;0;1;SIM;NÃO;SIM;GRUPOCINE VALINHOS;VALINHOS;SP;EMPRESA CINEMATOGRAFICA BOMBOCINE LTDA
131;3;0;1;SIM;NÃO;SIM;GRUPOCINE VALINHOS;VALINHOS;SP;EMPRESA CINEMATOGRAFICA BOMBOCINE LTDA
130;3;0;1;SIM;NÃO;SIM;CINE A ALFENAS;ALFENAS;MG;CINE A LTDA
118;3;0;1;SIM;NÃO;SIM;RESERVA CULTURAL DE CINEMA - NITEROI;NITERÓI;RJ;RESERVA CULTURAL DE CINEMA LTDA.
116;3;0;1;SIM;NÃO;SIM;CINE BOM VIZINHO ACARAÚ;ACARAÚ;CE;J B PINHEIRO ALVES JUNIOR - ME
112;3;0;1;NÃO;NÃO;SIM;MULTIPLEX DUQUE DE CAXIAS;DUQUE DE CAXIAS;RJ;MSA EMPRESA CINEMATOGRÁFICA LTDA
111;3;0;1;NÃO;NÃO;SIM;MULTIPLEX DUQUE DE CAXIAS;DUQUE DE CAXIAS;RJ;MSA EMPRESA CINEMATOGRÁFICA LTDA
109;3;0;1;SIM;NÃO;SIM;CINE BOM VIZINHO ACARAÚ;ACARAÚ;CE;J B PINHEIRO ALVES JUNIOR - ME
96;3;0;1;SIM;NÃO;SIM;CENTRO DE CULTURA BELAS ARTES CINEMA;SÃO PAULO;SP;CENTRO DE CULTURA BELAS ARTES CINEMAS
93;3;0;1;SIM;NÃO;SIM;RESERVA CULTURAL DE CINEMA - NITEROI;NITERÓI;RJ;RESERVA CULTURAL DE CINEMA LTDA.
88;3;0;1;SIM;NÃO;SIM;ESPAÇO ITAÚ DE CINEMA AUGUSTA;SÃO PAULO;SP;CINEMA ARTEPLEX LTDA.
85;3;0;1;SIM;NÃO;SIM;RESERVA CULTURAL DE CINEMA - NITEROI;NITERÓI;RJ;RESERVA CULTURAL DE CINEMA LTDA.
82;3;0;1;SIM;NÃO;SIM;CINE UNIPLEX GUARATUBA;GUARATUBA;PR;CINEMAS UNIPLEX LTDA
79;3;0;1;NÃO;NÃO;NÃO;CINE VILA RICA: CAMPO VERDE;CAMPO VERDE;MT;MAURICIO JOSE NICOLINO & CIA LTDA
186;2;0;1;NÃO;NÃO;NÃO;CINE RITZ PÁTIO DIVINÓPOLIS;DIVINÓPOLIS;MG;CINE RITZ DIVINÓPOLIS LTDA. - EPP
177;2;0;1;NÃO;NÃO;NÃO;CINE RITZ PÁTIO DIVINÓPOLIS;DIVINÓPOLIS;MG;CINE RITZ DIVINÓPOLIS LTDA. - EPP
177;2;0;1;NÃO;SIM;SIM;CINE GLAUBER ROCHA;SALVADOR;BA;ESPAÇO CULTURAL DE CINEMA DE SALVADOR LTDA
173;2;0;1;SIM;NÃO;SIM;GRUPOCINE SANTA ISABEL;SANTA ISABEL;SP;EMPRESA CINEMATOGRAFICA BOMBOCINE LTDA
172;2;0;1;SIM;NÃO;SIM;GRUPOCINE VIDEIRA;VIDEIRA;SC;EMPRESA CINEMATOGRAFICA BOMBOCINE LTDA
151;2;0;1;SIM;NÃO;SIM;GRUPOCINE RIO DO SUL;RIO DO SUL;SC;EMPRESA CINEMATOGRAFICA BOMBOCINE LTDA
148;2;0;1;NÃO;SIM;SIM;CINE GLAUBER ROCHA;SALVADOR;BA;ESPAÇO CULTURAL DE CINEMA DE SALVADOR LTDA
142;2;0;1;NÃO;NÃO;NÃO;CINE RITZ PÁTIO DIVINÓPOLIS;DIVINÓPOLIS;MG;CINE RITZ DIVINÓPOLIS LTDA. - EPP
132;2;0;1;NÃO;NÃO;NÃO;CINE RITZ PÁTIO DIVINÓPOLIS;DIVINÓPOLIS;MG;CINE RITZ DIVINÓPOLIS LTDA. - EPP
131;2;0;1;SIM;NÃO;SIM;GRUPOCINE VIDEIRA;VIDEIRA;SC;EMPRESA CINEMATOGRAFICA BOMBOCINE LTDA
127;2;0;1;SIM;NÃO;SIM;GRUPOCINE ITAPETININGA;ITAPETININGA;SP;EMPRESA CINEMATOGRAFICA BOMBOCINE LTDA
120;2;0;1;SIM;NÃO;SIM;GRUPOCINE RIO DO SUL;RIO DO SUL;SC;EMPRESA CINEMATOGRAFICA BOMBOCINE LTDA
116;2;0;1;SIM;SIM;SIM;CENTERPLEX VIA SUL SHOPPING;FORTALEZA;CE;EMPRESA DE CINEMAS FORTALEZA LTDA
115;2;0;1;SIM;NÃO;SIM;CINESERCLA AVENIDA;FEIRA DE SANTANA;BA;LB CINEMAS LTDA
113;2;0;1;SIM;NÃO;SIM;CINE MILANI;JI-PARANÁ;RO;S.L. MILANI CINE E VIDEO
106;2;0;1;SIM;NÃO;SIM;GRUPOCINE ITAPETININGA;ITAPETININGA;SP;EMPRESA CINEMATOGRAFICA BOMBOCINE LTDA
106;2;0;1;SIM;NÃO;SIM;CINEMAS UNIPLEX PARANAGUÁ;PARANAGUÁ;PR;CINEMAS UNIPLEX LTDA
101;2;0;1;SIM;NÃO;SIM;CENTRO CULTURAL SÃO PAULO;SÃO PAULO;SP;EMPRESA DE CINEMA E AUDIOVISUAL DE SÃO PAULO S.A.
98;2;0;1;SIM;NÃO;SIM;CENTRO CULTURAL SÃO PAULO;SÃO PAULO;SP;EMPRESA DE CINEMA E AUDIOVISUAL DE SÃO PAULO S.A.
95;2;0;1;SIM;NÃO;SIM;CINE A ALFENAS;ALFENAS;MG;CINE A LTDA
90;2;0;1;SIM;NÃO;SIM;CENTRO DE CULTURA BELAS ARTES CINEMA;SÃO PAULO;SP;CENTRO DE CULTURA BELAS ARTES CINEMAS
84;2;0;1;NÃO;NÃO;NÃO;CINE RITZ PÁTIO DIVINÓPOLIS;DIVINÓPOLIS;MG;CINE RITZ DIVINÓPOLIS LTDA. - EPP
71;2;0;1;SIM;NÃO;SIM;CINESERCLA AVENIDA;FEIRA DE SANTANA;BA;LB CINEMAS LTDA
68;2;0;1;SIM;NÃO;SIM;CINE COLOMBO - ARARAS;ARARAS;SP;CINE A LTDA
62;2;0;1;NÃO;NÃO;NÃO;CINE COLOMBO - ITAPIRA;ITAPIRA;SP;CINE A LTDA
49;2;0;1;SIM;NÃO;SIM;CINE A POUSO ALEGRE;POUSO ALEGRE;MG;CINE A LTDA
36;2;0;1;SIM;NÃO;SIM;CINE A POUSO ALEGRE;POUSO ALEGRE;MG;CINE A LTDA
33;2;0;1;SIM;NÃO;SIM;ESPAÇO ITAÚ DE CINEMA AUGUSTA;SÃO PAULO;SP;CINEMA ARTEPLEX LTDA.
226;1;0;1;SIM;NÃO;SIM;CINESYSTEM ANANINDEUA;ANANINDEUA;PA;REDECINE BRA CINEMATOGRÁFICA S.A.
76;1;0;1;SIM;SIM;NÃO;CINE A CONTINENTAL;SÃO PAULO;SP;CINE A LTDA
71;1;0;1;SIM;NÃO;NÃO;GRUPOCINE ITAPETININGA;ITAPETININGA;SP;EMPRESA CINEMATOGRAFICA BOMBOCINE LTDA
64;1;0;1;SIM;NÃO;NÃO;CINESYSTEM MORUMBI TOWN;SÃO PAULO;SP;REDECINE BRA CINEMATOGRÁFICA S.A.
48;1;0;1;NÃO;NÃO;NÃO;CINE LANKIANA;SALVADOR;BA;INSTITUTO AUDIOVISUAL MULHERES DE ODUN
46;1;0;1;NÃO;NÃO;SIM;REDECINE - RIO AMERICAS;RIO DE JANEIRO;RJ;REDECINE - RIO CINEMATOGRAFICA S.A.
45;1;0;1;NÃO;NÃO;NÃO;CINESYSTEM PAULISTA;PAULISTA;PE;REDECINE BRA CINEMATOGRÁFICA S.A.
144;0;0;1;SIM;SIM;NÃO;CINE PENEDO;PENEDO;AL;UNIVERSIDADE FEDERAL DE ALAGOAS
156;2;11;0;SIM;NÃO;SIM;CINE ESTAÇÃO NET GÁVEA;RIO DE JANEIRO;RJ;ESTAÇÃO CINEMA E CULTURA LTDA
106;2;9;0;SIM;NÃO;SIM;CINE ESTAÇÃO NET RIO;RIO DE JANEIRO;RJ;ESTAÇÃO CINEMA E CULTURA LTDA
70;5;7;0;SIM;SIM;NÃO;PSICADEIRO - SALA BEATRIZ SEGALL;SÃO PAULO;SP;PSICADEIRO PRODUÇÕES EDUCATIVAS E ARTÍSTICAS LTDA
108;1;7;0;SIM;NÃO;SIM;CINE ESTAÇÃO NET RIO;RIO DE JANEIRO;RJ;ESTAÇÃO CINEMA E CULTURA LTDA
106;1;7;0;SIM;NÃO;SIM;CINE ESTAÇÃO NET RIO;RIO DE JANEIRO;RJ;ESTAÇÃO CINEMA E CULTURA LTDA
79;1;6;0;SIM;NÃO;SIM;CINE ESTAÇÃO NET RIO;RIO DE JANEIRO;RJ;ESTAÇÃO CINEMA E CULTURA LTDA
56;1;6;0;SIM;NÃO;SIM;CINE ESTAÇÃO NET RIO;RIO DE JANEIRO;RJ;ESTAÇÃO CINEMA E CULTURA LTDA
126;2;5;0;SIM;NÃO;SIM;CINE ESTAÇÃO NET GÁVEA;RIO DE JANEIRO;RJ;ESTAÇÃO CINEMA E CULTURA LTDA
84;2;5;0;SIM;NÃO;SIM;CINE ESTAÇÃO NET GÁVEA;RIO DE JANEIRO;RJ;ESTAÇÃO CINEMA E CULTURA LTDA
159;4;4;0;SIM;NÃO;SIM;MOVIECOM PÁTIO MARABÁ;MARABÁ;PA;MOVIE CINEMAS LTDA
120;4;4;0;NÃO;NÃO;NÃO;MULTIPLEX CAMPO LIMPO;SÃO PAULO;SP;MSA EMPRESA CINEMATOGRÁFICA LTDA
87;4;4;0;SIM;SIM;NÃO;GRUPOCINE TERRAZO EUSÉBIO;EUSÉBIO;CE;EMPRESA CINEMATOGRAFICA BOMBOCINE LTDA
148;3;4;0;SIM;SIM;NÃO;CINEFLIX - CATARINA;SÃO ROQUE;SP;REDECINE CATARINA CINEMATOGRAFICA LTDA
94;3;4;0;SIM;SIM;NÃO;CINEFLIX - CIDADE;MARINGÁ;PR;MOVIESYSTEM CINEMATOGRAFICA LTDA
270;2;4;0;NÃO;NÃO;SIM;MOVIECOM BURITI;APARECIDA DE GOIÂNIA;GO;MOVIE CINEMAS LTDA
252;2;4;0;NÃO;NÃO;SIM;MOVIECOM BURITI;APARECIDA DE GOIÂNIA;GO;MOVIE CINEMAS LTDA
192;2;4;0;SIM;NÃO;SIM;MOVIEMAX ELDORADO;GARANHUNS;PE;P.M.C. CINEMAS DO BRASIL LTDA
91;2;4;0;SIM;NÃO;SIM;CINE ESTAÇÃO NET GÁVEA;RIO DE JANEIRO;RJ;ESTAÇÃO CINEMA E CULTURA LTDA
270;5;3;0;SIM;NÃO;SIM;KINOPLEX GOLDEN;SÃO LUÍS;MA;EMPRESA CINEMAS SÃO LUIZ S/A
190;4;3;0;SIM;NÃO;SIM;MOVIECOM MACAPÁ SHOPPING;MACAPÁ;AP;MOVIE CINEMAS LTDA
166;4;3;0;SIM;NÃO;SIM;MOVIECOM PÁTIO MARABÁ;MARABÁ;PA;MOVIE CINEMAS LTDA
162;4;3;0;SIM;NÃO;SIM;MOVIECOM MACAPÁ SHOPPING;MACAPÁ;AP;MOVIE CINEMAS LTDA
284;3;3;0;NÃO;NÃO;NÃO;MOVIECINE;PORTO ALEGRE;RS;GMF PRODUÇÕES ARTISTICAS LTDA
112;3;3;0;SIM;NÃO;SIM;UCI BRASIL - NEW YORK;RIO DE JANEIRO;RJ;UNITED CINEMAS INTERNATIONAL BRASIL LTDA.
96;3;3;0;SIM;NÃO;SIM;MOVIECOM PÁTIO MARABÁ;MARABÁ;PA;MOVIE CINEMAS LTDA
92;3;3;0;SIM;NÃO;SIM;MOVIECOM PÁTIO MARABÁ;MARABÁ;PA;MOVIE CINEMAS LTDA
210;2;3;0;NÃO;NÃO;NÃO;MOVIECOM BURITI;APARECIDA DE GOIÂNIA;GO;MOVIE CINEMAS LTDA
191;2;3;0;NÃO;NÃO;NÃO;MOVIECOM BURITI;APARECIDA DE GOIÂNIA;GO;MOVIE CINEMAS LTDA
187;2;3;0;NÃO;NÃO;NÃO;MOVIECOM BURITI;APARECIDA DE GOIÂNIA;GO;MOVIE CINEMAS LTDA
171;2;3;0;NÃO;NÃO;SIM;MOVIECOM BURITI;APARECIDA DE GOIÂNIA;GO;MOVIE CINEMAS LTDA
77;2;3;0;SIM;NÃO;SIM;CINE ESTAÇÃO NET GÁVEA;RIO DE JANEIRO;RJ;ESTAÇÃO CINEMA E CULTURA LTDA
262;5;2;0;SIM;NÃO;SIM;KINOPLEX GOLDEN;SÃO LUÍS;MA;EMPRESA CINEMAS SÃO LUIZ S/A
221;5;2;0;SIM;NÃO;SIM;MOVIECOM PÁTIO MARABÁ;MARABÁ;PA;MOVIE CINEMAS LTDA
213;4;2;0;NÃO;NÃO;NÃO;MOVIECOM CASTANHEIRA;BELÉM;PA;MOVIE CINEMAS LTDA
197;4;2;0;SIM;NÃO;SIM;MOVIECOM CASTANHEIRA;BELÉM;PA;MOVIE CINEMAS LTDA
117;4;2;0;SIM;NÃO;SIM;KINOPLEX GOLDEN;SÃO LUÍS;MA;EMPRESA CINEMAS SÃO LUIZ S/A
234;2;2;0;SIM;NÃO;SIM;CINE LUME RITZ;GOIÂNIA;GO;FREDERICO DA CRUZ MACHADO - ME
219;2;2;0;SIM;NÃO;SIM;CINE LUME RITZ;GOIÂNIA;GO;FREDERICO DA CRUZ MACHADO - ME
126;2;2;0;NÃO;NÃO;NÃO;MOVIECINE;PORTO ALEGRE;RS;GMF PRODUÇÕES ARTISTICAS LTDA
78;2;2;0;SIM;SIM;NÃO;CINEFLIX - RIO DE JANEIRO;RIO DE JANEIRO;RJ;MOVIESYSTEM CINEMATOGRAFICA LTDA
69;2;2;0;SIM;SIM;NÃO;CINEFLIX - RIO DE JANEIRO;RIO DE JANEIRO;RJ;MOVIESYSTEM CINEMATOGRAFICA LTDA
68;2;2;0;SIM;SIM;NÃO;GRUPOCINE TERRAZO EUSÉBIO;EUSÉBIO;CE;EMPRESA CINEMATOGRAFICA BOMBOCINE LTDA
64;2;2;0;SIM;SIM;NÃO;CINEFLIX - RIO DE JANEIRO;RIO DE JANEIRO;RJ;MOVIESYSTEM CINEMATOGRAFICA LTDA
62;2;2;0;NÃO;SIM;NÃO;CINESYSTEM POMPEIA;SÃO PAULO;SP;REDECINE BRA CINEMATOGRÁFICA S.A.
55;2;2;0;SIM;SIM;NÃO;CINE CARMEN MIRANDA;MANAUS;AM;ASSOCIAÇÃO CULTURAL APARECEU A MARGARIDA - ACAM
46;2;2;0;NÃO;SIM;NÃO;CINESYSTEM BRASILIA;BRASÍLIA;DF;REDECINE BRA CINEMATOGRÁFICA S.A.
141;0;2;0;NÃO;NÃO;SIM;CINE RITZ ARACRUZ;ARACRUZ;ES;CINEMATOGRAFICA ARACRUZ LTDA ME
99;0;2;0;NÃO;NÃO;SIM;CINE RITZ ARACRUZ;ARACRUZ;ES;CINEMATOGRAFICA ARACRUZ LTDA ME
220;5;1;0;SIM;NÃO;SIM;CINEART CINE ITAUPOWER SHOPPING;CONTAGEM;MG;DELTA FILMES LTDA
154;4;1;0;SIM;NÃO;SIM;CINEMAIS JUIZ DE FORA - JARDIM NORTE;JUIZ DE FORA;MG;CINEMAIS CINEMAS LTDA
95;4;1;0;SIM;NÃO;SIM;KINOPLEX GOLDEN;SÃO LUÍS;MA;EMPRESA CINEMAS SÃO LUIZ S/A
137;2;1;0;NÃO;NÃO;NÃO;MOVIECOM MACAPÁ SHOPPING;MACAPÁ;AP;MOVIE CINEMAS LTDA
128;2;1;0;SIM;NÃO;SIM;MOVIECOM MACAPÁ SHOPPING;MACAPÁ;AP;MOVIE CINEMAS LTDA
119;2;1;0;SIM;NÃO;SIM;MOVIECOM MACAPÁ SHOPPING;MACAPÁ;AP;MOVIE CINEMAS LTDA
156;1;1;0;NÃO;NÃO;SIM;MOVIEMAX ROSA E SILVA;RECIFE;PE;P.M.C. CINEMAS DO BRASIL LTDA
47;1;1;0;NÃO;SIM;NÃO;CINESYSTEM BRASILIA;BRASÍLIA;DF;REDECINE BRA CINEMATOGRÁFICA S.A.
35;1;1;0;NÃO;NÃO;NÃO;PLANET NITERÓI;NITERÓI;RJ;SRS PLANET CINEMAS LTDA
120;10;0;0;SIM;NÃO;SIM;CINECLUBE TORRES;TORRES;RS;CINECLUBE TORRES
428;9;0;0;SIM;SIM;NÃO;CINEPOLIS PARQUE BAHIA;LAURO DE FREITAS;BA;CINEPOLIS OPERADORA DE CINEMAS DO BRASIL LTDA
271;9;0;0;NÃO;NÃO;NÃO;2136 CINEMARK SÃO GONÇALO;SÃO GONÇALO;RJ;CINEMARK BRASIL S.A
272;8;0;0;NÃO;NÃO;NÃO;2136 CINEMARK SÃO GONÇALO;SÃO GONÇALO;RJ;CINEMARK BRASIL S.A
191;8;0;0;SIM;NÃO;SIM;CEU JAÇANÃ;SÃO PAULO;SP;EMPRESA DE CINEMA E AUDIOVISUAL DE SÃO PAULO S.A.
185;8;0;0;SIM;SIM;SIM;CINE DUPLEX;AMPARO;SP;EMPRESA CINEMATOGRÁFICA ESTAÇÃO LTDA
306;7;0;0;SIM;NÃO;SIM;SOROCABA CIANE;SOROCABA;SP;MSA EMPRESA CINEMATOGRÁFICA LTDA
226;7;0;0;SIM;NÃO;SIM;CINEMAIS ANÁPOLIS;ANÁPOLIS;GO;CINEMAIS CINEMAS LTDA
125;7;0;0;SIM;SIM;NÃO;CINEFLIX - GRANJA VIANNA;COTIA;SP;MOVIESYSTEM CINEMATOGRAFICA LTDA
417;6;0;0;NÃO;NÃO;SIM;CINESYSTEM IGUATEMI FLN;FLORIANÓPOLIS;SC;REDECINE BRA CINEMATOGRÁFICA S.A.
364;6;0;0;NÃO;NÃO;SIM;MULTIPLEX CAMPOS GOYTACAZES;CAMPOS DOS GOYTACAZES;RJ;MSA EMPRESA CINEMATOGRÁFICA LTDA
349;6;0;0;SIM;NÃO;SIM;CINESYSTEM MACEIO;MACEIÓ;AL;REDECINE BRA CINEMATOGRÁFICA S.A.
323;6;0;0;SIM;NÃO;SIM;KINOPLEX DOM PEDRO;CAMPINAS;SP;EMPRESA CINEMAS SÃO LUIZ S/A
321;6;0;0;SIM;SIM;SIM;KINOPLEX ITAIM;SÃO PAULO;SP;SR SÃO PAULO CINEMAS S/A
319;6;0;0;SIM;SIM;SIM;KINOPLEX ITAIM;SÃO PAULO;SP;SR SÃO PAULO CINEMAS S/A
299;6;0;0;SIM;NÃO;SIM;AFA CINE UNIMED;CACHOEIRO DE ITAPEMIRIM;ES;VIA SUL CINEMATOGRÁFICA LTDA
298;6;0;0;NÃO;NÃO;SIM;ARAÚJO MULTIPLEX VIA VERDE;RIO BRANCO;AC;EMPRESA CINEMATOGRÁFICA ARAÇATUBA LTDA
295;6;0;0;NÃO;NÃO;SIM;ARAÚJO MULTIPLEX VIA VERDE;RIO BRANCO;AC;EMPRESA CINEMATOGRÁFICA ARAÇATUBA LTDA
290;6;0;0;NÃO;NÃO;SIM;CINES PLAZA SHOPPING ITU;ITU;SP;EMPRESA CINEMATOGRÁFICA ARAÇATUBA LTDA
285;6;0;0;SIM;NÃO;SIM;ARAUJO MULTIPLEX RIO PRETO SHOPPING;SÃO JOSÉ DO RIO PRETO;SP;MSA EMPRESA CINEMATOGRÁFICA LTDA
279;6;0;0;NÃO;NÃO;SIM;CINES PLAZA SHOPPING ITU;ITU;SP;EMPRESA CINEMATOGRÁFICA ARAÇATUBA LTDA
278;6;0;0;SIM;NÃO;SIM;SOROCABA CIANE;SOROCABA;SP;MSA EMPRESA CINEMATOGRÁFICA LTDA
275;6;0;0;SIM;NÃO;SIM;AFA CINE UNIMED;CACHOEIRO DE ITAPEMIRIM;ES;VIA SUL CINEMATOGRÁFICA LTDA
275;6;0;0;SIM;NÃO;SIM;ARAUJO MULTIPLEX SHOPPING PIRACICABA;PIRACICABA;SP;MSA EMPRESA CINEMATOGRÁFICA LTDA
263;6;0;0;SIM;NÃO;SIM;SOROCABA CIANE;SOROCABA;SP;MSA EMPRESA CINEMATOGRÁFICA LTDA
229;6;0;0;NÃO;NÃO;SIM;MARINGÁ AVENIDA;MARINGÁ;PR;MSA EMPRESA CINEMATOGRÁFICA LTDA
227;6;0;0;SIM;NÃO;SIM;ARAUJO MULTIPLEX SHOPPING PIRACICABA;PIRACICABA;SP;MSA EMPRESA CINEMATOGRÁFICA LTDA
226;6;0;0;SIM;NÃO;SIM;ARAUJO MULTIPLEX SHOPPING PIRACICABA;PIRACICABA;SP;MSA EMPRESA CINEMATOGRÁFICA LTDA
224;6;0;0;NÃO;NÃO;SIM;MARINGÁ AVENIDA;MARINGÁ;PR;MSA EMPRESA CINEMATOGRÁFICA LTDA
123;6;0;0;SIM;SIM;SIM;CINE DUPLEX;AMPARO;SP;EMPRESA CINEMATOGRÁFICA ESTAÇÃO LTDA
119;6;0;0;SIM;NÃO;SIM;SOROCABA CIDADE;SOROCABA;SP;MSA EMPRESA CINEMATOGRÁFICA LTDA
85;6;0;0;SIM;SIM;NÃO;CINEFLIX - SALVADOR;SALVADOR;BA;MOVIESYSTEM CINEMATOGRAFICA LTDA
396;5;0;0;SIM;SIM;NÃO;CINEFLIX - GRANJA VIANNA;COTIA;SP;MOVIESYSTEM CINEMATOGRAFICA LTDA
365;5;0;0;NÃO;NÃO;SIM;MULTIPLEX CAMPOS GOYTACAZES;CAMPOS DOS GOYTACAZES;RJ;MSA EMPRESA CINEMATOGRÁFICA LTDA
288;5;0;0;SIM;NÃO;SIM;CINESYSTEM IGUATEMI FLN;FLORIANÓPOLIS;SC;REDECINE BRA CINEMATOGRÁFICA S.A.
286;5;0;0;SIM;NÃO;SIM;CINESYSTEM IGUATEMI FLN;FLORIANÓPOLIS;SC;REDECINE BRA CINEMATOGRÁFICA S.A.
256;5;0;0;SIM;NÃO;SIM;CINESYSTEM SÃO LEOPOLDO;SÃO LEOPOLDO;RS;REDECINE BRA CINEMATOGRÁFICA S.A.
251;5;0;0;SIM;NÃO;SIM;CINEPOLIS TRES LAGOAS;TRÊS LAGOAS;MS;CINEPOLIS OPERADORA DE CINEMAS DO BRASIL LTDA
247;5;0;0;SIM;SIM;NÃO;CINEPOLIS PARQUE BAHIA;LAURO DE FREITAS;BA;CINEPOLIS OPERADORA DE CINEMAS DO BRASIL LTDA
242;5;0;0;SIM;NÃO;SIM;ARAUJO MULTIPLEX RIO PRETO SHOPPING;SÃO JOSÉ DO RIO PRETO;SP;MSA EMPRESA CINEMATOGRÁFICA LTDA
240;5;0;0;NÃO;NÃO;NÃO;2134 CINEMARK NOVO HAMBURGO;NOVO HAMBURGO;RS;CINEMARK BRASIL S.A
221;5;0;0;SIM;NÃO;SIM;ARAUJO MULTIPLEX RIO PRETO SHOPPING;SÃO JOSÉ DO RIO PRETO;SP;MSA EMPRESA CINEMATOGRÁFICA LTDA
220;5;0;0;SIM;NÃO;SIM;ARAUJO MULTIPLEX RIO PRETO SHOPPING;SÃO JOSÉ DO RIO PRETO;SP;MSA EMPRESA CINEMATOGRÁFICA LTDA
213;5;0;0;NÃO;NÃO;NÃO;2137 CINEMARK JEQUITIBÁ ITABUNA;ITABUNA;BA;CINEMARK BRASIL S.A
212;5;0;0;NÃO;NÃO;NÃO;2140 CINEMARK BOULEVARD SHOPPING MOGI GUAÇU;MOGI GUAÇU;SP;CINEMARK BRASIL S.A
212;5;0;0;NÃO;NÃO;SIM;CINE ARAÚJO PORTO VELHO;PORTO VELHO;RO;EMPRESA CINEMATOGRÁFICA ARAÇATUBA LTDA
201;5;0;0;SIM;NÃO;SIM;CINEART CINE ITAUPOWER SHOPPING;CONTAGEM;MG;DELTA FILMES LTDA
194;5;0;0;NÃO;NÃO;NÃO;2136 CINEMARK SÃO GONÇALO;SÃO GONÇALO;RJ;CINEMARK BRASIL S.A
193;5;0;0;NÃO;NÃO;NÃO;2137 CINEMARK JEQUITIBÁ ITABUNA;ITABUNA;BA;CINEMARK BRASIL S.A
152;5;0;0;NÃO;NÃO;NÃO;2137 CINEMARK JEQUITIBÁ ITABUNA;ITABUNA;BA;CINEMARK BRASIL S.A
128;5;0;0;SIM;NÃO;SIM;MULTIPLEX CATUAI LONDRINA;LONDRINA;PR;EMPRESA CINEMATOGRÁFICA ARAUJO LTDA
100;5;0;0;SIM;NÃO;SIM;MULTIPLEX CATUAI LONDRINA;LONDRINA;PR;EMPRESA CINEMATOGRÁFICA ARAUJO LTDA
398;4;0;0;SIM;NÃO;SIM;KINOPLEX DOM PEDRO;CAMPINAS;SP;EMPRESA CINEMAS SÃO LUIZ S/A
319;4;0;0;NÃO;NÃO;SIM;CINESYSTEM LITORAL PLAZA;PRAIA GRANDE;SP;REDECINE BRA CINEMATOGRÁFICA S.A.
243;4;0;0;NÃO;NÃO;SIM;CINESYSTEM SÃO LEOPOLDO;SÃO LEOPOLDO;RS;REDECINE BRA CINEMATOGRÁFICA S.A.
240;4;0;0;SIM;NÃO;SIM;CINEMAIS ARAXÁ;ARAXÁ;MG;CINEMAIS CINEMAS LTDA
230;4;0;0;SIM;NÃO;SIM;CINEMAIS ITUIUTABA;ITUIUTABA;MG;CINEMAIS CINEMAS LTDA
221;4;0;0;SIM;SIM;NÃO;CINEFLIX - GRANJA VIANNA;COTIA;SP;MOVIESYSTEM CINEMATOGRAFICA LTDA
217;4;0;0;SIM;NÃO;SIM;CINEMAIS ANÁPOLIS;ANÁPOLIS;GO;CINEMAIS CINEMAS LTDA
211;4;0;0;SIM;NÃO;SIM;CINE CARIRI;SERRINHA;BA;GEFA COMERCIO E ENTRETENIMENTO LTDA
208;4;0;0;SIM;NÃO;SIM;CINESYSTEM SÃO LEOPOLDO;SÃO LEOPOLDO;RS;REDECINE BRA CINEMATOGRÁFICA S.A.
206;4;0;0;SIM;NÃO;SIM;CINEMAS COSTA DOURADA;CABO DE SANTO AGOSTINHO;PE;SHOPPING CENTER COSTA DOURADA S/A
202;4;0;0;NÃO;NÃO;SIM;MULTIPLEX CAMPOS GOYTACAZES;CAMPOS DOS GOYTACAZES;RJ;MSA EMPRESA CINEMATOGRÁFICA LTDA
200;4;0;0;NÃO;NÃO;SIM;MOVIECOM PRAIA SHOPPING;NATAL;RN;MOVIE CINEMAS LTDA
199;4;0;0;SIM;NÃO;SIM;CEU QUINTA DO SOL;SÃO PAULO;SP;EMPRESA DE CINEMA E AUDIOVISUAL DE SÃO PAULO S.A.
195;4;0;0;SIM;NÃO;SIM;CINESERCLA SHOPPING NORTE;BELO HORIZONTE;MG;EMPRESA DE CINEMAS SERCLA LTDA
193;4;0;0;NÃO;NÃO;SIM;CINESERCLA SHOPPING PRÊMIO;NOSSA SENHORA DO SOCORRO;SE;EXIBIDORA NACIONAL DE FILMES LTDA
192;4;0;0;SIM;NÃO;SIM;CINEPOLIS TRES LAGOAS;TRÊS LAGOAS;MS;CINEPOLIS OPERADORA DE CINEMAS DO BRASIL LTDA
191;4;0;0;SIM;NÃO;SIM;KINOPLEX VILA OLÍMPIA;SÃO PAULO;SP;EMPRESA CINEMAS SÃO LUIZ S/A
180;4;0;0;SIM;NÃO;SIM;CINESYSTEM LITORAL PLAZA;PRAIA GRANDE;SP;REDECINE BRA CINEMATOGRÁFICA S.A.
178;4;0;0;SIM;NÃO;NÃO;AFA CINE UNIMED;CACHOEIRO DE ITAPEMIRIM;ES;VIA SUL CINEMATOGRÁFICA LTDA
178;4;0;0;SIM;NÃO;SIM;KINOPLEX VILA OLÍMPIA;SÃO PAULO;SP;EMPRESA CINEMAS SÃO LUIZ S/A
176;4;0;0;SIM;SIM;NÃO;CINEPOLIS PARQUE BAHIA;LAURO DE FREITAS;BA;CINEPOLIS OPERADORA DE CINEMAS DO BRASIL LTDA
174;4;0;0;SIM;NÃO;SIM;CINE UNIPLEX CAMPOS;CAMPOS DOS GOYTACAZES;RJ;CINEMAS UNIPLEX LTDA
172;4;0;0;NÃO;NÃO;SIM;MARINGÁ AVENIDA;MARINGÁ;PR;MSA EMPRESA CINEMATOGRÁFICA LTDA
165;4;0;0;NÃO;NÃO;SIM;MULTIPLEX CAMPOS GOYTACAZES;CAMPOS DOS GOYTACAZES;RJ;MSA EMPRESA CINEMATOGRÁFICA LTDA
164;4;0;0;NÃO;NÃO;SIM;MOVIECOM PRAIA SHOPPING;NATAL;RN;MOVIE CINEMAS LTDA
163;4;0;0;SIM;NÃO;SIM;ARAUJO MULTIPLEX RIO PRETO SHOPPING;SÃO JOSÉ DO RIO PRETO;SP;MSA EMPRESA CINEMATOGRÁFICA LTDA
159;4;0;0;NÃO;NÃO;SIM;CINESERCLA SHOPPING PRÊMIO;NOSSA SENHORA DO SOCORRO;SE;EXIBIDORA NACIONAL DE FILMES LTDA
151;4;0;0;NÃO;NÃO;NÃO;2134 CINEMARK NOVO HAMBURGO;NOVO HAMBURGO;RS;CINEMARK BRASIL S.A
149;4;0;0;SIM;NÃO;SIM;CINEMAIS ANÁPOLIS;ANÁPOLIS;GO;CINEMAIS CINEMAS LTDA
149;4;0;0;SIM;NÃO;SIM;CINEMAS COSTA DOURADA;CABO DE SANTO AGOSTINHO;PE;SHOPPING CENTER COSTA DOURADA S/A
149;4;0;0;NÃO;NÃO;NÃO;2134 CINEMARK NOVO HAMBURGO;NOVO HAMBURGO;RS;CINEMARK BRASIL S.A
148;4;0;0;NÃO;NÃO;NÃO;2134 CINEMARK NOVO HAMBURGO;NOVO HAMBURGO;RS;CINEMARK BRASIL S.A
145;4;0;0;NÃO;NÃO;NÃO;MOVIECOM PRAIA SHOPPING;NATAL;RN;MOVIE CINEMAS LTDA
143;4;0;0;NÃO;NÃO;NÃO;2136 CINEMARK SÃO GONÇALO;SÃO GONÇALO;RJ;CINEMARK BRASIL S.A
139;4;0;0;SIM;SIM;NÃO;CINEFLIX - GRANJA VIANNA;COTIA;SP;MOVIESYSTEM CINEMATOGRAFICA LTDA
137;4;0;0;NÃO;NÃO;NÃO;2136 CINEMARK SÃO GONÇALO;SÃO GONÇALO;RJ;CINEMARK BRASIL S.A
136;4;0;0;SIM;NÃO;SIM;CINEMAIS GUARATINGUETÁ;GUARATINGUETÁ;SP;CINEMAIS CINEMAS LTDA
136;4;0;0;SIM;NÃO;SIM;MULTIPLEX TABOÃO;TABOÃO DA SERRA;SP;MSA EMPRESA CINEMATOGRÁFICA LTDA
134;4;0;0;NÃO;NÃO;NÃO;2134 CINEMARK NOVO HAMBURGO;NOVO HAMBURGO;RS;CINEMARK BRASIL S.A
128;4;0;0;NÃO;NÃO;SIM;CINE ARAÚJO PORTO VELHO;PORTO VELHO;RO;EMPRESA CINEMATOGRÁFICA ARAÇATUBA LTDA
124;4;0;0;NÃO;NÃO;SIM;MOVIECOM PRAIA SHOPPING;NATAL;RN;MOVIE CINEMAS LTDA
121;4;0;0;SIM;NÃO;SIM;MULTIPLEX CATUAI LONDRINA;LONDRINA;PR;EMPRESA CINEMATOGRÁFICA ARAUJO LTDA
120;4;0;0;NÃO;NÃO;NÃO;MOVIECOM PRAIA SHOPPING;NATAL;RN;MOVIE CINEMAS LTDA
120;4;0;0;NÃO;NÃO;NÃO;CINESYSTEM PAULISTA;PAULISTA;PE;REDECINE BRA CINEMATOGRÁFICA S.A.
118;4;0;0;NÃO;NÃO;NÃO;2136 CINEMARK SÃO GONÇALO;SÃO GONÇALO;RJ;CINEMARK BRASIL S.A
117;4;0;0;SIM;NÃO;SIM;MULTIPLEX VOLTA REDONDA;VOLTA REDONDA;RJ;MSA EMPRESA CINEMATOGRÁFICA LTDA
116;4;0;0;NÃO;NÃO;SIM;MULTIPLEX VOLTA REDONDA;VOLTA REDONDA;RJ;MSA EMPRESA CINEMATOGRÁFICA LTDA
114;4;0;0;SIM;NÃO;SIM;MULTIPLEX MAUA;MAUÁ;SP;MSA EMPRESA CINEMATOGRÁFICA LTDA
105;4;0;0;SIM;NÃO;SIM;SOROCABA CIDADE;SOROCABA;SP;MSA EMPRESA CINEMATOGRÁFICA LTDA
102;4;0;0;SIM;NÃO;SIM;CINESERCLA SHOPPING NORTE;BELO HORIZONTE;MG;EMPRESA DE CINEMAS SERCLA LTDA
81;4;0;0;SIM;NÃO;SIM;CINESERCLA SHOPPING NORTE;BELO HORIZONTE;MG;EMPRESA DE CINEMAS SERCLA LTDA
80;4;0;0;SIM;SIM;NÃO;CINEFLIX - SALVADOR;SALVADOR;BA;MOVIESYSTEM CINEMATOGRAFICA LTDA
70;4;0;0;SIM;SIM;NÃO;CINEFLIX - SALVADOR;SALVADOR;BA;MOVIESYSTEM CINEMATOGRAFICA LTDA
58;4;0;0;NÃO;NÃO;SIM;MOVIECOM PRAIA SHOPPING;NATAL;RN;MOVIE CINEMAS LTDA
1693;3;0;0;NÃO;NÃO;SIM;CINESYSTEM SÃO LEOPOLDO;SÃO LEOPOLDO;RS;REDECINE BRA CINEMATOGRÁFICA S.A.
436;3;0;0;SIM;NÃO;SIM;CEU VILA ATLÂNTICA - PROFESSOR JOÃO SOARES FILHO;SÃO PAULO;SP;EMPRESA DE CINEMA E AUDIOVISUAL DE SÃO PAULO S.A.
433;3;0;0;SIM;NÃO;SIM;CEU TRÊS LAGOS;SÃO PAULO;SP;EMPRESA DE CINEMA E AUDIOVISUAL DE SÃO PAULO S.A.
306;3;0;0;SIM;NÃO;SIM;KINOPLEX DOM PEDRO;CAMPINAS;SP;EMPRESA CINEMAS SÃO LUIZ S/A
268;3;0;0;SIM;NÃO;SIM;CINE UNIPLEX CAMPOS;CAMPOS DOS GOYTACAZES;RJ;CINEMAS UNIPLEX LTDA
241;3;0;0;SIM;NÃO;SIM;CINEMA PÁTIO BRASIL;BRASÍLIA;DF;EMPRESA CINEMAS SÃO LUIZ S/A
224;3;0;0;NÃO;NÃO;SIM;CINE RITZ ITAÚNA;ITAÚNA;MG;AFA CINEMATOGRÁFICA LTDA
209;3;0;0;NÃO;NÃO;SIM;MULTIPLEX CAMPOS GOYTACAZES;CAMPOS DOS GOYTACAZES;RJ;MSA EMPRESA CINEMATOGRÁFICA LTDA
200;3;0;0;NÃO;NÃO;SIM;ARAÚJO MULTIPLEX VIA VERDE;RIO BRANCO;AC;EMPRESA CINEMATOGRÁFICA ARAÇATUBA LTDA
199;3;0;0;NÃO;NÃO;SIM;ARAÚJO MULTIPLEX VIA VERDE;RIO BRANCO;AC;EMPRESA CINEMATOGRÁFICA ARAÇATUBA LTDA
191;3;0;0;SIM;NÃO;SIM;CINESYSTEM IGUATEMI FLN;FLORIANÓPOLIS;SC;REDECINE BRA CINEMATOGRÁFICA S.A.
181;3;0;0;SIM;NÃO;SIM;CEU VILA DO SOL;SÃO PAULO;SP;EMPRESA DE CINEMA E AUDIOVISUAL DE SÃO PAULO S.A.
166;3;0;0;NÃO;NÃO;SIM;CINE RITZ ITAÚNA;ITAÚNA;MG;AFA CINEMATOGRÁFICA LTDA
160;3;0;0;SIM;NÃO;SIM;CINEMAIS ANÁPOLIS;ANÁPOLIS;GO;CINEMAIS CINEMAS LTDA
160;3;0;0;SIM;NÃO;SIM;CINEMAIS ITUIUTABA;ITUIUTABA;MG;CINEMAIS CINEMAS LTDA
159;3;0;0;SIM;SIM;NÃO;CINEFLIX - MONTES CLAROS;MONTES CLAROS;MG;MOVIESYSTEM CINEMATOGRAFICA LTDA
148;3;0;0;NÃO;NÃO;SIM;CINEMAIS ANÁPOLIS;ANÁPOLIS;GO;CINEMAIS CINEMAS LTDA
147;3;0;0;SIM;SIM;NÃO;CINEFLIX - MONTES CLAROS;MONTES CLAROS;MG;MOVIESYSTEM CINEMATOGRAFICA LTDA
147;3;0;0;SIM;NÃO;SIM;KINOPLEX VILA OLÍMPIA;SÃO PAULO;SP;EMPRESA CINEMAS SÃO LUIZ S/A
146;3;0;0;SIM;NÃO;SIM;CINESYSTEM LITORAL PLAZA;PRAIA GRANDE;SP;REDECINE BRA CINEMATOGRÁFICA S.A.
145;3;0;0;SIM;NÃO;SIM;CINESYSTEM LITORAL PLAZA;PRAIA GRANDE;SP;REDECINE BRA CINEMATOGRÁFICA S.A.
142;3;0;0;SIM;NÃO;SIM;AFA CINE UNIMED;CACHOEIRO DE ITAPEMIRIM;ES;VIA SUL CINEMATOGRÁFICA LTDA
136;3;0;0;SIM;NÃO;SIM;CINEMAIS GUARATINGUETÁ;GUARATINGUETÁ;SP;CINEMAIS CINEMAS LTDA
131;3;0;0;SIM;NÃO;SIM;CINESYSTEM SÃO LEOPOLDO;SÃO LEOPOLDO;RS;REDECINE BRA CINEMATOGRÁFICA S.A.
128;3;0;0;SIM;NÃO;SIM;KINOPLEX VILA OLÍMPIA;SÃO PAULO;SP;EMPRESA CINEMAS SÃO LUIZ S/A
126;3;0;0;NÃO;NÃO;SIM;ARAUJO MULTIPLEX PARQUE DAS BANDEIRAS SHOPPING;CAMPINAS;SP;MSA EMPRESA CINEMATOGRÁFICA LTDA
119;3;0;0;NÃO;NÃO;SIM;MULTIPLEX PANTANAL;CUIABÁ;MT;MSA EMPRESA CINEMATOGRÁFICA LTDA
99;3;0;0;SIM;SIM;NÃO;CM CINEMAS SBO;SANTA BÁRBARA D'OESTE;SP;RAYL EMPRESA CINEMATOGRAFICA LTDA
98;3;0;0;SIM;SIM;NÃO;CINEPOLIS PARQUE BAHIA;LAURO DE FREITAS;BA;CINEPOLIS OPERADORA DE CINEMAS DO BRASIL LTDA
94;3;0;0;SIM;NÃO;SIM;SOROCABA CIANE;SOROCABA;SP;MSA EMPRESA CINEMATOGRÁFICA LTDA
93;3;0;0;SIM;NÃO;SIM;MULTIPLEX DUQUE DE CAXIAS;DUQUE DE CAXIAS;RJ;MSA EMPRESA CINEMATOGRÁFICA LTDA
93;3;0;0;NÃO;NÃO;SIM;MARINGÁ AVENIDA;MARINGÁ;PR;MSA EMPRESA CINEMATOGRÁFICA LTDA
90;3;0;0;SIM;NÃO;SIM;CINÉPOLIS NATAL SHOPPING;NATAL;RN;CINEPOLIS OPERADORA DE CINEMAS DO BRASIL LTDA
83;3;0;0;SIM;NÃO;SIM;KINOPLEX DOM PEDRO;CAMPINAS;SP;EMPRESA CINEMAS SÃO LUIZ S/A
80;3;0;0;SIM;NÃO;SIM;CINEMAIS UBERABA;UBERABA;MG;CINEMAIS CINEMAS LTDA
78;3;0;0;SIM;NÃO;SIM;MULTIPLEX VIA NORTE MANAUS;MANAUS;AM;MSA EMPRESA CINEMATOGRÁFICA LTDA
74;3;0;0;SIM;NÃO;SIM;MULTIPLEX PATIO RORAIMA;BOA VISTA;RR;MSA EMPRESA CINEMATOGRÁFICA LTDA
70;3;0;0;SIM;NÃO;SIM;CINÉPOLIS JUNDIAI SHOPPING;JUNDIAÍ;SP;CINEPOLIS OPERADORA DE CINEMAS DO BRASIL LTDA
70;3;0;0;SIM;SIM;NÃO;CINEPOLIS PARQUE BAHIA;LAURO DE FREITAS;BA;CINEPOLIS OPERADORA DE CINEMAS DO BRASIL LTDA
70;3;0;0;SIM;SIM;SIM;KINOPLEX ITAIM;SÃO PAULO;SP;SR SÃO PAULO CINEMAS S/A
67;3;0;0;SIM;NÃO;SIM;CINÉPOLIS JUNDIAI SHOPPING;JUNDIAÍ;SP;CINEPOLIS OPERADORA DE CINEMAS DO BRASIL LTDA
64;3;0;0;NÃO;NÃO;NÃO;GRUPOCINE EUSÉBIO;EUSÉBIO;CE;EMPRESA CINEMATOGRAFICA BOMBOCINE LTDA
59;3;0;0;SIM;SIM;NÃO;CINEPOLIS BOURBON CARLOS GOMES;PORTO ALEGRE;RS;CINEPOLIS OPERADORA DE CINEMAS DO BRASIL LTDA
58;3;0;0;SIM;NÃO;SIM;CINÉPOLIS NATAL SHOPPING;NATAL;RN;CINEPOLIS OPERADORA DE CINEMAS DO BRASIL LTDA
54;3;0;0;SIM;NÃO;SIM;KINOPLEX DOM PEDRO;CAMPINAS;SP;EMPRESA CINEMAS SÃO LUIZ S/A
54;3;0;0;SIM;NÃO;SIM;KINOPLEX FASHION MALL;RIO DE JANEIRO;RJ;SR RIO DE JANEIRO CINEMAS S/A
521;2;0;0;SIM;NÃO;SIM;KINOPLEX DOM PEDRO;CAMPINAS;SP;EMPRESA CINEMAS SÃO LUIZ S/A
438;2;0;0;SIM;NÃO;SIM;CEU BUTANTÃ - PROFESSORA ELISABETH GASPAR TUNALA;SÃO PAULO;SP;EMPRESA DE CINEMA E AUDIOVISUAL DE SÃO PAULO S.A.
438;2;0;0;SIM;NÃO;SIM;CEU JAMBEIRO - JOSÉ GUILHERME GIANETTI;SÃO PAULO;SP;EMPRESA DE CINEMA E AUDIOVISUAL DE SÃO PAULO S.A.
378;2;0;0;NÃO;NÃO;SIM;ARAUJO MULTIPLEX PALLADIUM;PONTA GROSSA;PR;EMPRESA CINEMATOGRÁFICA ARAÇATUBA LTDA
369;2;0;0;NÃO;NÃO;SIM;ARAUJO MULTIPLEX PALLADIUM;PONTA GROSSA;PR;EMPRESA CINEMATOGRÁFICA ARAÇATUBA LTDA
288;2;0;0;NÃO;NÃO;SIM;ARAUJO MULTIPLEX PALLADIUM;PONTA GROSSA;PR;EMPRESA CINEMATOGRÁFICA ARAÇATUBA LTDA
277;2;0;0;NÃO;NÃO;SIM;ARAUJO MULTIPLEX PALLADIUM;PONTA GROSSA;PR;EMPRESA CINEMATOGRÁFICA ARAÇATUBA LTDA
251;2;0;0;SIM;NÃO;SIM;KINOPLEX DOM PEDRO;CAMPINAS;SP;EMPRESA CINEMAS SÃO LUIZ S/A
249;2;0;0;SIM;NÃO;SIM;KINOPLEX DOM PEDRO;CAMPINAS;SP;EMPRESA CINEMAS SÃO LUIZ S/A
238;2;0;0;SIM;NÃO;SIM;GALERIA OLIDO;SÃO PAULO;SP;EMPRESA DE CINEMA E AUDIOVISUAL DE SÃO PAULO S.A.
228;2;0;0;SIM;NÃO;SIM;M.M. CHAINÇA ITAPEVA;ITAPEVA;SP;CINEMAS UNIPLEX LTDA
228;2;0;0;SIM;NÃO;SIM;CINEMAIS MONTES CLAROS;MONTES CLAROS;MG;CINEMAIS CINEMAS LTDA
221;2;0;0;NÃO;NÃO;SIM;CINE GRACHER;BRUSQUE;SC;CINE GRACHER LTDA
220;2;0;0;NÃO;NÃO;NÃO;CINE VENEZA;PORTO VELHO;RO;LACERDA E RAMALHO LTDA
215;2;0;0;NÃO;NÃO;SIM;MOVIECOM FRANCA;FRANCA;SP;CINEMATOGRÁFICA PASSOS LTDA
213;2;0;0;SIM;NÃO;SIM;CINEMAIS MONTES CLAROS;MONTES CLAROS;MG;CINEMAIS CINEMAS LTDA
212;2;0;0;NÃO;NÃO;NÃO;CINE ALVORADA;CORONEL FABRICIANO;MG;DB BOTELHO CINEMAS LTDA
206;2;0;0;SIM;NÃO;SIM;CINE ITAÚNA;CARATINGA;MG;DB BOTELHO CINEMAS LTDA
199;2;0;0;SIM;NÃO;SIM;KINOPLEX DOM PEDRO;CAMPINAS;SP;EMPRESA CINEMAS SÃO LUIZ S/A
196;2;0;0;SIM;NÃO;SIM;CINESERCLA AVENIDA;FEIRA DE SANTANA;BA;LB CINEMAS LTDA
189;2;0;0;SIM;NÃO;SIM;MULTICINE SOBRAL;SOBRAL;CE;MULTICINE CINEMAS LTDA
188;2;0;0;SIM;NÃO;SIM;CINEMA PÁTIO BRASIL;BRASÍLIA;DF;EMPRESA CINEMAS SÃO LUIZ S/A
187;2;0;0;NÃO;NÃO;SIM;M. M. CHAINÇA PIRASSUNUNGA;PIRASSUNUNGA;SP;CINEMAS UNIPLEX LTDA
184;2;0;0;SIM;NÃO;SIM;CEU CAMINHO DO MAR - PROFESSORA DULCE SALLES CUNHA BRAGA;SÃO PAULO;SP;EMPRESA DE CINEMA E AUDIOVISUAL DE SÃO PAULO S.A.
184;2;0;0;SIM;NÃO;SIM;CEU FEITIÇO DA VILA - DEPUTADO PROF. JOSÉ FREITAS NOBRE;SÃO PAULO;SP;EMPRESA DE CINEMA E AUDIOVISUAL DE SÃO PAULO S.A.
182;2;0;0;NÃO;NÃO;NÃO;CINEX GURUPI;GURUPI;TO;NEO ENTRETENIMENTOS EMPRESARIAIS LTDA
174;2;0;0;SIM;NÃO;SIM;CINEMA PÁTIO BRASIL;BRASÍLIA;DF;EMPRESA CINEMAS SÃO LUIZ S/A
170;2;0;0;NÃO;NÃO;NÃO;MOVIECOM PRUDENSHOPPING;PRESIDENTE PRUDENTE;SP;CINEMATOGRÁFICA PASSOS LTDA
169;2;0;0;SIM;NÃO;SIM;MULTICINE MOSSORÓ;MOSSORÓ;RN;MULTICINE CINEMAS LTDA
167;2;0;0;SIM;SIM;NÃO;CINEX SÃO LUÍS;SÃO LUÍS;MA;NEO ENTRETENIMENTOS EMPRESARIAIS LTDA
166;2;0;0;SIM;SIM;NÃO;CINEX SÃO LUÍS;SÃO LUÍS;MA;NEO ENTRETENIMENTOS EMPRESARIAIS LTDA
164;2;0;0;SIM;NÃO;SIM;CINESERCLA AVENIDA;FEIRA DE SANTANA;BA;LB CINEMAS LTDA
164;2;0;0;NÃO;NÃO;NÃO;CINEX PALMAS;PALMAS;TO;NEO ENTRETENIMENTOS EMPRESARIAIS LTDA
163;2;0;0;NÃO;SIM;SIM;CINE GRACHER PORTO UNIÃO;PORTO UNIÃO;SC;CINE GRACHER LTDA
151;2;0;0;NÃO;NÃO;SIM;CINE GOLDEN;JEQUIÉ;BA;GF ANDRADE ENTRETENIMENTO E COMÉRCIO LTDA
150;2;0;0;SIM;NÃO;SIM;KINOPLEX DOM PEDRO;CAMPINAS;SP;EMPRESA CINEMAS SÃO LUIZ S/A
149;2;0;0;SIM;NÃO;SIM;CINEMAS COSTA DOURADA;CABO DE SANTO AGOSTINHO;PE;SHOPPING CENTER COSTA DOURADA S/A
148;2;0;0;SIM;NÃO;SIM;M.M. CHAINÇA ASSIS;ASSIS;SP;CINEMAS UNIPLEX LTDA
148;2;0;0;SIM;NÃO;SIM;MULTICINE SANTA MARIA;BRASÍLIA;DF;MULTICINE CINEMAS LTDA
148;2;0;0;SIM;SIM;NÃO;CINE UNIPLEX CRICIÚMA;CRICIÚMA;SC;CINEMAS UNIPLEX LTDA
148;2;0;0;NÃO;NÃO;SIM;CINE RITZ ITAÚNA;ITAÚNA;MG;AFA CINEMATOGRÁFICA LTDA
148;2;0;0;SIM;NÃO;SIM;M.M. CHAINÇA JABOTICABAL;JABOTICABAL;SP;CINEMAS UNIPLEX LTDA
146;2;0;0;SIM;SIM;NÃO;CINE UNIPLEX CRICIÚMA;CRICIÚMA;SC;CINEMAS UNIPLEX LTDA
146;2;0;0;SIM;NÃO;SIM;CINEMAIS MONTES CLAROS;MONTES CLAROS;MG;CINEMAIS CINEMAS LTDA
144;2;0;0;NÃO;NÃO;NÃO;CINEX PALMAS;PALMAS;TO;NEO ENTRETENIMENTOS EMPRESARIAIS LTDA
140;2;0;0;NÃO;NÃO;NÃO;CINEX GURUPI;GURUPI;TO;NEO ENTRETENIMENTOS EMPRESARIAIS LTDA
140;2;0;0;NÃO;NÃO;NÃO;CINEX PALMAS;PALMAS;TO;NEO ENTRETENIMENTOS EMPRESARIAIS LTDA
139;2;0;0;SIM;NÃO;SIM;CINEMAIS MONTES CLAROS;MONTES CLAROS;MG;CINEMAIS CINEMAS LTDA
135;2;0;0;SIM;NÃO;SIM;CINE LAGUNA;ALAGOINHAS;BA;VICTORY EVENTOS & TURISMO LTDA
135;2;0;0;NÃO;NÃO;SIM;MOVIECOM FRANCA;FRANCA;SP;CINEMATOGRÁFICA PASSOS LTDA
131;2;0;0;SIM;NÃO;NÃO;CENTERPLEX ITAPEVI CENTER;ITAPEVI;SP;CINE ELI SP CINEMAS LTDA
129;2;0;0;SIM;NÃO;NÃO;CENTERPLEX ITAPEVI CENTER;ITAPEVI;SP;CINE ELI SP CINEMAS LTDA
127;2;0;0;NÃO;NÃO;SIM;CINE GOLDEN;JEQUIÉ;BA;GF ANDRADE ENTRETENIMENTO E COMÉRCIO LTDA
125;2;0;0;SIM;NÃO;SIM;CINEMAIS ARAXÁ;ARAXÁ;MG;CINEMAIS CINEMAS LTDA
124;2;0;0;SIM;SIM;NÃO;CINEFLIX - CURITIBA;CURITIBA;PR;MOVIESYSTEM CINEMATOGRAFICA LTDA
122;2;0;0;SIM;NÃO;NÃO;CENTERPLEX ITAPEVI CENTER;ITAPEVI;SP;CINE ELI SP CINEMAS LTDA
120;2;0;0;SIM;NÃO;SIM;CINE LAGUNA;ALAGOINHAS;BA;VICTORY EVENTOS & TURISMO LTDA
117;2;0;0;SIM;SIM;NÃO;CINEX SÃO LUÍS;SÃO LUÍS;MA;NEO ENTRETENIMENTOS EMPRESARIAIS LTDA
114;2;0;0;NÃO;NÃO;NÃO;CINEX GURUPI;GURUPI;TO;NEO ENTRETENIMENTOS EMPRESARIAIS LTDA
112;2;0;0;SIM;NÃO;SIM;CINEMA RENATO ARAGÃO;SOBRAL;CE;J B PINHEIRO ALVES JUNIOR - ME
111;2;0;0;NÃO;SIM;SIM;CINE GLAUBER ROCHA;SALVADOR;BA;ESPAÇO CULTURAL DE CINEMA DE SALVADOR LTDA
107;2;0;0;NÃO;NÃO;SIM;MARINGA CATUAI;MARINGÁ;PR;MSA EMPRESA CINEMATOGRÁFICA LTDA
102;2;0;0;SIM;NÃO;SIM;CINE ITAGUARI;SANTO ANTÔNIO DE JESUS;BA;GF ANDRADE ENTRETENIMENTO E COMÉRCIO LTDA
100;2;0;0;SIM;SIM;NÃO;CENTRO DA TERRA;SÃO PAULO;SP;KOMPANHIA TEATRO MULTIMÍDIA DE SÃO PAULO
98;2;0;0;SIM;NÃO;SIM;ARAUJO MULTIPLEX SHOPPING PIRACICABA;PIRACICABA;SP;MSA EMPRESA CINEMATOGRÁFICA LTDA
96;2;0;0;SIM;NÃO;SIM;CINE ITAGUARI;SANTO ANTÔNIO DE JESUS;BA;GF ANDRADE ENTRETENIMENTO E COMÉRCIO LTDA
94;2;0;0;SIM;SIM;NÃO;UCI ORIENT DELUX SHOPPING DA BAHIA;SALVADOR;BA;UCI-ORIENT LTDA
92;2;0;0;SIM;SIM;NÃO;UCI ORIENT DELUX SHOPPING DA BAHIA;SALVADOR;BA;UCI-ORIENT LTDA
86;2;0;0;NÃO;NÃO;SIM;MULTIPLEX PANTANAL;CUIABÁ;MT;MSA EMPRESA CINEMATOGRÁFICA LTDA
84;2;0;0;NÃO;SIM;NÃO;CINE OSCAR NIEMEYER;GOIÂNIA;GO;SG SERVICOS INTELIGENTES LTDA
80;2;0;0;SIM;NÃO;SIM;KINOPLEX VILA OLÍMPIA;SÃO PAULO;SP;EMPRESA CINEMAS SÃO LUIZ S/A
80;2;0;0;SIM;SIM;NÃO;CINEFLIX - CATARINA;SÃO ROQUE;SP;REDECINE CATARINA CINEMATOGRAFICA LTDA
76;2;0;0;SIM;SIM;NÃO;CINEFLIX - POÇOS DE CALDAS;POÇOS DE CALDAS;MG;MOVIESYSTEM CINEMATOGRAFICA LTDA
71;2;0;0;SIM;SIM;NÃO;CINEFLIX NATAL;NATAL;RN;MOVIESYSTEM CINEMATOGRAFICA LTDA
69;2;0;0;SIM;SIM;NÃO;CINEFLIX - CASCAVEL;CASCAVEL;PR;MOVIESYSTEM CINEMATOGRAFICA LTDA
68;2;0;0;SIM;SIM;NÃO;CINEFLIX - CASCAVEL;CASCAVEL;PR;MOVIESYSTEM CINEMATOGRAFICA LTDA
68;2;0;0;SIM;NÃO;SIM;BIBLIOTECA ROBERTO SANTOS;SÃO PAULO;SP;EMPRESA DE CINEMA E AUDIOVISUAL DE SÃO PAULO S.A.
67;2;0;0;SIM;SIM;NÃO;KINOPLEX LEBLON GLOBOPLAY;RIO DE JANEIRO;RJ;EMPRESA CINEMAS SÃO LUIZ S/A
67;2;0;0;SIM;SIM;SIM;KINOPLEX ITAIM;SÃO PAULO;SP;SR SÃO PAULO CINEMAS S/A
66;2;0;0;SIM;SIM;NÃO;CINEMAIS GOIANIA BOUGAINVILLE;GOIÂNIA;GO;CINEMAIS CINEMAS LTDA
62;2;0;0;SIM;SIM;SIM;KINOPLEX ITAIM;SÃO PAULO;SP;SR SÃO PAULO CINEMAS S/A
61;2;0;0;SIM;SIM;SIM;KINOPLEX ITAIM;SÃO PAULO;SP;SR SÃO PAULO CINEMAS S/A
58;2;0;0;SIM;SIM;NÃO;CINEFLIX - TAQUARA;RIO DE JANEIRO;RJ;MOVIESYSTEM CINEMATOGRAFICA LTDA
57;2;0;0;SIM;NÃO;SIM;CINESYSTEM MACEIO;MACEIÓ;AL;REDECINE BRA CINEMATOGRÁFICA S.A.
50;2;0;0;SIM;SIM;NÃO;CINEMAIS GOIANIA BOUGAINVILLE;GOIÂNIA;GO;CINEMAIS CINEMAS LTDA
50;2;0;0;SIM;SIM;NÃO;CINEFLIX - TAQUARA;RIO DE JANEIRO;RJ;MOVIESYSTEM CINEMATOGRAFICA LTDA
49;2;0;0;SIM;SIM;NÃO;CINEFLIX CUIABÁ;CUIABÁ;MT;MOVIESYSTEM CINEMATOGRAFICA LTDA
47;2;0;0;NÃO;SIM;NÃO;CINETEATRO SÃO LUIZ;FORTALEZA;CE;INSTITUTO DRAGAO DO MAR
44;2;0;0;SIM;SIM;NÃO;KINOPLEX LEBLON GLOBOPLAY;RIO DE JANEIRO;RJ;EMPRESA CINEMAS SÃO LUIZ S/A
42;2;0;0;SIM;SIM;NÃO;CINEFLIX CUIABÁ;CUIABÁ;MT;MOVIESYSTEM CINEMATOGRAFICA LTDA
41;2;0;0;SIM;NÃO;SIM;CINEPOLIS JARDIM PAMPLONA;SÃO PAULO;SP;CINEPOLIS OPERADORA DE CINEMAS DO BRASIL LTDA
40;2;0;0;NÃO;NÃO;SIM;CINE A SAO LOURENÇO;SÃO LOURENÇO;MG;CINE A LTDA
14;2;0;0;SIM;SIM;NÃO;CINEFLIX - CURITIBA;CURITIBA;PR;MOVIESYSTEM CINEMATOGRAFICA LTDA
189;1;0;0;NÃO;NÃO;SIM;MOVIECOM PRUDENSHOPPING;PRESIDENTE PRUDENTE;SP;CINEMATOGRÁFICA PASSOS LTDA
177;1;0;0;SIM;NÃO;SIM;CINE A RIO VERDE;RIO VERDE;GO;CINE A LTDA
140;1;0;0;SIM;NÃO;SIM;CINE A RIO VERDE;RIO VERDE;GO;CINE A LTDA
133;1;0;0;SIM;NÃO;SIM;CINE A RIO VERDE;RIO VERDE;GO;CINE A LTDA
125;1;0;0;SIM;NÃO;SIM;SALADEARTE CINEMA DO MUSEU;SALVADOR;BA;CINEMA E ARTE PRODUÇÕES LTDA
116;1;0;0;NÃO;NÃO;SIM;CINE GRACHER;BRUSQUE;SC;CINE GRACHER LTDA
115;1;0;0;NÃO;NÃO;SIM;MOVIECOM PRUDENSHOPPING;PRESIDENTE PRUDENTE;SP;CINEMATOGRÁFICA PASSOS LTDA
97;1;0;0;SIM;NÃO;SIM;CINEMA RENATO ARAGÃO;SOBRAL;CE;J B PINHEIRO ALVES JUNIOR - ME
95;1;0;0;SIM;NÃO;SIM;CINEMA RENATO ARAGÃO;SOBRAL;CE;J B PINHEIRO ALVES JUNIOR - ME
92;1;0;0;NÃO;NÃO;SIM;CINE GRACHER;BRUSQUE;SC;CINE GRACHER LTDA
85;1;0;0;NÃO;NÃO;NÃO;CINE LOCANDA LTDA;PETRÓPOLIS;RJ;CINE LOCANDA LTDA
56;1;0;0;SIM;NÃO;SIM;CENTERPLEX GRANDE CIRCULAR;MANAUS;AM;CINE ELI AMAZONAS CINEMAS LTDA - EM RECUPERAÇÃO JUDICIAL
43;1;0;0;SIM;SIM;NÃO;CINE UNIPLEX CAMPINAS UNIMART;CAMPINAS;SP;CINEMAS UNIPLEX LTDA
293;0;0;0;SIM;NÃO;SIM;M.M. CHAINÇA LINS;LINS;SP;CINEMAS UNIPLEX LTDA
270;0;0;0;SIM;SIM;NÃO;GRUPOCINE CHAPECÓ;CHAPECÓ;SC;EMPRESA CINEMATOGRAFICA BOMBOCINE LTDA
240;0;0;0;SIM;NÃO;SIM;CINE METRÓPOLIS;VITÓRIA;ES;UNIVERSIDADE FEDERAL DO ESPÍRITO SANTO
237;0;0;0;SIM;SIM;NÃO;GRUPOCINE CHAPECÓ;CHAPECÓ;SC;EMPRESA CINEMATOGRAFICA BOMBOCINE LTDA
215;0;0;0;SIM;SIM;NÃO;GRUPOCINE CHAPECÓ;CHAPECÓ;SC;EMPRESA CINEMATOGRAFICA BOMBOCINE LTDA
209;0;0;0;SIM;NÃO;SIM;MULTICINE MOSSORÓ;MOSSORÓ;RN;MULTICINE CINEMAS LTDA
209;0;0;0;SIM;NÃO;NÃO;MULTICINE ÁGUAS LINDAS;ÁGUAS LINDAS DE GOIÁS;GO;MULTICINE CINEMAS LTDA
187;0;0;0;SIM;NÃO;SIM;MULTICINE JATAÍ;JATAÍ;GO;MULTICINE CINEMAS LTDA
171;0;0;0;SIM;NÃO;SIM;MULTICINE MOSSORÓ;MOSSORÓ;RN;MULTICINE CINEMAS LTDA
170;0;0;0;SIM;NÃO;SIM;MULTICINE PARNAÍBA;PARNAÍBA;PI;MULTICINE CINEMAS LTDA
165;0;0;0;SIM;NÃO;SIM;MULTICINE JATAÍ;JATAÍ;GO;MULTICINE CINEMAS LTDA
161;0;0;0;SIM;NÃO;SIM;MULTICINE MOSSORÓ;MOSSORÓ;RN;MULTICINE CINEMAS LTDA
159;0;0;0;SIM;NÃO;SIM;MULTICINE PARNAÍBA;PARNAÍBA;PI;MULTICINE CINEMAS LTDA
148;0;0;0;SIM;NÃO;SIM;MULTICINE SANTA MARIA;BRASÍLIA;DF;MULTICINE CINEMAS LTDA
125;0;0;0;SIM;NÃO;SIM;MULTICINE PARNAÍBA;PARNAÍBA;PI;MULTICINE CINEMAS LTDA
124;0;0;0;SIM;NÃO;SIM;MULTICINE SANTA MARIA;BRASÍLIA;DF;MULTICINE CINEMAS LTDA
116;0;0;0;SIM;NÃO;SIM;MULTICINE PARNAÍBA;PARNAÍBA;PI;MULTICINE CINEMAS LTDA
112;0;0;0;SIM;NÃO;SIM;MULTICINE SANTA MARIA;BRASÍLIA;DF;MULTICINE CINEMAS LTDA
108;0;0;0;NÃO;NÃO;SIM;MOVIECOM PRUDENSHOPPING;PRESIDENTE PRUDENTE;SP;CINEMATOGRÁFICA PASSOS LTDA
79;0;0;0;SIM;NÃO;SIM;SÃO JRP VIP;SÃO JOSÉ DO RIO PRETO;SP;MSA EMPRESA CINEMATOGRÁFICA LTDA
75;0;0;0;SIM;NÃO;SIM;SÃO JRP VIP;SÃO JOSÉ DO RIO PRETO;SP;MSA EMPRESA CINEMATOGRÁFICA LTDA
6;0;0;0;NÃO;NÃO;NÃO;NOCK'S ARTES;CATAGUASES;MG;51.673.017 PEDRO HENRIQUE CHAVES DONATO ROCHA
3;0;0;0;SIM;NÃO;SIM;CINESYSTEM IGUATEMI FLN;FLORIANÓPOLIS;SC;REDECINE BRA CINEMATOGRÁFICA S.A.
